time_s,along_slope_displacement_m,x,y,z,qw,qx,qy,qz,contacts
0.0,0.0,0.017135209180616003,0.0,0.047078600301374014,0.984807753012208,0.0,0.17364817766693033,0.0,0
0.001,3.355217749541496e-06,0.017135209180616003,0.0,0.0470687903009544,0.984807753012208,0.0,0.17364817766693033,0.0,0
0.002,1.0065653248626861e-05,0.017135209180616003,0.0,0.04704917030011516,0.984807753012208,0.0,0.17364817766693033,0.0,0
0.003,2.0131306497253722e-05,0.017135209180616003,0.0,0.04701974029885631,0.984807753012208,0.0,0.17364817766693033,0.0,0
0.004,3.355217749542208e-05,0.017135209180616003,0.0,0.046980500297177846,0.984807753012208,0.0,0.17364817766693033,0.0,0
0.005,5.032826624313193e-05,0.017135209180616003,0.0,0.046931450295079766,0.984807753012208,0.0,0.17364817766693033,0.0,4
0.006,6.832823386568487e-05,0.017138066115859277,1.561810814574341e-23,0.04688667127561189,0.9848077270913866,7.2813915867863e-19,0.17364832467115002,-6.25664908323429e-20,4
0.007,8.760935061836898e-05,0.017143703218914497,2.02506983299095e-21,0.04684578487496569,0.9848076788531149,1.4077711139257368e-18,0.17364859824352202,-1.0349392956153491e-19,4
0.008,0.0001082245131592275,0.0171520495849019,2.9764306030610274e-21,0.046808441624103546,0.9848076115852616,1.9613586856151542e-18,0.17364897973709015,-1.4294832706996484e-19,4
0.009000000000000001,0.00013022262859763037,0.01716303965669866,4.110314420096924e-21,0.04677431841148923,0.9848075282634732,2.4201914325968203e-18,0.17364945227552075,-1.691177902405266e-19,4
0.010000000000000002,0.0001536489553313098,0.01717661276806673,5.1454055038920855e-21,0.04674311623130115,0.9848074315613802,2.796315966674781e-18,0.17365000069529865,-1.895407489864576e-19,4
0.011000000000000003,0.00017854540636568265,0.017192712737071007,6.3481538405817095e-21,0.04671455817951158,0.9848073238653735,3.1184121438760047e-18,0.17365061146198427,-2.0417775888288726e-19,4
0.012000000000000004,0.00020495082010605473,0.017211287503098225,7.721917974152961e-21,0.04668838766486079,0.984807207292208,3.390537868850745e-18,0.17365127257040663,-2.1570822550591652e-19,4
0.013000000000000005,0.00023290120295667077,0.01723228880166707,9.29403867054118e-21,0.046664366806093045,0.9848070837081642,3.635082329853489e-18,0.1736519734360099,-2.2509752753636e-19,4
0.014000000000000005,0.00026242994746649177,0.01725567187201655,1.1091559514635718e-20,0.04664227499074665,0.9848069547488477,3.8945443270377555e-18,0.17365270478256506,-2.361588886200149e-19,4
0.015000000000000006,0.0002935680292343639,0.017281395193166075,1.3144869770402003e-20,0.04662190757427281,0.9848068218389767,4.085223283762555e-18,0.17365345852995195,-2.413659157825569e-19,4
0.016000000000000007,0.00032634418532472714,0.017309420244759663,1.538788276717713e-20,0.046603074701307805,0.9848066862116993,4.271058295224655e-18,0.1736542276845899,-2.485330329258276e-19,4
0.017000000000000008,0.00036078507654437465,0.017339711289543397,1.787423730513038e-20,0.04658560023356926,0.9848065489271381,4.423979422060197e-18,0.1736550062342575,-2.530108855519204e-19,4
0.01800000000000001,0.00039691543558550936,0.017372235174788326,2.0572492589232727e-20,0.04656932077112869,0.9848064108899622,4.56403214924382e-18,0.1736557890484232,-2.5743757933693817e-19,4
0.01900000000000001,0.00043475820274408035,0.01740696115036796,2.3488742587520183e-20,0.04655408475576969,0.9848062728658699,4.694385451043742e-18,0.17365657178475385,-2.6105670156511353e-19,4
0.02000000000000001,0.00047433465066932135,0.017443860701538805,2.661977999004241e-20,0.046539751646812955,0.9848061354969224,4.798030109033582e-18,0.1736573508021383,-2.6373749969629147e-19,4
0.02100000000000001,0.0005156644993849146,0.01748290739476121,2.994062919008993e-20,0.046526191161213155,0.9848059993157121,4.855768469686392e-18,0.17365812308032463,-2.6308351935801663e-19,4
0.022000000000000013,0.000558766022639353,0.01752407673514291,3.345338362413013e-20,0.046513282570940666,0.9848058647583768,4.9281811280139585e-18,0.17365888614610306,-2.645492451773042e-19,4
0.023000000000000013,0.0006036561464882767,0.0175673460342952,3.717284154003753e-20,0.046500914051683856,0.9848057321764926,4.999585225770549e-18,0.17365963800584738,-2.6691229124702425e-19,4
0.024000000000000014,0.0006503505408808796,0.01761269428756665,4.107896107907542e-20,0.04648898207777083,0.9848056018478926,5.05710114164205e-18,0.17366037708415172,-2.6799534068127884e-19,4
0.025000000000000015,0.0006988637049125901,0.017660102059766914,4.5149588412719986e-20,0.04647739085893596,0.9848054739864667,5.066899533894768e-18,0.17366110216824715,-2.64032910674012e-19,4
0.026000000000000016,0.0007492090463137593,0.017709551378616774,4.938069548573767e-20,0.04646605181516691,0.9848053487510032,5.028440989088602e-18,0.17366181235785427,-2.550476640013717e-19,4
0.027000000000000017,0.0008013989556667374,0.017761025635264483,5.377658995023175e-20,0.04645488308637935,0.9848052262531353,5.032681786221035e-18,0.17366250702011296,-2.5081822288462277e-19,4
0.028000000000000018,0.000855444875778925,0.017814509491295236,5.833311191904207e-20,0.04644380907409433,0.984805106564456,5.01600379441785e-18,0.1736631857492268,-2.4662904856384754e-19,4
0.02900000000000002,0.0009113573665853281,0.017869988791733096,6.30359577207217e-20,0.04643276001265065,0.9848049897228656,5.01034060988538e-18,0.17366384833046417,-2.4361622718708167e-19,4
0.03000000000000002,0.0009691461659089501,0.017927450483595224,6.787064381838355e-20,0.04642167156778296,0.9848048757382126,4.986934982831664e-18,0.17366449470816775,-2.3800899750977556e-19,4
0.03100000000000002,0.0010288202463697553,0.017986882539608777,7.28385519239413e-20,0.04641048446064497,0.9848047645972867,4.99094485088022e-18,0.173665124957437,-2.333127817302169e-19,4
0.03200000000000002,0.0010903878687013946,0.018048273886742898,7.79196894780404e-20,0.04639914411556504,0.9848046562682202,4.966907293889258e-18,0.17366573925916517,-2.262327549920736e-19,4
0.03300000000000002,0.00115385663170875,0.01811161433924359,8.310040657742974e-20,0.046387600329994914,0.9848045507043514,4.9112735844929295e-18,0.17366633787812863,-2.1707813357445415e-19,4
0.03400000000000002,0.0012192335190771646,0.018176894535888655,8.839981994325431e-20,0.04637580696525805,0.9848044478476004,4.817878199374813e-18,0.17366692114384522,-2.0559455963984862e-19,4
0.035000000000000024,0.0012865249432257985,0.01824410588120484,9.380182067437209e-20,0.046363721656826416,0.9848043476314029,4.7433011127661044e-18,0.17366748943393678,-1.9525277744595486e-19,4
0.036000000000000025,0.0013557367863818066,0.018313240490410287,9.929745068816137e-20,0.04635130554295827,0.9848042499832457,4.6842056612733866e-18,0.17366804315974912,-1.865024555780567e-19,4
0.037000000000000026,0.0014268744390387104,0.01838429113786337,1.0487763264810483e-19,0.04633852301061772,0.9848041548268449,4.5826373227373054e-18,0.1736685827540007,-1.7419594670047113e-19,4
0.03800000000000003,0.0014999428359507995,0.018457251208814265,1.105319238422596e-19,0.046325341457672684,0.9848040620840037,4.4719968622205954e-18,0.1736691086602493,-1.599200920511829e-19,4
0.03900000000000003,0.001574946489805528,0.01853211465426908,1.1625749360190384e-19,0.04631173107043359,0.9848039716761833,4.381912417501575e-18,0.17366962132398187,-1.4679793016786882e-19,4
0.04000000000000003,0.0016518895227070757,0.018608875948787983,1.2204822971464763e-19,0.04629766461565295,0.9848038835258194,4.301718887566865e-18,0.1736701211851499,-1.348266017249645e-19,4
0.04100000000000003,0.0017307756955965252,0.018687530051049173,1.2791050237866343e-19,0.046283117246156844,0.9848037975574129,4.242750022469647e-18,0.17367060867198653,-1.258720599404831e-19,4
0.04200000000000003,0.001811608435727186,0.01876807236701982,1.3381562889983588e-19,0.046268066319325514,0.9848037136984207,4.2153928509960405e-18,0.17367108419595684,-1.2010951119211082e-19,4
0.04300000000000003,0.001894390862307231,0.01885049871558361,1.3978431618235634e-19,0.04625249122768171,0.9848036318799698,4.183346125154657e-18,0.17367154814770602,-1.1427780432455148e-19,4
0.04400000000000003,0.0019791258104160645,0.018934805296482223,1.4579959225064065e-19,0.04623637324088387,0.9848035520374179,4.208988768629169e-18,0.17367200089388238,-1.149608366772976e-19,4
0.04500000000000003,0.0020658158532954702,0.019020988660435386,1.5185562734925248e-19,0.04621969535845669,0.9848034741107792,4.1993263724087434e-18,0.17367244277472405,-1.1347064707175767e-19,4
0.046000000000000034,0.0021544633231114912,0.01910904568131077,1.5796279649973212e-19,0.04620244217262485,0.9848033980450328,4.174954292573236e-18,0.17367287410230922,-1.0967544556710767e-19,4
0.047000000000000035,0.002245070330278319,0.01919897353022145,1.6411774906346724e-19,0.04618459974064709,0.9848033237903308,4.111605658227359e-18,0.17367329515937968,-1.021950317101543e-19,4
0.048000000000000036,0.002337638781430897,0.01929076965143467,1.703233994813938e-19,0.04616615546607774,0.9848032513021181,4.126966910449036e-18,0.1736737061986565,-1.0104036826622608e-19,4
0.04900000000000004,0.002432170396128697,0.01938443173998142,1.7657023278745294e-19,0.04614709798841095,0.9848031805411803,4.122813562225302e-18,0.17367410744257578,-9.916498179074581e-20,4
0.05000000000000004,0.002528666722368922,0.01947995772086189,1.8285352530089601e-19,0.04612741708059055,0.9848031114736271,4.096052110985517e-18,0.17367449908337979,-9.466849586411346e-20,0
0.05100000000000004,0.0026285182663586875,0.01957548370174236,1.891368178143391e-19,0.04609792617235054,0.9848030424059181,4.06929065984906e-18,0.17367489072415634,-9.017200995580268e-20,0
0.05200000000000004,0.002731725028097997,0.01967100968262283,1.9542011032778216e-19,0.04605862526369091,0.9848029733380533,4.0425292088159355e-18,0.17367528236490543,-8.567552406581422e-20,0
0.05300000000000004,0.0028382870075868484,0.0197665356635033,2.0170340284122524e-19,0.04600951435461166,0.9848029042700328,4.015767757886147e-18,0.17367567400562706,-8.117903819414884e-20,2
0.05400000000000004,0.002947588621011265,0.019862886798522432,2.080231942062345e-19,0.04595466038414032,0.9848107454357983,4.478476645979217e-18,0.17363120593426593,-1.1605615902203123e-19,4
0.05500000000000004,0.0030583241250797606,0.0199618133602776,2.1374982746379792e-19,0.04590268992469718,0.9848177383496196,4.874596683618503e-18,0.17359153848025047,-1.4815215006853136e-19,4
0.05600000000000004,0.0031705390580415507,0.020063254307406197,2.1959996601848017e-19,0.0458533021215834,0.9848239547204022,5.2394735302130194e-18,0.17355626813476752,-1.7622615229228492e-19,4
0.057000000000000044,0.0032842754307634368,0.020167153326795653,2.2551621028849145e-19,0.04580621942423657,0.9848294605172626,5.591786782122575e-18,0.1735250232596948,-2.0418079516062234e-19,4
0.058000000000000045,0.003399572002906627,0.020273458463384565,2.315276350749635e-19,0.045761185761630664,0.9848343164808747,5.946035400150106e-18,0.17349746131182595,-2.315506240888905e-19,4
0.059000000000000045,0.0035164645334842337,0.02038212178430498,2.376314123542853e-19,0.04571796488693346,0.9848385785745541,6.265803507124643e-18,0.17347326638779761,-2.549812981288658e-19,4
0.060000000000000046,0.003634986009002013,0.020493099073073093,2.4383910787204847e-19,0.045676338870263435,0.9848422983839621,6.589683770027257e-18,0.17345214704290968,-2.7693976598933704e-19,4
0.06100000000000005,0.003755166851906062,0.020606349550177264,2.5016427856455776e-19,0.04563610672155144,0.9848455234730402,6.917234904265648e-18,0.17343383434357204,-2.9818156107277236e-19,4
0.06200000000000005,0.0038770351116498786,0.020721835616963804,2.565960149300583e-19,0.045597083128229896,0.9848482977026448,7.210974368394832e-18,0.17341808011912416,-3.159512196912492e-19,4
0.06300000000000004,0.00400061664034325,0.020839522620189888,2.6312784395669552e-19,0.04555909729478429,0.984850661517323,7.40138563503589e-18,0.1734046553841374,-3.255067903641961e-19,4
0.06400000000000004,0.004125935254649871,0.020959378635009258,2.6976322680334886e-19,0.04552199187315428,0.9848526522047936,7.643930747156814e-18,0.17339334890699887,-3.400981992394945e-19,4
0.06500000000000004,0.004253012885352392,0.02108137426448903,2.7651761220940947e-19,0.045485621974611784,0.9848543041319306,7.892287246890003e-18,0.17338396590461005,-3.555801331925244e-19,2
0.06600000000000004,0.004383001632910699,0.021203965185271373,2.8334674461652643e-19,0.04544237608920875,0.9848493352364756,7.875206685761693e-18,0.1734121878192893,-3.4951016785286996e-19,2
0.06700000000000005,0.00451590841031876,0.02132714213089175,2.90218141201578e-19,0.04539220854530094,0.9848378452420222,7.857777462027982e-18,0.1734774295954688,-3.4383534629973955e-19,4
0.06800000000000005,0.004650390973674325,0.02145270430088381,2.970939763097137e-19,0.04534398706160764,0.9848274501025921,9.197790992576305e-18,0.17353643284459508,-4.519183566811542e-19,4
0.06900000000000005,0.004786484342681247,0.02158060475338048,3.042717948053003e-19,0.04529748027564481,0.9848180629647154,1.033230109687683e-17,0.1735896968671408,-5.452438277071558e-19,4
0.07000000000000005,0.004924220835642236,0.021710800167585094,3.115853712323853e-19,0.045252474672106156,0.9848096033927991,1.1360217976986651e-17,0.17363768331015536,-6.29236127226212e-19,4
0.07100000000000005,0.0050636302713757755,0.02184325057311357,3.19072032049398e-19,0.04520877324887127,0.9848019968686852,1.2341705828799794e-17,0.173680819215739,-7.07935952035906e-19,4
0.07200000000000005,0.0052047401538970394,0.021977919102440416,3.2674463830745373e-19,0.04516619429688578,0.9847951743445469,1.3271552823841637e-17,0.1737194997336035,-7.810381175216308e-19,4
0.07300000000000005,0.00534757584194569,0.022114771763656647,3.3463394701962373e-19,0.04512457028015268,0.9847890718408774,1.395709504968685e-17,0.17375409054978616,-8.322684576232788e-19,4
0.07400000000000005,0.005492160705115376,0.022253777231187277,3.4273441745514017e-19,0.04508374680424131,0.9847836300827154,1.4438284845353712e-17,0.17378493007481866,-8.70179341991895e-19,2
0.07500000000000005,0.0056395367669814225,0.022393538733307263,3.509155180124116e-19,0.04503683959726238,0.9847854400087347,1.5111749641579713e-17,0.17377467349071024,-9.239734272831431e-19,2
0.07600000000000005,0.005789714021622462,0.02253404287353808,3.591847084721443e-19,0.04498378263196255,0.9847943719459421,1.5708876593920095e-17,0.17372404837441904,-9.7010684012024e-19,4
0.07700000000000005,0.005941485207378696,0.022676907915603377,3.67099017087301e-19,0.04493255184833435,0.9848023841799732,1.77719158356509e-17,0.17367862307561197,-1.1331492923280689e-18,4
0.07800000000000006,0.006094885171595155,0.022822087148673016,3.7536322389624735e-19,0.044882917022605974,0.9848095533807083,1.9589297078591082e-17,0.17363796696025316,-1.2748920370772007e-18,4
0.07900000000000006,0.006249945976294955,0.022969537595478155,3.839484546226603e-19,0.044834666332617484,0.9848159502399392,2.120376039475171e-17,0.17360168246018157,-1.400637413294148e-18,4
0.08000000000000006,0.00640669710945313,0.023119219729111014,3.9287039786201383e-19,0.04478760496201113,0.9848216399589854,2.261548775431398e-17,0.1735694024547372,-1.5107512206924542e-18,2
0.08100000000000006,0.006566326097765116,0.023269541739414715,4.0196298470880035e-19,0.04473388735254741,0.9848202040206826,2.421897152652428e-17,0.17357754967927458,-1.638495111737716e-18,2
0.08200000000000006,0.006728842861221913,0.023420490329220865,4.111494268654584e-19,0.044673447966443076,0.9848117894848762,2.555705963916434e-17,0.17362528413683231,-1.7457754651438385e-18,4
0.08300000000000006,0.006892880143023985,0.02357389822639061,4.208283449309705e-19,0.04461531977355928,0.9848042160389708,2.72491901807258e-17,0.17366823564448422,-1.8789200987401487e-18,4
0.08400000000000006,0.007058478765512518,0.02372971071096054,4.3100972280749363e-19,0.04455923307549137,0.9847974157685815,2.871691785284608e-17,0.17370679288825666,-1.9932091182197947e-18,4
0.08500000000000006,0.007225676366982415,0.02388787733099527,4.416777417034135e-19,0.04450493920967385,0.9847913258148964,2.987607141220361e-17,0.17374131517787766,-2.0810069652676642e-18,2
0.08600000000000006,0.007395616711292965,0.024046864937863018,4.52500684688195e-19,0.04444488174305569,0.9847931088371376,3.07364586229585e-17,0.17373120844248338,-2.1437143455071244e-18,2
0.08700000000000006,0.007568314106517409,0.024206654352427515,4.634871186427946e-19,0.04437896614738559,0.9848025797037495,3.140563600965933e-17,0.17367751440195092,-2.1895210504263486e-18,4
0.08800000000000006,0.007742473842589378,0.024368981057892466,4.741458510400964e-19,0.04431574610256654,0.984811052566141,3.386219644459511e-17,0.17362946392697648,-2.381388426037199e-18,4
0.08900000000000007,0.007918142596404974,0.02453378248660563,4.854720017102558e-19,0.04425491323127262,0.9848186113312568,3.6045613629370505e-17,0.1735865858169197,-2.550846677744536e-18,4
0.09000000000000007,0.008095363333065268,0.02470100104635915,4.974132962946332e-19,0.04419618367866162,0.9848253332936034,3.7918729109539076e-17,0.17354844540687464,-2.6935550355026377e-18,4
0.09100000000000007,0.008274175588822997,0.02487058374111604,5.099747758300137e-19,0.04413929624304891,0.9848312896991817,3.954047174256075e-17,0.17351464154199445,-2.8194505511240062e-18,2
0.09200000000000007,0.00845583870757297,0.025040842493959405,5.228276288905396e-19,0.04407593089600204,0.9848297202655478,4.090090134985405e-17,0.1735235490695231,-2.9262795921923917e-18,2
0.09300000000000007,0.008640365201939799,0.025211760532446954,5.358544709041361e-19,0.04400600497114765,0.9848208105469565,4.197290027353025e-17,0.17357410841953394,-3.0118391950626127e-18,4
0.09400000000000007,0.008826326375744847,0.02538525294033809,5.498447957824529e-19,0.043938957346044666,0.9848127697398388,4.3281746592429263e-17,0.17361972398707443,-3.1174214392007844e-18,4
0.09500000000000007,0.009013771289991977,0.02556125395422339,5.645848179489916e-19,0.0438744638924317,0.9848055284000924,4.4389476253418474e-17,0.1736607935966418,-3.204226735457905e-18,4
0.09600000000000007,0.009202745165951775,0.02573970295763158,5.800572142798176e-19,0.04381222584977275,0.9847990222403992,4.527579021628946e-17,0.17369768505755753,-3.267863537117798e-18,4
0.09700000000000007,0.0093932896726386,0.02592054409568333,5.962526198770607e-19,0.043751967926000564,0.9847931917115904,4.5810766829589736e-17,0.17373073866906685,-3.2997041271398356e-18,4
0.09800000000000007,0.009585443189621972,0.026103725922807918,6.131389418765111e-19,0.04369343656121701,0.9847879816364551,4.618121855169873e-17,0.17376026940701353,-3.3158037852929353e-18,2
0.09900000000000007,0.009780347318511264,0.026287718188743266,6.302672289397009e-19,0.043629089607572204,0.984790544175518,4.6255432479583024e-17,0.1737457455665834,-3.3057058026674047e-18,2
0.10000000000000007,0.009978016205796482,0.026472501930945993,6.476239084434224e-19,0.04355883360433666,0.9848006957041274,4.623027556854419e-17,0.17368819689509013,-3.284749892565324e-18,4
0.10100000000000008,0.010177159779298494,0.026659806415802914,6.651058255096966e-19,0.04349119159057425,0.9848097828354674,4.584088870336132e-17,0.17363666557372187,-3.2299731947984976e-18,4
0.10200000000000008,0.010377825043598495,0.026849568636419067,6.833080178395879e-19,0.04342585302406246,0.9848178949760453,4.541610691522351e-17,0.17359064990647338,-3.1698148849421894e-18,2
0.10300000000000008,0.010581314729512986,0.027040042358243793,7.016977708300168e-19,0.04335421123471078,0.9848180823153468,4.499234825962386e-17,0.17358958708610317,-3.1121225100623295e-18,4
0.10400000000000008,0.0107862769888706,0.027233039654772393,7.206773406729706e-19,0.043285197393161744,0.984818201713169,4.5503180653113203e-17,0.17358890971038668,-3.123908406723568e-18,2
0.10500000000000008,0.01099409183822796,0.02742671069443479,7.396074274848322e-19,0.0432096942304662,0.9848108170829343,4.579582311699631e-17,0.1736307995617257,-3.1180040374287705e-18,4
0.10600000000000008,0.011203330064211326,0.027622971254260203,7.594300631589109e-19,0.04313714404110356,0.9848041680614542,4.634312546424183e-17,0.1736685077058814,-3.1250227823683997e-18,4
0.10700000000000008,0.011414042859186738,0.027821752713872737,7.799664942979586e-19,0.04306720861567546,0.9847981954903983,4.67761353090986e-17,0.17370237234665573,-3.121990849464026e-18,4
0.10800000000000008,0.011626277376745927,0.028022991866637516,8.011665837166465e-19,0.04299957642750082,0.9847928445763731,4.7181247408914453e-17,0.17373270639455426,-3.1154110613303894e-18,2
0.10900000000000008,0.011841235812209434,0.028225077239962666,8.225320444592843e-19,0.042926305008053355,0.9847956083942049,4.7072176778976556e-17,0.17371703913977096,-3.0655615083750886e-18,2
0.11000000000000008,0.012058934838992747,0.028427986484108825,8.441030644960843e-19,0.042847284202123255,0.9848062706617766,4.6810994259659867e-17,0.17365658428416797,-3.001682694719605e-18,4
0.11100000000000008,0.01227803304627998,0.02863351768190606,8.658854973537937e-19,0.042771376224530366,0.9848158004012304,4.626367277728031e-17,0.1736025324702511,-2.9173124930293792e-18,4
0.11200000000000009,0.012498584628751688,0.02884159818855127,8.883257859775077e-19,0.04269822303067305,0.9848242931657187,4.565696051320246e-17,0.17355434765698977,-2.826475297429198e-18,2
0.11300000000000009,0.012721941068017691,0.029050416421903494,9.108068654851164e-19,0.04261889587164799,0.9848245709324334,4.5243206514004454e-17,0.17355277147815704,-2.7522593429008865e-18,2
0.11400000000000009,0.012948119257901559,0.02925994973677922,9.334678708166378e-19,0.04253328313608915,0.9848168861451982,4.4734102190713976e-17,0.1735963731282324,-2.6728775047860927e-18,4
0.11500000000000009,0.013175615332934607,0.029472213976979567,9.566860693406259e-19,0.04245132031779583,0.9848099517095485,4.363724962457647e-17,0.17363570777302,-2.5390524146627732e-18,4
0.11600000000000009,0.013404490073555573,0.029687127669877345,9.805332634479605e-19,0.04237260586245032,0.9848037078223107,4.2573368205812986e-17,0.1736711175164995,-2.406367584286691e-18,4
0.11700000000000009,0.01363479947155497,0.029904615761748556,1.004949561224785e-18,0.04229676985259719,0.9847980991023012,4.152827170868748e-17,0.1737029188139769,-2.2755570500574116e-18,4
0.11800000000000009,0.013866595088528264,0.03012460913728684,1.0298916557653787e-18,0.0422234716394732,0.9847930742203386,4.0418928774949866e-17,0.17373140466724943,-2.1394584480917267e-18,4
0.11900000000000009,0.014099924383114687,0.030347044180958967,1.0553302617953038e-18,0.04215239768105903,0.9847885855823562,3.9188268225956735e-17,0.17375684650310405,-1.9932987372927164e-18,2
0.12000000000000009,0.014335985758943326,0.03057031450271394,1.0808458845682877e-18,0.04207563055915887,0.9847921076744848,3.777126687839835e-17,0.1737368834244664,-1.8308878323036e-18,2
0.1210000000000001,0.01457479562642022,0.030794398105361193,1.1064964849036837e-18,0.041993061856170924,0.9848034270302751,3.6510107308118854e-17,0.17367270974285562,-1.6807943273116737e-18,4
0.1220000000000001,0.014815018091606031,0.03102108567668009,1.1327437155696852e-18,0.04191351733891231,0.9848135522665199,3.4966449810582863e-17,0.17361528524930964,-1.5095300972125445e-18,2
0.1230000000000001,0.01505802855235335,0.031248533576203476,1.1591297135467268e-18,0.04182791025253652,0.984815206887587,3.350512322803539e-17,0.17360589933225165,-1.3468230236780878e-18,2
0.1240000000000001,0.015303845542199854,0.03147671696080688,1.1856268150381316e-18,0.04173611815268105,0.9848086691038196,3.20968707311663e-17,0.17364298217309063,-1.1908954995591422e-18,4
0.12500000000000008,0.015550947748244847,0.031707675061554697,1.212547263241634e-18,0.04164819180200145,0.9848027827879869,3.07115235420409e-17,0.17367636285067023,-1.0342798722021104e-18,4
0.12600000000000008,0.015799399609353754,0.031941321501912506,1.2397977440676118e-18,0.041563705476281555,0.9847974957658496,2.940425232043288e-17,0.17370633935844731,-8.829583690336078e-19,4
0.12700000000000009,0.016049260466863804,0.03217757673828462,1.267355776871185e-18,0.04148226712882545,0.984792759697619,2.810687467518528e-17,0.1737331875237092,-7.335418145106309e-19,2
0.12800000000000009,0.016301814473471263,0.032414719439005174,1.2951009444137254e-18,0.04139539282844594,0.9847965339378153,2.658761816860882e-17,0.1737117921848315,-5.642345983269e-19,4
0.1290000000000001,0.016555753660954728,0.03265450285906013,1.3234975208373935e-18,0.04131172384686854,0.9847999189006017,2.499880645032104e-17,0.17369260126260136,-3.880976705427792e-19,4
0.1300000000000001,0.01681113504990597,0.032896850565677496,1.3520883659721585e-18,0.04123088346972097,0.9848029474522985,2.3726000594078078e-17,0.17367542914663014,-2.3834672809367766e-19,2
0.1310000000000001,0.017069263062905158,0.03314001405659626,1.3808879782644583e-18,0.041144253850043645,0.9848137953251843,2.316991814742213e-17,0.17361390652020542,-1.4497040538230002e-19,2
0.1320000000000001,0.017330160358185985,0.03338396295977789,1.4097425460978427e-18,0.04105168529310317,0.9848158929779969,2.3318570910505735e-17,0.1736020072981623,-1.105686916326059e-19,2
0.1330000000000001,0.01759384727073846,0.03362867001735633,1.4386533262425932e-18,0.04095304345299478,0.9848095459634689,2.3358789302488388e-17,0.17363800902805462,-6.88803776472146e-20,4
0.1340000000000001,0.0178587674174656,0.033876221469945185,1.4680116042104935e-18,0.04085861078844318,0.9848038278353932,2.2629773435479547e-17,0.17367043697980877,2.9039864320362315e-20,4
0.1350000000000001,0.018124990409629893,0.03412652400771397,1.4975515185751585e-18,0.040767927403080544,0.9847986884004951,2.199765115878632e-17,0.17369957779069317,1.191432730319302e-19,4
0.1360000000000001,0.01839258034250855,0.03437949171468819,1.5272281567914958e-18,0.040680569842653475,0.9847940811461393,2.1369009522891328e-17,0.1737256968313315,2.0824095689321657e-19,2
0.1370000000000001,0.018662851645907207,0.034633362674505744,1.5569081765295765e-18,0.04058785414609268,0.9847981353081184,2.084460514890873e-17,0.1737027135471792,2.877221747351407e-19,4
0.1380000000000001,0.018934471736999473,0.034889923136592504,1.5867441335988585e-18,0.04049858420489263,0.9848017666066502,2.142892853135553e-17,0.1736821248385147,2.7726656849188926e-19,4
0.1390000000000001,0.01920750154021892,0.035149091435304626,1.6167264941443277e-18,0.040412357513413974,0.9848050108557411,2.1712583894226107e-17,0.17366372849108241,2.9179574090088024e-19,2
0.1400000000000001,0.01948326970198578,0.03540908659773872,1.6467934062017597e-18,0.040320396186570254,0.9848161800884662,2.193347775102427e-17,0.1736003785593873,3.1223704517171344e-19,2
0.1410000000000001,0.019761797636290976,0.035669879919691005,1.6766533716075036e-18,0.040222558749888844,0.9848184577660574,2.195707775701717e-17,0.17358745704481374,3.509325845173895e-19,2
0.1420000000000001,0.020043106722028477,0.03593144274400313,1.7065469377239223e-18,0.040118703960770025,0.9848121651890016,2.198137048292201e-17,0.1736231531096918,3.8951728045052444e-19,4
0.1430000000000001,0.020325623703559198,0.03619588392794567,1.736508638376781e-18,0.04001922574870568,0.9848064890737958,2.14302032873091e-17,0.17365534566532848,4.757639488978486e-19,4
0.1440000000000001,0.020609421163683316,0.036463106178515475,1.7666230522338473e-18,0.03992364458545607,0.9848013804138535,2.0988039312329286e-17,0.17368431459106923,5.535789694499642e-19,4
0.1450000000000001,0.020894565915053585,0.036733019937254884,1.796868865608072e-18,0.03983151906405291,0.9847967937906095,2.0702366161365883e-17,0.1737103190364254,6.166076528104776e-19,2
0.1460000000000001,0.021182386743509155,0.03700384404437758,1.827216676859009e-18,0.039734070378319504,0.9848009359662994,2.089034177294455e-17,0.17368683461880938,6.42763653992563e-19,2
0.1470000000000001,0.021472905562512804,0.037275549126166936,1.857597232480149e-18,0.03963115375395377,0.984813522131173,2.1052597257248258e-17,0.17361545618865415,6.714163493991689e-19,4
0.1480000000000001,0.021764677190675694,0.037550072363843515,1.887861223467108e-18,0.03953231698032034,0.9848247546893698,2.35309786976221e-17,0.17355172874685937,5.103688803967333e-19,2
0.1490000000000001,0.022059190493095068,0.03782541802072776,1.9180809740251033e-18,0.03942772366563437,0.9848268284700427,2.5674004680265504e-17,0.17353996060169588,3.758407885014524e-19,2
0.1500000000000001,0.02235646860970397,0.038101555079091326,1.948346411409981e-18,0.0393172209327496,0.9848200908440329,2.7580137144572694e-17,0.1735781918040159,2.5926458035059667e-19,4
0.1510000000000001,0.022654896002556005,0.0383806490731675,1.9788956970113514e-18,0.03921148205502931,0.9848139954108688,2.9322865890788165e-17,0.1736127715431159,1.52567976052458e-19,4
0.1520000000000001,0.02295455093512583,0.038662595095340854,2.009684956810994e-18,0.039109989974077414,0.9848084916551754,3.061942988363818e-17,0.173643988562401,8.429810139633554e-20,4
0.1530000000000001,0.023255505450745676,0.0389472965757335,2.040714839961712e-18,0.03901226872572327,0.9848035327657689,3.160587017692836e-17,0.17367211017334394,3.8509600177696266e-20,4
0.1540000000000001,0.023557825836580594,0.03923466466027334,2.0719946680911533e-18,0.038917880374705255,0.9847990753096172,3.238152363870658e-17,0.17369738417524894,9.266603525245046e-21,4
0.1550000000000001,0.02386157304677997,0.03952461764348422,2.1035308408476867e-18,0.038826422219062476,0.9847950789626658,3.308883030856301e-17,0.17372004044127373,-1.4011215885114844e-20,2
0.1560000000000001,0.024168024127626572,0.03981544371943238,2.1351164029335313e-18,0.0387294572771046,0.9847994545126367,3.3642633186008854e-17,0.1736952342225142,-2.4387554067966335e-20,0
0.1570000000000001,0.02447783042622272,0.04010626979538054,2.166701965019376e-18,0.038622682334727106,0.9848038294377583,3.41964386261969e-17,0.1736704278935461,-3.4764348007137655e-20,0
0.1580000000000001,0.02479099194256841,0.0403970958713287,2.1982875271052207e-18,0.03850609739193,0.9848082037380279,3.4750246628787245e-17,0.17364562145438514,-4.5141597630953624e-20,2
0.1590000000000001,0.0251068741484512,0.04068877249527488,2.229797683228862e-18,0.03838389454651157,0.9848031015754362,3.564252232354387e-17,0.17367455521003106,-8.204694310101797e-20,4
0.16000000000000011,0.025423780658209237,0.04098357357309161,2.26150403116989e-18,0.038267281203373034,0.9847985125986589,3.7337973998956485e-17,0.17370057450529613,-1.882736512179833e-19,4
0.16100000000000012,0.02574180082794089,0.04128137932814946,2.2935541092911945e-18,0.038155667019176095,0.9847943961007894,3.889742529314029e-17,0.1737239114471075,-2.836197518236279e-19,4
0.16200000000000012,0.026061016927293217,0.04158207948279292,2.325943907382192e-18,0.038048508468196275,0.984790714310893,4.0269231416551287e-17,0.17374478123685402,-3.627766858335912e-19,4
0.16300000000000012,0.02638150467526456,0.04188557254012843,2.358697563422955e-18,0.03794530530246988,0.9847874321324203,4.1548532663334955e-17,0.17376338369758706,-4.351002825500416e-19,2
0.16400000000000012,0.026704651632520917,0.042189998556148044,2.391624823457451e-18,0.03783689041185284,0.984793097696481,4.29807534371739e-17,0.17373127159314253,-5.191752599583148e-19,2
0.16500000000000012,0.027030481819912303,0.04249532533230569,2.424676082470474e-18,0.03772310509929996,0.9848073977478693,4.422098371711304e-17,0.17365019245906696,-5.864629454403898e-19,4
0.16600000000000012,0.02735750159954177,0.04280355500294008,2.457264562929238e-18,0.037613817288752883,0.9848201789746549,4.543591791180633e-17,0.17357769178189236,-6.527987542977425e-19,4
0.16700000000000012,0.027685788070304338,0.04311458422148675,2.490293021613489e-18,0.03750851761577087,0.9848315698509932,4.657790377246379e-17,0.1735130514538581,-7.139558974547988e-19,2
0.16800000000000012,0.028016818579934245,0.04342643268961837,2.5233503992043277e-18,0.03739744577960985,0.9848338394733636,4.746781789152583e-17,0.17350016895713352,-7.540805471692669e-19,2
0.16900000000000012,0.02835061662753992,0.043739068908152996,2.5565204511251895e-18,0.037280446530182094,0.9848273406168722,4.824424746657899e-17,0.17353705418007956,-7.870579397024549e-19,2
0.17000000000000012,0.028687203774823127,0.044052463974889086,2.589803085994507e-18,0.037157377417143,0.9848123893673381,4.8854545546423805e-17,0.17362188153742342,-8.081274507589448e-19,4
0.17100000000000012,0.02902486761453847,0.044368913271695884,2.622874550095397e-18,0.037039551694186275,0.9847989480744367,5.12075133534298e-17,0.17369810554949494,-9.728224987050551e-19,4
0.17200000000000013,0.029363694097846116,0.044688301586064696,2.6564477573100545e-18,0.0369264015131656,0.9847868952300647,5.317960054225219e-17,0.17376642651309313,-1.1031270221871286e-18,2
0.17300000000000013,0.029705099190026747,0.045008730899261065,2.6902789384713594e-18,0.036808572104948166,0.9847848247783558,5.554362362988456e-17,0.1737781599806591,-1.2630116208005192e-18,2
0.17400000000000013,0.030049113713942206,0.045330159895039426,2.7242987046751474e-18,0.036685859834063146,0.9847923423932196,5.751057393404401e-17,0.17373555296391185,-1.3879480975879877e-18,4
0.17500000000000013,0.0303942313498745,0.045654607706978725,2.7576402831911915e-18,0.03656821640864511,0.9847990872165274,5.940071208360674e-17,0.17369731666751437,-1.5049160630314846e-18,4
0.17600000000000013,0.030740537063489913,0.04598196044356721,2.7915493146805183e-18,0.0364550804913483,0.9848051242193847,6.10060844145799e-17,0.17366308563204463,-1.5956029593224135e-18,4
0.17700000000000013,0.031088108960902437,0.04631211340812223,2.8260560433482294e-18,0.036345936063401446,0.9848105132351958,6.229579909398168e-17,0.173632522936894,-1.6618525502979303e-18,4
0.17800000000000013,0.03143701879665923,0.04664497041786541,2.8611310623788406e-18,0.03624030906853214,0.9848153094323698,6.332255683540843e-17,0.1736053176248538,-1.7072588215606335e-18,2
0.17900000000000013,0.03178872625019259,0.04697857485779594,2.8962730625428195e-18,0.03612855593406007,0.984811780289672,6.36770089417004e-17,0.17362533629251078,-1.6986737259807082e-18,0
0.18000000000000013,0.03214378892147549,0.04731217929772647,2.9314150627067984e-18,0.036006992799168386,0.9848082507400481,6.403145937096426e-17,0.17364535488842545,-1.6900883386724804e-18,0
0.18100000000000013,0.032502206810507944,0.047645783737657,2.9665570628707773e-18,0.035875619663857085,0.9848047207834995,6.438590812305946e-17,0.17366537341258953,-1.681502659605943e-18,0
0.18200000000000013,0.03286397991728994,0.04797938817758753,3.001699063034756e-18,0.03573443652812617,0.9848011904200278,6.474035519784546e-17,0.17368539186499474,-1.6729166887510887e-18,4
0.18300000000000013,0.03322662270455707,0.048316324335009556,3.0368098717517557e-18,0.03559986443534194,0.9847980129238925,6.617623732948437e-17,0.17370340739649717,-1.750575075712653e-18,4
0.18400000000000014,0.03359023952743929,0.04865645232796808,3.0726166998176185e-18,0.03547121394900355,0.984795160906863,6.739899209875132e-17,0.17371957591021928,-1.8108267209024554e-18,4
0.18500000000000014,0.033954926445619954,0.0489996433940696,3.1091263731593733e-18,0.035347850437617484,0.9847926088766424,6.835293540412669e-17,0.17373404243825372,-1.8515949685758556e-18,4
0.18600000000000014,0.03432077185491886,0.04934577904388202,3.14629185346609e-18,0.035229189902057784,0.984790333061598,6.906207899235111e-17,0.17374694215561706,-1.869411122477605e-18,2
0.18700000000000014,0.034689248204830804,0.04969288554488179,3.1836959275701754e-18,0.03510550440247197,0.9847973675593037,6.954608106425733e-17,0.1737070662013102,-1.864038520712979e-18,4
0.18800000000000014,0.03505889345567256,0.0500429226758482,3.221070642833282e-18,0.034986453104862314,0.9848036679555836,7.056261259457862e-17,0.1736713435809983,-1.900882933921668e-18,4
0.18900000000000014,0.035429788467272905,0.05039578204890483,3.259110354589826e-18,0.03487150179766273,0.9848092962403507,7.133233499836101e-17,0.17363942535779595,-1.916771482291021e-18,0
0.19000000000000014,0.03580403869662277,0.05074864142196146,3.29715006634637e-18,0.034746740490043525,0.9848149234906244,7.210206193473164e-17,0.17360750695219393,-1.9326608410346498e-18,0
0.19100000000000014,0.03618164414372219,0.051101500795018094,3.335189778102914e-18,0.03461216918200471,0.9848205497063987,7.287179340290825e-17,0.17357558836422582,-1.94855100998653e-18,2
0.19200000000000014,0.03656194074934224,0.051455250300675034,3.3731552125720654e-18,0.03447217507206138,0.9848162629208626,7.32497208725359e-17,0.17359990865950037,-1.9326352754867814e-18,2
0.19300000000000014,0.03694495700322751,0.05180985175009414,3.4113134038442937e-18,0.03432656993880254,0.9848024843626924,7.34879391063238e-17,0.17367805501291633,-1.907537922286698e-18,4
0.19400000000000014,0.037328836110716385,0.052167794068040584,3.4495148724993655e-18,0.034187620951221,0.9847901167034578,7.43033798433553e-17,0.1737481684599589,-1.9305453603567027e-18,4
0.19500000000000015,0.03771368388584588,0.05252893541697969,3.488511571815627e-18,0.034054629034345994,0.9847790464202477,7.507832921401411e-17,0.1738109022231568,-1.9479467085974048e-18,4
0.19600000000000015,0.03809959773894663,0.0528931452240542,3.5282697674260095e-18,0.03392695063344727,0.9847691682529262,7.570978830346166e-17,0.1738668607252116,-1.949202283752938e-18,2
0.19700000000000015,0.03848807066995523,0.05325842221007399,3.568347294886901e-18,0.0337947220393559,0.9847695291541652,7.613560114738434e-17,0.17386481659462935,-1.9306018217865056e-18,2
0.19800000000000015,0.03887913608788963,0.053624721592202315,3.608684337718034e-18,0.033657722530805415,0.9847796991965903,7.648292267226361e-17,0.1738072036777347,-1.9017161773438147e-18,2
0.19900000000000015,0.039272824892268465,0.05399200195143968,3.6492653024422534e-18,0.033515747965881484,0.984799272272733,7.663460819237142e-17,0.17369626746449096,-1.854143462175521e-18,4
0.20000000000000015,0.03966746267126766,0.05436250773901285,3.6899985148416495e-18,0.033379860576307575,0.9848167904263044,7.979564326446181e-17,0.1735969161432101,-2.0533599518322302e-18,4
0.20100000000000015,0.040063150013299575,0.05473610412203168,3.731481979545186e-18,0.03324939581091998,0.984832426974717,8.231561621298905e-17,0.1735081864901171,-2.1999513058101843e-18,4
0.20200000000000015,0.0404599793159745,0.05511266724689771,3.773727463539845e-18,0.0331237432322141,0.9848463416076236,8.430907851816023e-17,0.17342918849513347,-2.302569910009116e-18,2
0.20300000000000015,0.0408595077589946,0.055490109805194546,3.816218396267062e-18,0.03299261511858334,0.9848504693448735,8.556140406125797e-17,0.17340574682282897,-2.349813955422944e-18,2
0.20400000000000015,0.0412617636314653,0.05586839387702914,3.858912980836589e-18,0.032855824574166984,0.9848452361579426,8.64884217715521e-17,0.17343546585692,-2.3743703215078484e-18,2
0.20500000000000015,0.04166677288950533,0.05624748466974072,3.9018147154751054e-18,0.03271320011630095,0.9848310242638271,8.717791561618841e-17,0.1735161480884759,-2.3815749057840132e-18,2
0.20600000000000016,0.042074559335470184,0.05662735027766237,3.944913617155845e-18,0.032564584491454183,0.9848081759941978,8.745778850553292e-17,0.17364577879977944,-2.357810136062025e-18,4
0.20700000000000016,0.04248323755015455,0.05701051799508781,3.988059111996414e-18,0.03242243398059962,0.98478765916104,8.79883745589233e-17,0.17376209702958773,-2.3539147401268965e-18,4
0.20800000000000016,0.04289291212422326,0.05739684762434124,4.032075084294014e-18,0.032286057591142635,0.9847692866019927,8.81103362475184e-17,0.17386619040343324,-2.3164973626402343e-18,2
0.20900000000000016,0.04330507898198891,0.05778433396627739,4.0765592062653186e-18,0.0321455722936227,0.9847620074867529,8.769709889655617e-17,0.17390741390366596,-2.2315770309240364e-18,2
0.21000000000000016,0.04371977728668678,0.058172924524867366,4.12135893857988e-18,0.03200071935074611,0.9847653253416528,8.70819420439705e-17,0.17388862528857166,-2.126029289249849e-18,2
0.21100000000000016,0.04413704326737941,0.058562570737169424,4.1664548734640104e-18,0.03185125941023457,0.9847787711608643,8.623671930162141e-17,0.17381246178251655,-1.9981190746259933e-18,4
0.21200000000000016,0.04455521339569078,0.05895550246578403,4.2119852162277225e-18,0.031708182800816886,0.9847908559285703,8.510135218658929e-17,0.17374397854163096,-1.8454921554518657e-18,4
0.21300000000000016,0.04497439306521181,0.05935157843675997,4.258330433991398e-18,0.031570793225257375,0.9848016931784964,8.381519276867548e-17,0.17368254118582996,-1.6848922703894942e-18,4
0.21400000000000016,0.04539467911943275,0.05975066883705637,4.305415783852869e-18,0.03143845087373449,0.9848113874906222,8.256093027546118e-17,0.17362756425405598,-1.5252789947230867e-18,4
0.21500000000000016,0.04581616048657994,0.060152654463581236,4.3531899998665434e-18,0.031310568229705175,0.9848200353641828,8.128103224935903e-17,0.1735785065763918,-1.3598489149930472e-18,2
0.21600000000000016,0.04624038472017314,0.06055546091125335,4.401104892868936e-18,0.03117692116825942,0.9848195415228901,7.99195730051619e-17,0.17358130842531816,-1.1902676769061223e-18,2
0.21700000000000016,0.046667376733212994,0.060959054785650835,4.449188127755704e-18,0.031037345098236264,0.9848102774238303,7.86912738566047e-17,0.1736338604086177,-1.0333528824257516e-18,0
0.21800000000000017,0.04709772396400241,0.06136264866004832,4.4972713626424714e-18,0.03088795902779349,0.9848010105204893,7.746297844981817e-17,0.17368641189748882,-8.764387842292162e-19,0
0.21900000000000017,0.04753142641254135,0.061766242534445806,4.545354597529239e-18,0.030728762956931097,0.9847917408128934,7.623468678826263e-17,0.1737389628917819,-7.195253829749601e-19,2
0.22000000000000017,0.04796758047938838,0.062171047631104,4.593623096942641e-18,0.030565726639483298,0.9847940855645869,7.535461113022085e-17,0.1737256717845986,-5.884869790823754e-19,2
0.22100000000000017,0.04840622913419641,0.06257700635171351,4.642139681075068e-18,0.030398566190535235,0.9848074903329941,7.46358733736589e-17,0.17364966738819507,-4.687812088497792e-19,4
0.22200000000000017,0.04884557153881183,0.06298653261460975,4.691029815989308e-18,0.030239179094723487,0.9848194638584145,7.655121101512164e-17,0.17358174905682383,-5.618609021466531e-19,4
0.22300000000000017,0.04928573106495172,0.06339946104721365,4.740634923309744e-18,0.03008675027985203,0.9848301275712434,7.81794936288306e-17,0.17352123739764402,-6.294162933036726e-19,4
0.22400000000000017,0.04972682117202541,0.06381563956381554,4.790915885940095e-18,0.029940530160747356,0.9848395932344683,7.978042806950251e-17,0.17346750588444035,-6.958766056965599e-19,4
0.22500000000000017,0.05016894616064188,0.06423492835554266,4.841857600289267e-18,0.029799829661109133,0.9848479639365264,8.110676954956509e-17,0.17341997557974614,-7.407523090009542e-19,2
0.22600000000000017,0.050613771995392305,0.0646550942941904,4.892885794930589e-18,0.02965364235701827,0.984846576062778,8.170223039523989e-17,0.17342785709748,-7.27848232651176e-19,2
0.22700000000000017,0.051061327484227606,0.0650760987643836,4.944085836617703e-18,0.029501777924789713,0.9848358579138785,8.20571397793533e-17,0.17348871135332122,-6.973651994999899e-19,2
0.22800000000000017,0.05151163904216965,0.06549790635832868,4.995442938924371e-18,0.029344061849953088,0.9848161935179659,8.208986219303761e-17,0.17360030237527102,-6.440271132443673e-19,4
0.22900000000000018,0.0519628365078163,0.06592302391812561,5.0468864866309325e-18,0.029192849610708692,0.9847985130579845,8.271223946887683e-17,0.1737005719011426,-6.388274611375655e-19,4
0.23000000000000018,0.052415027310845116,0.06635130744056794,5.099033971495835e-18,0.029047431458134557,0.9847826574431489,8.314852216757443e-17,0.17379044162211832,-6.174178621087069e-19,2
0.23100000000000018,0.052869725517260935,0.06678072740863175,5.151505500222108e-18,0.028897804507187957,0.9847776987739735,8.371550043292853e-17,0.17381853755407775,-6.029995359479257e-19,2
0.23200000000000018,0.053326969770620375,0.06721123202288708,5.204243380960915e-18,0.028743713453903866,0.9847831450371638,8.408518449563042e-17,0.17378767865045475,-5.693255852240366e-19,2
0.23300000000000018,0.05378679578019878,0.06764277341713655,5.257218511929534e-18,0.028584922380049477,0.9847985321577044,8.423706736613549e-17,0.17370046361490296,-5.151562582365235e-19,2
0.23400000000000018,0.054249236527976905,0.06807530738096185,5.310418837008266e-18,0.02842121338563829,0.9848234226988675,8.437304557469439e-17,0.17355928699925363,-4.565853556305357e-19,2
0.23500000000000018,0.054714216452356544,0.06850893520027089,5.363623474647529e-18,0.028253085678748548,0.9848361211254482,8.352869441272393e-17,0.1734872171849645,-3.2071882144769875e-19,2
0.23600000000000018,0.055181777886869274,0.06894360012943779,5.417033992689299e-18,0.028080259577088557,0.9848372749012683,8.251489248722973e-17,0.1734806674100752,-1.747741012235999e-19,2
0.23700000000000018,0.0556519597239113,0.06937925003547767,5.470645783172613e-18,0.02790247813270042,0.984827465854018,8.137801094647029e-17,0.17353634345448798,-2.2528056725749932e-20,4
0.23800000000000018,0.056122760905364825,0.06981856721989048,5.525104875348047e-18,0.027732961610917217,0.9848185917236496,8.088029128780708e-17,0.17358669705783533,7.762480282948022e-20,4
0.23900000000000018,0.056594311998061864,0.07026137666546597,5.580267400959366e-18,0.027570847404027796,0.9848105796298373,8.028778303684408e-17,0.17363214635874633,1.8905255742961022e-19,4
0.24000000000000019,0.057066733179946115,0.0707075172806917,5.636115410047294e-18,0.027415341539938652,0.9848033620173425,7.973834957300645e-17,0.17367307839541635,3.011108269809814e-19,4
0.2410000000000002,0.057540135015967935,0.07115684085971123,5.692586905841244e-18,0.027265713556117465,0.9847968760764994,7.913125131274189e-17,0.17370985254144183,4.156327434870617e-19,4
0.2420000000000002,0.05801461915314748,0.07160921115063248,5.749653070761767e-18,0.027121291907562586,0.984791063316825,7.853724345179652e-17,0.1737428030489859,5.28640607437264e-19,4
0.2430000000000002,0.058490278954293484,0.07206450300606486,5.807247621787291e-18,0.02698145978005324,0.9847858692489385,7.760830992822949e-17,0.1737722409581406,6.695520229618136e-19,2
0.2440000000000002,0.0589685606446366,0.07252077784557885,5.865044686072757e-18,0.026836662487940578,0.9847901029360778,7.619063398585153e-17,0.17374824649230497,8.515802777219994e-19,0
0.2450000000000002,0.059450197552729254,0.07297705268509284,5.922841750358223e-18,0.026682055195408297,0.9847943360385881,7.477295611991688e-17,0.17372425192332225,1.0336088633728995e-18,0
0.2460000000000002,0.059935189678571456,0.07343332752460684,5.980638814643689e-18,0.0265176379024564,0.984798568556467,7.335527633125908e-17,0.17370025725120664,1.2156377797606853e-18,0
0.2470000000000002,0.060423537022163194,0.07388960236412083,6.0384358789291546e-18,0.026343410609084888,0.9848028004897118,7.193759462071166e-17,0.1736762624759724,1.397667026731528e-18,0
0.2480000000000002,0.060915239583504484,0.07434587720363482,6.0962329432146205e-18,0.02615937331529376,0.98480703183832,7.051991098910817e-17,0.17365226759763377,1.5796966041315983e-18,0
0.2490000000000002,0.061410297362595304,0.07480215204314881,6.154030007500086e-18,0.025965526021083013,0.9848112626022891,6.910222543728215e-17,0.173628272616205,1.7617265118070662e-18,4
0.25000000000000017,0.06190580942681869,0.07526231541335598,6.212309525173285e-18,0.02578103413627712,0.9848150087010116,6.622711237255439e-17,0.17360702358265506,2.061463489845472e-18,4
0.25100000000000017,0.0624019211667236,0.07572617242671956,6.271105528358968e-18,0.025604937118242667,0.9848183130442957,6.343516087687816e-17,0.17358827809673533,2.3571361757894303e-18,4
0.25200000000000017,0.0628987663541981,0.07619354376983885,6.330362667815028e-18,0.025436351184625335,0.9848212150039962,6.078204881443358e-17,0.17357181360478557,2.6453018833497708e-18,4
0.25300000000000017,0.06339646803567896,0.07666426450615403,6.390010404748572e-18,0.02527446341223802,0.984823750786364,5.819852851623352e-17,0.17355742532971438,2.9277704039563378e-18,4
0.25400000000000017,0.06389513932422422,0.0771381830142192,6.4500245589454925e-18,0.02511852650412507,0.9848259537349824,5.617542423114318e-17,0.17354492458722057,3.1652275998147845e-18,2
0.25500000000000017,0.06439652992295597,0.07761295391922127,6.510143268701343e-18,0.024956980806259986,0.9848186657793434,5.4400381608295717e-17,0.17358627691322684,3.3807588191074226e-18,2
0.25600000000000017,0.0649006678254867,0.07808853969735818,6.570331363763658e-18,0.024789641374996552,0.9848022978551986,5.2569750836330923e-17,0.17367911255854063,3.59884910716899e-18,2
0.2570000000000002,0.06540725322151522,0.07856534222682304,6.630663399795373e-18,0.024618488948273582,0.9847975910168307,5.1690884298830613e-17,0.17370579934892325,3.740851636985961e-18,2
0.2580000000000002,0.06591633050925687,0.07904330199440197,6.691096995006837e-18,0.024443230203182353,0.9848039796907548,5.0818384938787827e-17,0.17366957587687248,3.885666996546485e-18,2
0.2590000000000002,0.06642794070027351,0.07952236402649233,6.751614595742266e-18,0.024263594191205932,0.9848209307030403,4.9984990535821655e-17,0.17357342667931336,4.030088267371826e-18,2
0.2600000000000002,0.06694210511140147,0.0800024997491204,6.8122119144302124e-18,0.02407944007973685,0.9848259206011587,4.994280366625573e-17,0.1735451126136423,4.1091886834867546e-18,2
0.2610000000000002,0.06745886551524595,0.08048365316854936,6.8728870739811106e-18,0.023890491892320766,0.984819579112268,4.972227197427241e-17,0.17358109516055226,4.200698977384887e-18,4
0.2620000000000002,0.06797622628111692,0.08096849931112939,6.933983062788197e-18,0.023709934037243773,0.9848138332733927,5.019007121839579e-17,0.1736136912612825,4.2354601767231874e-18,4
0.2630000000000002,0.06849432191586916,0.08145685787827985,6.99534338102932e-18,0.023536877876492987,0.9848086372304334,5.05717229077402e-17,0.1736431629415285,4.278536649483752e-18,4
0.2640000000000002,0.0690132761298012,0.08194856304357306,7.05694623301255e-18,0.02337050610098764,0.984803948394947,5.0865635224644325e-17,0.17366975334157678,4.327843508456108e-18,4
0.2650000000000002,0.06953320263152961,0.08244346238725166,7.118771386359901e-18,0.023210067479132564,0.9847997271096964,5.107171459440472e-17,0.1736936886725277,4.3836246878974955e-18,2
0.2660000000000002,0.07005569614330018,0.08293941827731288,7.180699298001651e-18,0.023045026259349868,0.9848056354142708,5.1114976567713524e-17,0.17366018673344757,4.454762780204429e-18,0
0.2670000000000002,0.07058154487282027,0.08343537416737411,7.242627209643401e-18,0.022870175039147553,0.9848115425791414,5.115824166816109e-17,0.1736266845933926,4.5259003054863416e-18,0
0.2680000000000002,0.07111074882008993,0.08393133005743533,7.304555121285151e-18,0.022685513818525623,0.9848174486043014,5.1201509895716457e-17,0.17359318225240153,4.5970372637693015e-18,0
0.2690000000000002,0.07164330798510911,0.08442728594749656,7.3664830329269e-18,0.022491042597484075,0.984823353489744,5.124478125034867e-17,0.17355967971051317,4.6681736550793775e-18,2
0.2700000000000002,0.07217843197525055,0.08492430131269794,7.428378786501158e-18,0.022291983213488516,0.9848174604853662,5.158795130945539e-17,0.17359311484951043,4.713127555181889e-18,2
0.2710000000000002,0.07271616193407561,0.08542232100249914,7.490352747298872e-18,0.022088063845948826,0.9848003771485465,5.164485979872583e-17,0.17369000307467855,4.7802395306184005e-18,4
0.2720000000000002,0.07325431823278654,0.08592426668196407,7.552258613967057e-18,0.02189368451192505,0.9847850456935306,5.407757458280432e-17,0.1737769080700657,4.652314109469869e-18,4
0.2730000000000002,0.07379305021703426,0.08642993816197282,7.614469780731e-18,0.02170785853885925,0.9847713259035024,5.60877232953157e-17,0.1738546395074318,4.556856557911366e-18,2
0.2740000000000002,0.07433417239387588,0.08693690320182348,7.676878583355575e-18,0.021518598136626498,0.9847700154710758,5.814202701708572e-17,0.17386206207536564,4.460257191767379e-18,4
0.2750000000000002,0.07487595861750589,0.08744747559912248,7.738659336222146e-18,0.021337307324605162,0.9847689035784708,5.977905639432606e-17,0.17386835981528562,4.399739901060788e-18,2
0.2760000000000002,0.07542022992875541,0.08795921435502559,7.800456461689115e-18,0.02115195514639485,0.9847789825854825,6.092609418843931e-17,0.1738112638982383,4.3782130674292295e-18,4
0.2770000000000002,0.07596523994450127,0.08847446039408119,7.861968051594833e-18,0.020974079321992817,0.9847880505325114,6.311826347837272e-17,0.17375987893750572,4.2744740647714594e-18,4
0.2780000000000002,0.07651111419899237,0.08899304544496274,7.923849633884128e-18,0.020802850492139813,0.9847961916682578,6.48396487357782e-17,0.17371373254782382,4.207688369790415e-18,4
0.2790000000000002,0.077057967945954,0.08951481501678483,7.986071611516695e-18,0.020637507217267405,0.9848034837111906,6.603729797358647e-17,0.1736723883359232,4.186202073694304e-18,0
0.2800000000000002,0.0776081769106652,0.09003658458860693,8.048293589149262e-18,0.020462353941975382,0.9848107740183898,6.723495649862442e-17,0.17363104381792188,4.164714111869365e-18,0
0.2810000000000002,0.07816174109312593,0.09055835416042902,8.110515566781828e-18,0.02027739066626374,0.9848180625898425,6.843262430885076e-17,0.17358969899389276,4.143224484748258e-18,0
0.2820000000000002,0.07871866049333619,0.09108012373225112,8.172737544414395e-18,0.020082617390132486,0.9848253494255358,6.963030140222421e-17,0.17354835386390874,4.121733192763649e-18,0
0.2830000000000002,0.079278935111296,0.09160189330407321,8.234959522046962e-18,0.019878034113581612,0.984832634525457,7.08279877767034e-17,0.17350700842804265,4.1002402363482104e-18,2
0.2840000000000002,0.07984174649431147,0.09212475996391536,8.297100293653087e-18,0.01966904805676106,0.9848277070436827,7.250772640467946e-17,0.17353497468546086,4.038329704070186e-18,2
0.2850000000000002,0.08040713852896093,0.09264866488438331,8.359373124007473e-18,0.019455369276962675,0.9848112162107997,7.40003373081561e-17,0.17362853574630774,3.988859937515911e-18,4
0.2860000000000002,0.08097288927963578,0.0931765864403492,8.421133064200619e-18,0.01925167729700361,0.9847963882828427,7.412354476263458e-17,0.17371261792129572,4.050148357467298e-18,4
0.2870000000000002,0.08153915512000212,0.09370831502204935,8.483425453775841e-18,0.019056939012778235,0.9847830908773341,7.440122685891648e-17,0.1737879855516079,4.1018156228190865e-18,4
0.2880000000000002,0.08210607994088963,0.09424365775223312,8.546213719581492e-18,0.018870203789754802,0.9847712011480213,7.439198054538821e-17,0.1738553461630814,4.173628240042722e-18,2
0.2890000000000002,0.08267543101637398,0.09478024570325062,8.609156942062325e-18,0.018679795888988066,0.984771257708002,7.406462362729863e-17,0.17385502578930895,4.274311642449719e-18,2
0.2900000000000002,0.08324725591780772,0.09531801510848309,8.672267410904359e-18,0.018485401023802986,0.9847826488113827,7.3829284379796e-17,0.17379049053397133,4.3709085212952155e-18,2
0.2910000000000002,0.08382159857407954,0.09585690708382169,8.73553858929871e-18,0.018286728971962214,0.9848047982996982,7.34743645320958e-17,0.17366493384069243,4.47817812434078e-18,4
0.2920000000000002,0.0843965675270211,0.0963994570184372,8.798953811777423e-18,0.01809627591167722,0.9848246040912981,7.285600081913542e-17,0.1735525833181956,4.61030535012487e-18,4
0.2930000000000002,0.08497229917748222,0.09694548207495934,8.862841568451633e-18,0.01791314069199681,0.9848422651210162,7.20357186704367e-17,0.1734523359061706,4.760411284305204e-18,2
0.2940000000000002,0.08555061901639373,0.09749253528944522,8.926882020857577e-18,0.017725262956325805,0.984848480595248,7.094500629198606e-17,0.1734170414614222,4.929734065617847e-18,2
0.2950000000000002,0.08613156705597909,0.09804056302784683,8.991038202688047e-18,0.0175323783584132,0.9848438544602247,6.962080851742867e-17,0.17344331158026563,5.115394548135242e-18,2
0.2960000000000002,0.0867151800005677,0.09858951609015504,9.055295626162196e-18,0.01733424440606515,0.9848289291846695,6.842066053068943e-17,0.17352803877465647,5.287572941024192e-18,2
0.2970000000000002,0.08730149149715256,0.09913934937454144,9.119656208973992e-18,0.017130638805800343,0.9848041914605811,6.717614115519496e-17,0.1736683750188056,5.460766187920963e-18,0
0.2980000000000002,0.08789115821148696,0.09968918265892784,9.184016791785789e-18,0.01691722320511592,0.9847794337388457,6.593162965484483e-17,0.17380870773640714,5.633957694607984e-18,2
0.2990000000000002,0.08848306799062403,0.10024050671936474,9.248578607185202e-18,0.01670134519522783,0.9847689657553286,6.445879357110068e-17,0.17386800765287994,5.8287989304548206e-18,2
0.3000000000000002,0.08907728348154793,0.10079323758122981,9.313299884788427e-18,0.016482590890229392,0.9847719955114974,6.299349763271165e-17,0.17385084657920036,6.025979724089494e-18,2
0.3010000000000002,0.08967386259488622,0.10134729761871014,9.378161546506094e-18,0.01626057769560494,0.9847877750250293,6.153802405106193e-17,0.17376144037516933,6.223837113756769e-18,4
0.3020000000000002,0.09027075631518122,0.10190543341731799,9.443436124935426e-18,0.016048842713441015,0.9848019197695745,6.209296114892939e-17,0.17368125638122794,6.261350381429221e-18,4
0.3030000000000002,0.09086812754117114,0.10246742662081176,9.509092843479222e-18,0.015846309730846962,0.9848145673381721,6.234152257635098e-17,0.17360952726889795,6.323738855126759e-18,4
0.3040000000000002,0.09146612605270246,0.10303307645805782,9.575080075853644e-18,0.015651989206692443,0.9848258443173965,6.1990952494833e-17,0.1735455455047131,6.434346934505452e-18,4
0.3050000000000002,0.09206488948053863,0.10360219844305846,9.641394089107061e-18,0.015464971864432771,0.9848358675708658,6.192124643609242e-17,0.17348865653391154,6.5228730201998715e-18,4
0.3060000000000002,0.09266454417684385,0.10417462320811939,9.707988124088764e-18,0.015284422941138636,0.9848447452002642,6.153797358270025e-17,0.17343825371419086,6.637250507524156e-18,2
0.3070000000000002,0.09326686386612745,0.10474797317916136,9.774674707019802e-18,0.015098624082189153,0.9848433281190848,6.055400571022853e-17,0.17344630021803853,6.7983299783042045e-18,2
0.3080000000000002,0.09387188256953836,0.10532220275282184,9.841444379911374e-18,0.014907350522190579,0.984832122258945,5.949388811631074e-17,0.17350991604788327,6.963528959222213e-18,0
0.3090000000000002,0.09448025649069881,0.10589643232648231,9.908214052802947e-18,0.014706266961772388,0.9848209122895488,5.843377217913293e-17,0.17357353115375004,7.128727575460805e-18,0
0.3100000000000002,0.09509198562960881,0.10647066190014279,9.97498372569452e-18,0.014495373400934581,0.9848096982109429,5.737365790309676e-17,0.17363714553537343,7.293925826207632e-18,0
0.3110000000000002,0.09570706998626835,0.10704489147380326,1.0041753398586093e-17,0.014274669839677158,0.984798480023174,5.631354529260394e-17,0.173700759192488,7.459123710650346e-18,0
0.3120000000000002,0.09632550956067742,0.10761912104746374,1.0108523071477666e-17,0.014044156278000116,0.9847872577262892,5.525343435205614e-17,0.17376437212482834,7.624321227976602e-18,2
0.3130000000000002,0.09694620679943272,0.10819482182733953,1.0175410485389126e-17,0.01381108385322947,0.984790144069434,5.47670410434757e-17,0.17374801335181927,7.746127576472552e-18,2
0.3140000000000002,0.09756922391901243,0.1087719104158764,1.0242392904368538e-17,0.013575041523655363,0.9848063361951946,5.4177558801887544e-17,0.17365621264382636,7.880689530841557e-18,4
0.3150000000000002,0.09819242274119766,0.10935325291605899,1.0309464830493923e-17,0.013350155457394685,0.9848208015134452,5.4638057870205635e-17,0.17357415967365636,7.933490397207179e-18,4
0.3160000000000002,0.0988159781139086,0.10993861495446533,1.0376792503840717e-17,0.013135270497644456,0.9848336867397043,5.502270777302959e-17,0.17350103591241908,7.994957704351322e-18,4
0.3170000000000002,0.09944005082140542,0.1105277810091881,1.0444413590227245e-17,0.01292932440110353,0.9848451268863263,5.5286662104529124e-17,0.1734360863495724,8.066452847711563e-18,4
0.3180000000000002,0.1000647886463195,0.11112055298624376,1.0512296283561579e-17,0.012731340821517353,0.9848552466380085,5.558706032683411e-17,0.17337861220343187,8.135604870891463e-18,2
0.31900000000000023,0.1006921274955276,0.11171433591556466,1.0580246583843915e-17,0.012528529924176298,0.984854121923815,5.591165572977254e-17,0.1733850008785989,8.201894595714561e-18,2
0.32000000000000023,0.10132210711967825,0.11230907651372873,1.0648276597284115e-17,0.012320629090960211,0.9848423441726412,5.629522759338626e-17,0.1734518870596043,8.261472100222929e-18,2
0.32100000000000023,0.10195476395688816,0.11290472593756938,1.071637416809577e-17,0.012107397588445956,0.9848204442721893,5.642174627235317e-17,0.17357618656811258,8.339598069811133e-18,2
0.32200000000000023,0.10259013137940795,0.11350123945353432,1.0784532373579013e-17,0.011888614938275486,0.9847888981000835,5.6637148257421e-17,0.17375507526062042,8.40830415061691e-18,2
0.32300000000000023,0.1032277271103553,0.11409926352560845,1.0852609400906536e-17,0.011667467368920364,0.9847718187305927,5.502025219309414e-17,0.17385184794543063,8.627005578635068e-18,2
0.32400000000000023,0.1038676156805918,0.1146987116539419,1.0920784081221558e-17,0.011443528548379298,0.9847683985695496,5.3261999381147537e-17,0.17387122009914532,8.85910013239248e-18,2
0.32500000000000023,0.10450985671602074,0.11529950391349478,1.0989038370664761e-17,0.011216404549931572,0.9847778751870822,5.1695462799380144e-17,0.17381753807374084,9.076564673818218e-18,2
0.32600000000000023,0.1051545053008974,0.11590156646704103,1.1057392982265434e-17,0.010985731451877775,0.9847995297174376,5.049708600970941e-17,0.17369480783349392,9.267166535044367e-18,4
0.32700000000000023,0.10579949259619834,0.11650767247242473,1.1125989123545166e-17,0.010765177323415151,0.9848189023852665,5.0850099361614094e-17,0.17358493455562157,9.330131142661131e-18,4
0.32800000000000024,0.10644498211060555,0.1171176027558103,1.119479265495824e-17,0.010553661921975684,0.9848361866496902,5.119586290651633e-17,0.17348684522261915,9.396609675499778e-18,2
0.32900000000000024,0.10709299821877509,0.11772864376124037,1.126370249461153e-17,0.010337810938312925,0.9848411045012603,5.1772408628119997e-17,0.17345892564159995,9.441897001230887e-18,2
0.33000000000000024,0.10774358703900407,0.11834073366983205,1.133266884934514e-17,0.010117319685562247,0.9848343501458872,5.2108461447529344e-17,0.17349727021693573,9.506008276843298e-18,2
0.33100000000000024,0.10839679089159486,0.11895381575369249,1.140169275997026e-17,0.009891908568832534,0.9848165472071453,5.221193792207459e-17,0.17359829592192672,9.589132763529844e-18,4
0.33200000000000024,0.10905045200501767,0.11957078237949478,1.1470597132408161e-17,0.009675833202140306,0.9848005303899766,5.2849148996465616e-17,0.1736891342128835,9.626605071489641e-18,4
0.33300000000000024,0.10970472343569276,0.12019142838404959,1.1539691821437029e-17,0.009468082397220528,0.9847861571491328,5.296598636269417e-17,0.17377060938905606,9.710687789148082e-18,2
0.33400000000000024,0.11036139620471866,0.12081335300821033,1.1609029685456434e-17,0.009256823527159798,0.9847840444778608,5.308072027353664e-17,0.17378258181367526,9.800516248737554e-18,2
0.33500000000000024,0.11102052127110551,0.12143648794440108,1.1678441926542165e-17,0.009041719924257546,0.984793539587532,5.3124288043496795e-17,0.17372876672175003,9.896137425105857e-18,0
0.33600000000000024,0.11168300155524188,0.12205962288059183,1.1747854167627896e-17,0.008816806320935677,0.9848030317563917,5.316786240332669e-17,0.1736749511110323,9.991757381408175e-18,0
0.33700000000000024,0.11234883705712781,0.12268275781678258,1.1817266408713627e-17,0.00858208271719419,0.9848125209844117,5.321144335296125e-17,0.17362113498168272,1.0087376117727747e-17,0
0.33800000000000024,0.11301802777676327,0.12330589275297332,1.1886678649799359e-17,0.008337549113033088,0.9848220072715638,5.325503089233537e-17,0.17356731833386202,1.0182993634147821e-17,2
0.33900000000000025,0.11368966651279928,0.12393024373957136,1.1956026365519182e-17,0.008089199058783308,0.9848179510219559,5.10946702257486e-17,0.1735903319454077,1.0456867995011132e-17,4
0.34000000000000025,0.11436145776322865,0.12455888776290829,1.2026060053925742e-17,0.007852198103780208,0.9848142520347529,5.02199319776753e-17,0.1736113158444182,1.0626806708390879e-17,4
0.34100000000000025,0.11503358058064893,0.12519158481343776,1.209627842817962e-17,0.007625363312442061,0.9848108845083909,4.914331524431739e-17,0.17363041713306054,1.0814761438705845e-17,4
0.34200000000000025,0.11570619961196871,0.1258281141915979,1.2166650423472131e-17,0.007407606922350319,0.9848078244064392,4.805160594283215e-17,0.1736477727696382,1.1000175517199656e-17,4
0.34300000000000025,0.11637946616363636,0.1264682730799344,1.2237139120031224e-17,0.007197929306669576,0.9848050492198385,4.6652409677768613e-17,0.17366351093742075,1.121008357236664e-17,0
0.34400000000000025,0.11705608793305354,0.12710843196827093,1.2307627816590316e-17,0.006978441690569215,0.9848022737817268,4.525321409907189e-17,0.1736792490608511,1.1419991501533596e-17,0
0.34500000000000025,0.11773606492022028,0.12774859085660745,1.237811651314941e-17,0.0067491440740492376,0.9847994980921049,4.3854019207097345e-17,0.17369498713992526,1.1629899304635755e-17,0
0.34600000000000025,0.11841939712513655,0.12838874974494396,1.2448605209708502e-17,0.006510036457109644,0.9847967221509734,4.245482500220036e-17,0.17371072517463917,1.183980698160835e-17,0
0.34700000000000025,0.11910608454780237,0.12902890863328048,1.2519093906267595e-17,0.006261118839750434,0.9847939459583331,4.10556314847363e-17,0.17372646316498883,1.204971453238661e-17,2
0.34800000000000025,0.11979505189775813,0.12967050888565687,1.2589666990098946e-17,0.006009495276101597,0.9848049897993576,3.9654038796517495e-17,0.1736638478966989,1.2261439395099778e-17,2
0.34900000000000025,0.1204863609217596,0.1303134677341544,1.2660259402983764e-17,0.005754757827739121,0.9848290471428408,3.8010109667657904e-17,0.17352736932174365,1.2492457601469402e-17,2
0.35000000000000026,0.12118001505953356,0.13095778056802032,1.2731004418100658e-17,0.005496883769635768,0.9848380212727778,3.8502124636413007e-17,0.17347643025933004,1.2548290820226361e-17,4
0.35100000000000026,0.1218737288316046,0.13160651093896786,1.2801489597702343e-17,0.005250972435893439,0.9848459432500309,3.8704808105003297e-17,0.17343145061942308,1.2622605971558715e-17,4
0.35200000000000026,0.12256769052900479,0.13225940645386902,1.287204217968655e-17,0.00501577985594435,0.9848529050428766,3.8675224819587564e-17,0.17339191281200886,1.2716034814608049e-17,2
0.35300000000000026,0.12326416591201082,0.13291342999344433,1.2942575412263643e-17,0.00477633697328095,0.9848473198861529,3.848324674746721e-17,0.17342363308690725,1.2820888270363256e-17,4
0.35400000000000026,0.12396100212524365,0.13357146733455413,1.3013258253201548e-17,0.004546866922694963,0.9848421786633841,3.854744469385666e-17,0.17345282680187032,1.2898989890462267e-17,4
0.35500000000000026,0.12465836308195455,0.13423329876106133,1.3084017485579309e-17,0.004326286788775649,0.9848374507557042,3.8548710415759535e-17,0.17347966909412296,1.298164917548252e-17,2
0.35600000000000026,0.12535836843221965,0.1348960830058742,1.3154832096121139e-17,0.004100592812126487,0.9848221152856931,3.779987478051398e-17,0.1735667054599284,1.312333076120895e-17,2
0.35700000000000026,0.12606105529784561,0.13555977030937968,1.3225661288336373e-17,0.0038695397424326054,0.9847967099758905,3.6859898173828687e-17,0.17371079419731636,1.3278633305725207e-17,2
0.35800000000000026,0.12676601243764965,0.1362249119163575,1.3296528457436482e-17,0.003635844501058422,0.9847852373852648,3.652762847464773e-17,0.17377582175909317,1.3383994184570774e-17,2
0.35900000000000026,0.12747330223160552,0.13689142421009726,1.336740978550849e-17,0.0033990949661386557,0.9847869099594574,3.620123279324696e-17,0.17376634303714858,1.3488210000060944e-17,2
0.36000000000000026,0.1281829822565916,0.13755923001215736,1.3438306626889737e-17,0.003158910748117438,0.9848009857491521,3.57209893802817e-17,0.1736865523507756,1.3602930270480252e-17,0
0.36100000000000027,0.12889601749932722,0.13822703581421747,1.3509203468270983e-17,0.0029089165296766035,0.984815055073942,3.5240748818207904e-17,0.1736067605242057,1.3717649907439471e-17,0
0.36200000000000027,0.1296124079598124,0.13889484161627758,1.358010030965223e-17,0.0026491123108161522,0.9848291179337347,3.4760511110222276e-17,0.17352696755796274,1.3832368910435492e-17,2
0.36300000000000027,0.13033119579563587,0.13956393135013034,1.3650933802073337e-17,0.0023858262090011946,0.9848288848223089,3.333346312048664e-17,0.17352829054551244,1.4022987136466945e-17,4
0.36400000000000027,0.13105004471208673,0.14023743668234342,1.3721834379214514e-17,0.0021344932761673957,0.9848285832058596,3.181071920613019e-17,0.1735300023072073,1.4226616734002654e-17,4
0.36500000000000027,0.13176914389555713,0.14091510401961096,1.3792708506458329e-17,0.0018938636264274594,0.9848282231508284,3.010568289101716e-17,0.17353204570217667,1.4446130496565654e-17,4
0.36600000000000027,0.13248866729498665,0.14159670019354195,1.3863573898537377e-17,0.0016627880422172077,0.9848278139220378,2.8494718937987196e-17,0.17353436813939904,1.4660232852675495e-17,2
0.36700000000000027,0.13321078948273407,0.1422793103169335,1.3934436907208246e-17,0.0014268999125352805,0.9848161146338864,2.668030291131116e-17,0.17360074987573168,1.489027372766056e-17,2
0.36800000000000027,0.1339355515959259,0.14296287924787088,1.4005288481573495e-17,0.001185927459304681,0.9847937262338848,2.5023952002827025e-17,0.1737277087006577,1.51055082238228e-17,2
0.36900000000000027,0.1346625715784525,0.1436479191102484,1.4076202704434735e-17,0.0009423947886955423,0.9847854343374363,2.2844766642616464e-17,0.17377470563009875,1.536401803190237e-17,2
0.3700000000000003,0.13539191326789854,0.14433434433351328,1.4147097780185383e-17,0.0006958801489351323,0.9847904288707564,2.087187336485294e-17,0.17374639911247722,1.5608526312980303e-17,2
0.3710000000000003,0.13612363557754845,0.1450220759478497,1.4217947971621524e-17,0.00044599432131758936,0.9848079468676044,1.9057393322560334e-17,0.17364707825475845,1.584006557853479e-17,0
0.3720000000000003,0.1368587131049479,0.1457098075621861,1.4288798163057665e-17,0.0001862984932804297,0.9848254548474656,1.724290290291084e-17,0.17354775563078617,1.607160647858846e-17,2
0.3730000000000003,0.1375961894629894,0.14639882115756556,1.4359676560227708e-17,-7.688883237521209e-05,0.9848286845131864,1.52672665546506e-17,0.173529427360397,1.631584409135535e-17,2
0.3740000000000003,0.1383361224641132,0.1470890392397894,1.4430528263931703e-17,-0.00034394960147761145,0.9848185036954357,1.3461063417265318e-17,0.17358719647221596,1.6544840201743288e-17,4
0.3750000000000003,0.13907612713152623,0.14778365873091232,1.4501297242841993e-17,-0.0005991271372277516,0.9848093124559737,1.3455697562696904e-17,0.17363933338962398,1.6623352935667414e-17,4
0.3760000000000003,0.13981639258989936,0.14848242612036214,1.4571901706732442e-17,-0.0008436709177432443,0.9848010334873376,1.3693452007962308e-17,0.17368628167553266,1.6682979233308342e-17,4
0.3770000000000003,0.14055709269735592,0.14918510836148186,1.4642332971846672e-17,-0.0010787295605978367,0.9847935949147293,1.3815417534048816e-17,0.1737284530954123,1.6753724828605327e-17,2
0.3780000000000003,0.141300179852697,0.1498890883777427,1.471257632370821e-17,-0.0013172018566647583,0.98479860036108,1.3778931143824871e-17,0.17370007693394554,1.6836598360462607e-17,0
0.3790000000000003,0.14204662222578762,0.15059306839400355,1.4782819675569746e-17,-0.0015654841531512966,0.9848036049897909,1.3742447315865945e-17,0.1736717006282624,1.6919471424387606e-17,0
0.3800000000000003,0.14279641981662777,0.1512970484102644,1.4853063027431283e-17,-0.0018235764500574515,0.9848086088008577,1.3705966050215411e-17,0.1736433241783864,1.700234402038568e-17,0
0.3810000000000003,0.14354957262521748,0.15200102842652524,1.492330637929282e-17,-0.0020914787473832234,0.9848136117942763,1.3669487346916637e-17,0.17361494758434112,1.708521614846218e-17,0
0.3820000000000003,0.1443060806515567,0.1527050084427861,1.4993549731154358e-17,-0.002369191045128612,0.9848186139700424,1.363301120601298e-17,0.17358657084615012,1.7168087808622465e-17,2
0.3830000000000003,0.14506499113486576,0.1534102655792094,1.5063722015951035e-17,-0.0026504187983252864,0.9848093917963594,1.422479003351574e-17,0.17363888340370542,1.719955080095818e-17,4
0.3840000000000003,0.14582380558496572,0.15412014891591194,1.513365094058393e-17,-0.002918655388397464,0.9848010805490723,1.5490396765241082e-17,0.17368601483533544,1.7176423945029224e-17,4
0.3850000000000003,0.14658272775478226,0.15483438533400046,1.520339514829766e-17,-0.0031752469370380813,0.9847936092004587,1.7074304176336253e-17,0.17372837211559627,1.7130177454575684e-17,4
0.3860000000000003,0.14734194503865075,0.15555272364231656,1.5272977120866814e-17,-0.003421431490664887,0.9847869116345147,1.836391376452852e-17,0.17376633354408874,1.7104149518814438e-17,2
0.3870000000000003,0.14810350984943046,0.15627241270132958,1.5342398940027976e-17,-0.003670768596765194,0.9847931685032154,1.8779982201289828e-17,0.17373087022575642,1.7146508202841286e-17,2
0.3880000000000003,0.14886747967108807,0.15699337545714048,1.5411774305417296e-17,-0.003923638031061285,0.9848116338417336,1.907053811237062e-17,0.1736261669506533,1.7199020387838652e-17,0
0.3890000000000003,0.14963480471049523,0.1577143382129514,1.5481149670806616e-17,-0.004186317465776992,0.9848300880481927,1.9361106855107374e-17,0.17352146171292435,1.7251530078145663e-17,2
0.3900000000000003,0.15040453817721516,0.15843657008602888,1.5550393201689207e-17,-0.004452551799834764,0.9848344089390222,1.8018179002786997e-17,0.1734969364851374,1.743795927299264e-17,2
0.3910000000000003,0.15117673759425246,0.159159993970146,1.5619610891682343e-17,-0.004722721066865776,0.9848254612612357,1.6838115682602328e-17,0.17354771923478382,1.7610197390442026e-17,2
0.3920000000000003,0.15195145576388294,0.1598845390869367,1.5688656022486565e-17,-0.004997174112359102,0.9848040214601961,1.5809995353511845e-17,0.17366933902052747,1.776923990542427e-17,4
0.3930000000000003,0.15272624030534482,0.1606134927095379,1.575718132175393e-17,-0.005259708945937252,0.9847847684872566,1.416291889457133e-17,0.1737784789768335,1.797609998661711e-17,2
0.3940000000000003,0.15350323415146425,0.16134398236169178,1.5825656928480883e-17,-0.00552448314768277,0.9847802428128729,1.2614007552763032e-17,0.17380412355700955,1.8175711392039283e-17,2
0.3950000000000003,0.15428250617982958,0.16207591571701516,1.5894070462725428e-17,-0.0057919517668447084,0.9847895650512609,1.118768723629031e-17,0.17375129514956011,1.8367619366012104e-17,2
0.3960000000000003,0.15506411996736094,0.16280920755436082,1.5962306440208208e-17,-0.006062534833079463,0.9848119067685469,1.0331648829816716e-17,0.1736246188963426,1.8514504105403076e-17,4
0.3970000000000003,0.15584588344459757,0.16354679621477475,1.6030205380562992e-17,-0.006321750138377686,0.9848318610814566,9.673631812569544e-18,0.17351139846948332,1.8645092584024925e-17,2
0.3980000000000003,0.15663007412504,0.16428562882446757,1.6098175066026737e-17,-0.00658464438853435,0.9848379620251068,9.608921212891085e-18,0.17347676661223452,1.87263039177339e-17,2
0.3990000000000003,0.15741674824313967,0.16502563000444254,1.6166040642309704e-17,-0.006851589104177553,0.9848310572692535,9.362430425295094e-18,0.1735159607584437,1.882228314756244e-17,2
0.4000000000000003,0.1582059574031441,0.16576673058222058,1.6233809854436174e-17,-0.007122925215857671,0.9848119080391041,9.096836406108978e-18,0.1736246116896464,1.8919925056852613e-17,2
0.4010000000000003,0.1589977489268886,0.16650886712564628,1.6301487431563418e-17,-0.00739896536177941,0.9847811975898954,8.82765067837272e-18,0.17379871367019056,1.90178338684764e-17,2
0.4020000000000003,0.1597916343322137,0.16725269441651597,1.6369035130400944e-17,-0.007676482317455614,0.9847666874569334,9.124415834887373e-18,0.17388091118665008,1.9068090501412653e-17,2
0.4030000000000003,0.16058769202397907,0.16799810735769583,1.6436480732237672e-17,-0.007955994075362058,0.984767390529831,9.297119030285473e-18,0.17387692931803422,1.9126068329851306e-17,2
0.4040000000000003,0.16138599442412405,0.16874500887180735,1.650383590341846e-17,-0.00823797910098876,0.9847823748145014,9.15039937112496e-18,0.17379204312830956,1.92101850936973e-17,2
0.4050000000000003,0.1621866084063223,0.16949330931859788,1.6571101499623203e-17,-0.008522879204447251,0.9848107619388681,9.006417865573186e-18,0.17363111233125023,1.929220861786868e-17,4
0.4060000000000003,0.16298719480418097,0.17024614421395687,1.663814303590119e-17,-0.008795240361640887,0.9848361248331524,9.12331417782072e-18,0.17348719613741068,1.9360178105619605e-17,4
0.4070000000000003,0.16378795528164664,0.17100324323914576,1.6704969182982903e-17,-0.009056394893134138,0.9848587214732817,9.221028597119382e-18,0.17335887268326944,1.942921431348144e-17,2
0.4080000000000003,0.16459113249507334,0.17176160024434364,1.6771759853861973e-17,-0.009321159216195448,0.9848673203290166,9.325001105687582e-18,0.17331001514033514,1.9497644054960414e-17,2
0.4090000000000003,0.16539678395247573,0.17252113814341663,1.6838524801835858e-17,-0.009589913265423317,0.9848627907094838,9.4330557931142e-18,0.1733357535995638,1.9565605237340617e-17,2
0.4100000000000003,0.16620496243728922,0.17328178618325338,1.690524649114353e-17,-0.009863005761834178,0.9848459135084661,9.501769529172086e-18,0.17343161950946553,1.9635772855368477e-17,2
0.4110000000000003,0.16701571635522394,0.1740434794788273,1.6971929406193686e-17,-0.010140756504401887,0.9848173897966339,9.444749884722068e-18,0.1735935158758698,1.9716727854103203e-17,2
0.4120000000000003,0.16782909005384908,0.17480615858481288,1.7038580781753948e-17,-0.010423458481433794,0.9847778483958417,9.322212784869115e-18,0.1738176898616987,1.9803719947179136e-17,2
0.4130000000000003,0.1686444967466578,0.17557061005424096,1.710517118819942e-17,-0.010707235007267798,0.9847552767594381,9.574566433724027e-18,0.17394552277780415,1.9861267338913143e-17,2
0.4140000000000003,0.1694620200318627,0.17633672182859153,1.7171666468298227e-17,-0.010992638384979185,0.9847486338317526,9.9411358476979e-18,0.1739831260970382,1.990803630490765e-17,2
0.4150000000000003,0.1702817371464593,0.17710439037618456,1.7238080082526355e-17,-0.011280178891388328,0.984756935554045,9.929320478947795e-18,0.1739361316064249,1.9982530378028633e-17,2
0.4160000000000003,0.17110371944230243,0.17787352005402715,1.7304431348146036e-17,-0.011570327922325655,0.9847792534002424,1.0233281440563756e-17,0.17380972951035292,2.0033513617126523e-17,4
0.4170000000000003,0.171925658844336,0.17864720470188833,1.7370458847852464e-17,-0.011847836862881633,0.9847992659437126,1.0775286859295939e-17,0.17369630334789996,2.0068585558137596e-17,4
0.4180000000000003,0.1727477594524183,0.1794251707358322,1.7436314034196312e-17,-0.012114054126805928,0.9848171678156824,1.1175262336901023e-17,0.17359477519642938,2.011527595085344e-17,4
0.4190000000000003,0.17357020862319109,0.18020716701522627,1.7501689547065372e-17,-0.012370217511489128,0.9848331384825348,1.1594443537523807e-17,0.17350414792344607,2.0161391563203728e-17,2
0.4200000000000003,0.1743951554856794,0.18099031275817004,1.7567130200088785e-17,-0.01263052553305315,0.9848363107520778,1.1984161792098448e-17,0.17348614072668095,2.0210204199155397e-17,0
0.4210000000000003,0.17522345756591726,0.18177345850111382,1.7632570853112198e-17,-0.012900643555036789,0.9848394826923678,1.2373882545703912e-17,0.1734681334719155,2.0259016387421942e-17,0
0.4220000000000003,0.17605511486390465,0.1825566042440576,1.769801150613561e-17,-0.013180571577440044,0.9848426543034038,1.2763605798217968e-17,0.17345012615915578,2.030782812803281e-17,0
0.4230000000000003,0.17689012737964158,0.18333974998700137,1.7763452159159025e-17,-0.013470309600262917,0.984845825585185,1.3153331549518383e-17,0.17343211878840778,2.035663942101745e-17,0
0.4240000000000003,0.17772849511312808,0.18412289572994514,1.7828892812182438e-17,-0.013769857623505407,0.9848489965377101,1.3543059799482925e-17,0.17341411135967755,2.040545026640531e-17,2
0.4250000000000003,0.1785692507200807,0.1849073381413861,1.7894098636575744e-17,-0.014072824754278748,0.9848377410212974,1.35361784817421e-17,0.17347802125937775,2.0487166944814347e-17,2
0.4260000000000003,0.17941245439458042,0.18569299653467541,1.795915653959088e-17,-0.014379608673047321,0.9848129411839754,1.3691420562773507e-17,0.17361875151195175,2.0556678254488626e-17,2
0.4270000000000003,0.18025816138175987,0.18647979685694033,1.802407115293947e-17,-0.014690574364368856,0.9847753886242683,1.353462981226657e-17,0.173831625315771,2.0652387429681748e-17,2
0.4280000000000003,0.18110579284796052,0.18726851500088323,1.808894442456185e-17,-0.015001897684165622,0.9847562075362459,1.5034926292066946e-17,0.17394025330219345,2.0615143266674e-17,2
0.4290000000000003,0.18195544189386836,0.18805902617047365,1.815374876229832e-17,-0.015314193714908988,0.9847542322181357,1.6093886997006586e-17,0.17395143612074943,2.0615631502610503e-17,4
0.4300000000000003,0.18280476938514953,0.18885446583862792,1.8218094366028098e-17,-0.015612008644304032,0.984752555769029,1.7709213425276245e-17,0.1739609263782145,2.056906978729059e-17,4
0.4310000000000003,0.18365400285255223,0.18965452901367108,1.8282301752457573e-17,-0.015896845685493537,0.9847511545808753,1.9008692384391317e-17,0.1739688579937061,2.0547804375148842e-17,4
0.43200000000000033,0.1845033517006186,0.19045893500104824,1.8346413214352682e-17,-0.016170088298350597,0.9847500052785798,2.020349337230569e-17,0.17397536349678447,2.053428831152132e-17,2
0.43300000000000033,0.18535501932914444,0.19126473027206148,1.8410485286070293e-17,-0.016446293546298733,0.9847621918850566,2.180882092546791e-17,0.1739063697330842,2.048755486048972e-17,2
0.43400000000000033,0.18620906768149867,0.19207183179524356,1.8474533490559057e-17,-0.01672587066671391,0.9847869032534242,2.3376765448381242e-17,0.17376638104228376,2.04424014597122e-17,4
0.43500000000000033,0.18706334965244134,0.19288311763972937,1.8538174967827177e-17,-0.016994634513888125,0.9848090409037549,2.660419960804411e-17,0.17364087351262564,2.0263648412889396e-17,2
0.43600000000000033,0.1879200729038795,0.19369562856370964,1.860146149198077e-17,-0.01726717030946903,0.9848175215303557,2.9609992036539414e-17,0.1735927685325872,2.0105793815156507e-17,0
0.43700000000000033,0.1887801513730672,0.1945081394876899,1.8664748016134363e-17,-0.017549516105469547,0.9848259998071721,3.261580561337525e-17,0.17354466313835468,1.9947935429201464e-17,0
0.43800000000000033,0.18964358506000442,0.19532065041167018,1.8728034540287955e-17,-0.017841671901889684,0.9848344757341837,3.5621640331562387e-17,0.17349655733004282,1.9790073256437406e-17,0
0.43900000000000033,0.19051037396469123,0.19613316133565045,1.8791321064441548e-17,-0.01814363769872944,0.9848429493113702,3.862749618411151e-17,0.1734484511077664,1.9632207298277482e-17,2
0.44000000000000034,0.19137953868847327,0.1969469850863078,1.8854458895935606e-17,-0.018448942964242952,0.9848368138501294,4.022650645734637e-17,0.1734832847438815,1.9587982094387568e-17,2
0.44100000000000034,0.19225114084272832,0.19776203907718992,1.89176221412831e-17,-0.01875799474246054,0.984816979945944,4.1710646607722306e-17,0.1735958409932435,1.955120662865475e-17,0
0.44200000000000034,0.19312609821473292,0.19857709306807203,1.8980785386630593e-17,-0.019076856521097748,0.9847971331777905,4.3194756888182654e-17,0.17370839497504573,1.9514436076734077e-17,2
0.44300000000000034,0.19400306945487672,0.1993939450597417,1.9043752511819573e-17,-0.01939666648969769,0.9847945209534816,4.46910860018498e-17,0.17372320368909794,1.947593291034494e-17,4
0.44400000000000034,0.19487970350989806,0.20021574650174168,1.9106285096613448e-17,-0.019701892091931728,0.9847921685402841,4.6381376071588734e-17,0.1737365384187393,1.9419074592589633e-17,4
0.44500000000000034,0.19575623028227696,0.201042189223229,1.9168948895903778e-17,-0.019994052210114886,0.9847900577609899,4.7966334584447883e-17,0.17374850254061908,1.9367313983149336e-17,4
0.44600000000000034,0.1966328611765786,0.20187298984873486,1.923176295396086e-17,-0.020274543517546744,0.9847881711088767,4.900687389197952e-17,0.1737591955668391,1.9363664715940437e-17,2
0.44700000000000034,0.19751180889442294,0.20270518238100935,1.9294655514500624e-17,-0.02055798453143037,0.9847996323213742,5.0058126665795196e-17,0.1736942260977244,1.9360772449442575e-17,0
0.44800000000000034,0.19839411183001676,0.20353737491328383,1.9357548075040388e-17,-0.020851235545733614,0.9848110892476384,5.110939347185447e-17,0.17362925587262443,1.9357877585312055e-17,0
0.44900000000000034,0.19927976998336017,0.20436956744555831,1.942044063558015e-17,-0.021154296560456472,0.9848225418876193,5.216067430574761e-17,0.173564284891822,1.93549801245016e-17,0
0.45000000000000034,0.20016878335445312,0.2052017599778328,1.9483333196119914e-17,-0.02146716757559895,0.9848339902412672,5.321196916306473e-17,0.17349931315559988,1.9352080067963955e-17,2
0.45100000000000035,0.20106012832825246,0.20603532460627044,1.9546138998989018e-17,-0.02178308593776822,0.9848301646268153,5.3325088289427214e-17,0.17352102708640574,1.942401395851735e-17,2
0.45200000000000035,0.20195387051047423,0.2068701733902418,1.960900358596551e-17,-0.022102485080139057,0.9848120386858868,5.3416477049417436e-17,0.1736238706495985,1.949676166499372e-17,4
0.45300000000000035,0.20284734198448684,0.20770988251612485,1.9671821676519123e-17,-0.022407739045003743,0.9847957344725521,5.376067858386173e-17,0.17371632440466814,1.9553395258789762e-17,4
0.45400000000000035,0.20374076759065912,0.20855415059854107,1.9734821256521023e-17,-0.02270033327114377,0.9847811074595554,5.398223188778786e-17,0.17379922436746606,1.9623171389573987e-17,2
0.45500000000000035,0.20463639445338636,0.20939996549852127,1.9797813741803056e-17,-0.022995113694556014,0.9847813154039036,5.37810400904446e-17,0.17379804610915106,1.9728309463731883e-17,2
0.45600000000000035,0.2055342943285377,0.21024723103151502,1.986085796889353e-17,-0.023292554380246952,0.9847954356433607,5.351535507479306e-17,0.1737180184552094,1.98394257117492e-17,0
0.45700000000000035,0.2064355494214386,0.21109449656450877,1.9923902195984004e-17,-0.023599805066357504,0.9848095493794192,5.324967616642204e-17,0.17363798965406754,1.9950540689085175e-17,0
0.45800000000000035,0.20734015973208908,0.2119417620975025,1.9986946423074478e-17,-0.023916865752887675,0.9848236566119861,5.2984003367178616e-17,0.17355795970625398,2.0061654395531046e-17,2
0.45900000000000035,0.20824708512420054,0.21279042187242359,2.0049988598370727e-17,-0.024236864636567754,0.9848222364772805,5.2285168061020554e-17,0.17356601781422637,2.020554083950657e-17,2
0.46000000000000035,0.20915639276826842,0.2136403858511472,2.011308868054716e-17,-0.024560245488502445,0.9848062899330812,5.1277446060762255e-17,0.17365647499658862,2.037271509689258e-17,4
0.46100000000000035,0.21006541803000148,0.21449522582026603,2.0176422753935465e-17,-0.02486940403621565,0.9847919545664668,5.3879818009088e-17,0.17373775128382044,2.0248581572345547e-17,2
0.46200000000000035,0.21097657492202543,0.2153517059368881,2.0239789699872234e-17,-0.025180288785723176,0.9847933453019108,5.638166954070082e-17,0.1737298680396449,2.0135537040488466e-17,2
0.46300000000000036,0.21188994120702628,0.2162097219646758,2.0303221866220302e-17,-0.025493413486892474,0.9848094610661892,5.84565159175837e-17,0.1736384905328391,2.0060472500357795e-17,4
0.46400000000000036,0.21280320239687214,0.2170723763397518,2.036622436507066e-17,-0.025793487155946933,0.9848238467132884,6.187818096468534e-17,0.17355688100689692,1.9873173097114924e-17,2
0.46500000000000036,0.213718858056906,0.21793631854080475,2.0429452866081214e-17,-0.026097023514681152,0.9848238899651924,6.550538471133258e-17,0.17355663557993709,1.9666280233402903e-17,2
0.46600000000000036,0.214636968984438,0.21880146707259224,2.0492753226393927e-17,-0.026404424228876625,0.9848104985893661,6.865831182665503e-17,0.17363260600522187,1.9495758377335984e-17,0
0.46700000000000036,0.21555843512971956,0.21966661560437972,2.055605358670664e-17,-0.026721634943491716,0.9847971013530955,7.181120438666337e-17,0.17370857539724777,1.9325242425687868e-17,0
0.46800000000000036,0.21648325649275063,0.2205317641361672,2.0619353947019354e-17,-0.027048655658526422,0.9847836982564604,7.496406237305978e-17,0.17378454375556268,1.915473238210738e-17,2
0.46900000000000036,0.2174101364907379,0.22139865066143957,2.06823642934026e-17,-0.027376920321649387,0.9847869631912833,7.989208853504262e-17,0.17376604135587126,1.8841587399929117e-17,2
0.47000000000000036,0.21833915918475533,0.2222671625012381,2.0745510842221875e-17,-0.027706984293893542,0.9848058113106479,8.37882920555466e-17,0.1736591892436932,1.8617949265532127e-17,4
0.47100000000000036,0.21926785317597536,0.22314061242130576,2.0807890759765315e-17,-0.028022519939417363,0.98482264874209,8.511359947236138e-17,0.17356367858689326,1.860067166137617e-17,2
0.47200000000000036,0.22019887354494289,0.22401544144128874,2.0870397441883425e-17,-0.028341068412559154,0.984824125743009,8.597005594742542e-17,0.1735552976849697,1.8618705906720743e-17,2
0.47300000000000036,0.22113228696019033,0.2248915601959142,2.0933025281182616e-17,-0.0286630701681368,0.9848112400720881,8.6422381389075e-17,0.1736284004063754,1.866518922600385e-17,4
0.47400000000000037,0.22206551502367,0.2257724248771285,2.0995629401806572e-17,-0.02897149066526289,0.9847996385136075,8.519591971403717e-17,0.17369419098941752,1.884554661007547e-17,2
0.47500000000000037,0.2230009208681834,0.22665486784347152,2.1058363702706158e-17,-0.029281942265405442,0.9848031677725713,8.429442835764958e-17,0.17367417984579445,1.9002477750606908e-17,2
0.47600000000000037,0.22393857890517702,0.22753878935074653,2.1121254659905455e-17,-0.029594916578007315,0.9848208671519127,8.346930402049002e-17,0.1735737872553204,1.915374167099861e-17,2
0.47700000000000037,0.2248785808285585,0.22842406648862731,2.1184174595105366e-17,-0.02991101939146495,0.9848234655795909,8.301557225276307e-17,0.1735590436819842,1.9272640714524557e-17,0
0.47800000000000037,0.2258219379696895,0.2293093436265081,2.1247094530305277e-17,-0.030236932205342206,0.9848260637865458,8.256184116561596e-17,0.17354430006974908,1.939153963051097e-17,2
0.47900000000000037,0.22676766380270527,0.23019594314467529,2.1310091242581534e-17,-0.030566137400997895,0.9848139368438569,8.179742906789111e-17,0.17361310376266104,1.9532821641097235e-17,0
0.48000000000000037,0.22771674485347057,0.23108254266284248,2.137308795485779e-17,-0.0309051525970732,0.9848018050942804,8.103301648558691e-17,0.17368190660816551,1.9674103571385592e-17,2
0.48100000000000037,0.22866785404493123,0.23197092105026954,2.1436194219559234e-17,-0.03124521027671407,0.9848067261141974,8.022054068954275e-17,0.1736540013942572,1.9822632725554396e-17,4
0.4820000000000004,0.22961854385303307,0.23286435906996056,2.1499602854746576e-17,-0.031570140536049084,0.984811091120853,8.2782400400129e-17,0.17362924524790044,1.9697289402396048e-17,4
0.4830000000000004,0.23056905499696248,0.23376253405190955,2.1563448098508665e-17,-0.03188153371945004,0.9848149501537842,8.48093591569901e-17,0.17360735570130695,1.9617336058259247e-17,2
0.4840000000000004,0.23152199715966681,0.23466194786858996,2.1627299740022102e-17,-0.032196631055790965,0.9848050093476097,8.72333593730968e-17,0.17366373704333013,1.9502933608618008e-17,0
0.4850000000000004,0.2324782945401207,0.23556136168527037,2.169115138153554e-17,-0.03252153839255151,0.9847950653135641,8.965733876440328e-17,0.17372011781613994,1.9388534716945347e-17,2
0.4860000000000004,0.23343671580582698,0.23646242603122558,2.175482775370611e-17,-0.03284812076244584,0.9848009467140195,9.1412820561576e-17,0.1736867736794348,1.9328992635200113e-17,2
0.4870000000000004,0.23439734024438255,0.23736503462606423,2.181867555792561e-17,-0.03317690198987398,0.9848216267761534,9.25546131462701e-17,0.17356947725326385,1.9323049995894563e-17,2
0.4880000000000004,0.23536024404328215,0.23826908534490063,2.188245763114413e-17,-0.033508385417985634,0.9848262411396267,9.313407731056388e-17,0.17354329362667534,1.9359170373724382e-17,2
0.4890000000000004,0.23632549816284384,0.2391744830695741,2.1946393702638092e-17,-0.033843039855869776,0.9848158567908462,9.322463048057412e-17,0.17360221258184524,1.943085900442568e-17,2
0.4900000000000004,0.2372931677357817,0.2400811404934866,2.201046343800827e-17,-0.03418129561174887,0.9847914309688317,9.275790064094471e-17,0.17374071914885517,1.954428931685645e-17,2
0.4910000000000004,0.23826282190792092,0.24098963515148797,2.207454214778446e-17,-0.03452030618833206,0.984784614480353,9.242133773776865e-17,0.17377935171585576,1.964938228418074e-17,2
0.4920000000000004,0.23923455136423763,0.24189984548566565,2.2138837756317213e-17,-0.034860670708371594,0.9847942527201455,9.190863911599669e-17,0.17372472423167273,1.977197436375254e-17,4
0.4930000000000004,0.24020592177453842,0.24281503457342418,2.2203340081814193e-17,-0.035186306435049365,0.9848028741875495,9.123496776866649e-17,0.17367584458393204,1.9905250631116736e-17,4
0.4940000000000004,0.24117717028634317,0.24373488453236788,2.22682944800156e-17,-0.03549878011603185,0.9848105664572101,9.035328361154498e-17,0.17363222107152107,2.0053543949177607e-17,0
0.4950000000000004,0.24215177401589744,0.2446547344913116,2.2333248878217006e-17,-0.03582106379743395,0.9848182567944933,8.947159910644237e-17,0.1735885972184121,2.0201837257984447e-17,0
0.4960000000000004,0.24312973296320128,0.2455745844502553,2.2398203276418413e-17,-0.03615315747925567,0.984825945199384,8.858991425508735e-17,0.17354497302469074,2.0350130557238717e-17,2
0.4970000000000004,0.24411003851697688,0.24649578639369124,2.2463317011646403e-17,-0.036488397632541116,0.9848185794145246,8.877096101145328e-17,0.17358676689183028,2.0409742656818872e-17,0
0.4980000000000004,0.24509369928850205,0.2474169883371272,2.2528430746874392e-17,-0.03683344778624618,0.9848112118560245,8.895200326601191e-17,0.17362856044634314,2.0469355484962107e-17,0
0.4990000000000004,0.24608071527777672,0.24833819028056314,2.2593544482102382e-17,-0.037188307940370854,0.9848038425238971,8.913304101846966e-17,0.1736703536881541,2.052896904174532e-17,4
0.5000000000000003,0.24706719551856385,0.24926460783691975,2.2658709776971528e-17,-0.03752727189198202,0.9847972005903404,8.764386532066472e-17,0.17370801279569772,2.072387189662537e-17,2
0.5010000000000003,0.24805577281411484,0.25019271188725356,2.2724111232305534e-17,-0.03786773361741889,0.9848067282924335,8.642704795340009e-17,0.17365398904129567,2.089963881347952e-17,4
0.5020000000000003,0.2490440479024721,0.25112571850204773,2.278983140984038e-17,-0.038193842062980536,0.9848152202861796,8.503481099212754e-17,0.17360582332596156,2.1089710904421763e-17,2
0.5030000000000003,0.2500347000867252,0.2520600362320424,2.2855775049295317e-17,-0.038523298412574604,0.9848091075355244,8.359396067685794e-17,0.17364049560826927,2.127832734387483e-17,0
0.5040000000000003,0.25102870748872785,0.252994353962037,2.2921718688750254e-17,-0.038862564762588286,0.9848029935641659,8.215311305423043e-17,0.17367516767534388,2.1466943263919197e-17,0
0.5050000000000003,0.25202607010848005,0.25392867169203165,2.298766232820519e-17,-0.039211641113021584,0.9847968783721117,8.071226812601364e-17,0.17370983952714242,2.1655558664222617e-17,2
0.5060000000000003,0.25302549153292025,0.2548647271879955,2.305380627139085e-17,-0.039561962532899966,0.9848074242093796,8.140255446584008e-17,0.17365004239011336,2.1675556911333415e-17,4
0.5070000000000003,0.25402449009208844,0.25580584698352454,2.3119844359622048e-17,-0.03989713352873483,0.9848168246498249,8.18943827602729e-17,0.17359672199277568,2.1706405922175587e-17,2
0.5080000000000003,0.25502583083576713,0.25674832469092657,2.3185941088652126e-17,-0.040235421781738716,0.9848110998447062,8.159077131171424e-17,0.17362919576690217,2.1798863822005284e-17,0
0.5090000000000003,0.25603052679719535,0.2576908023983286,2.3252037817682205e-17,-0.040583520035162225,0.9848053739687832,8.128715837886493e-17,0.17366166935223826,2.1891321944182518e-17,2
0.5100000000000003,0.25703729778583445,0.2586349961263557,2.331813053100265e-17,-0.0409329705343565,0.9848160970880526,8.028822005590914e-17,0.1736008494111023,2.2040082219031295e-17,2
0.5110000000000003,0.25804634830610673,0.2595806317487774,2.3384274346213786e-17,-0.041285124365879965,0.9848107589004972,8.005124990847143e-17,0.17363112956445215,2.2124524850373444e-17,4
0.5120000000000003,0.25905497570141595,0.26053133201886486,2.345084033723561e-17,-0.041622126057675395,0.9848059217757974,8.068842740446055e-17,0.1736585628044952,2.213370648872632e-17,4
0.5130000000000003,0.2600634237222533,0.2614867702033254,2.3517770570574812e-17,-0.04194558598084528,0.9848015486604486,8.096928521178845e-17,0.17368336061921152,2.217177025731619e-17,0
0.5140000000000003,0.2610752269608402,0.2624422083877859,2.3584700803914014e-17,-0.04227885590443479,0.9847971749206806,8.125014045760868e-17,0.1737081583238029,2.2209834454550845e-17,0
0.5150000000000003,0.26209038541717655,0.26339764657224646,2.3651631037253217e-17,-0.04262193582844391,0.9847928005564963,8.153099314175432e-17,0.1737329559182536,2.2247899080469355e-17,0
0.5160000000000003,0.2631088990912625,0.264353084756707,2.371856127059242e-17,-0.04297482575287265,0.9847884255678986,8.181184326405842e-17,0.17375775340254795,2.2285964135110792e-17,0
0.5170000000000003,0.264130767983098,0.2653085229411675,2.3785491503931622e-17,-0.043337525677721,0.98478404995489,8.209269082435408e-17,0.17378255077667018,2.2324029618514228e-17,2
0.5180000000000003,0.2651546582393623,0.2662657490780773,2.3852473480256862e-17,-0.043701223317799194,0.9847968214545767,8.387489084003e-17,0.1737101622040692,2.2241579069784105e-17,2
0.5190000000000003,0.2661806589243768,0.2672246437819169,2.391959600066018e-17,-0.044066507088781175,0.9848255767071039,8.497268544693732e-17,0.17354706411668747,2.2216529394022527e-17,2
0.5200000000000004,0.26720879362987193,0.26818517542935005,2.398662732429905e-17,-0.044433532852674096,0.9848360918616309,8.621390156889176e-17,0.1734873833070021,2.2176143879361064e-17,2
0.5210000000000004,0.2682391462504863,0.26914723156451514,2.405378836032831e-17,-0.0448028548709319,0.9848296386053655,8.74809097242523e-17,0.17352401252975472,2.2129695865994958e-17,4
0.5220000000000004,0.26926885810014023,0.27011464408909,2.4121493792971944e-17,-0.045155586841283256,0.9848237514785391,8.845953149849318e-17,0.17355742140207706,2.210571391254381e-17,4
0.5230000000000004,0.27029819197885724,0.2710870607349966,2.4189644795882664e-17,-0.0454934649881827,0.984818389959882,8.858762994844749e-17,0.17358784173100075,2.2151534846740517e-17,4
0.5240000000000004,0.2713273894827212,0.2720641576567992,2.4258252762007718e-17,-0.04581808544934589,0.9848135162650609,8.86345410515794e-17,0.17361548946349195,2.220739404306455e-17,2
0.5250000000000004,0.2723590741881351,0.27304241810360574,2.4327067119245025e-17,-0.046146781242669306,0.984795677068002,8.9116122639028e-17,0.17371664983005128,2.2223958018677025e-17,0
0.5260000000000004,0.2733941141112985,0.2740206785504123,2.439588147648233e-17,-0.04648528703641234,0.9847778274797172,8.959769219677458e-17,0.17381780836361216,2.2240523715941704e-17,0
0.5270000000000004,0.2744325092522114,0.27499893899721883,2.4464695833719638e-17,-0.04683360283057499,0.9847599675003949,9.007924971993876e-17,0.1739189650631072,2.22570911358229e-17,2
0.5280000000000004,0.27547294829572777,0.2759789571853684,2.453349786250018e-17,-0.047183065241513784,0.9847589725376723,9.049143314444331e-17,0.173924598624085,2.2281639118719765e-17,2
0.5290000000000004,0.2765155184059226,0.2769606162765107,2.4602467574582868e-17,-0.0475342501306641,0.9847737231784255,9.059557894555598e-17,0.17384105998670996,2.2334330991775877e-17,0
0.5300000000000004,0.27756144373386693,0.277942275367653,2.4671437286665556e-17,-0.047895245020234026,0.9847884667324659,9.069973183711996e-17,0.17375752009832504,2.2387021337349602e-17,0
0.5310000000000004,0.2786107242795608,0.27892393445879526,2.4740406998748244e-17,-0.048266049910223575,0.9848032031996875,9.080389181850162e-17,0.17367397895953143,2.2439710155718564e-17,0
0.5320000000000004,0.27966336004300424,0.27990559354993755,2.480937671083093e-17,-0.04864666480063274,0.9848179325799844,9.090805888906724e-17,0.17359043657093032,2.249239744716041e-17,0
0.5330000000000004,0.2807193510241972,0.28088725264107983,2.487834642291362e-17,-0.04903708969146152,0.9848326548732503,9.101223304818303e-17,0.17350689293312288,2.2545083211952808e-17,2
0.5340000000000004,0.2817774631960375,0.2818705658734577,2.4947274686818552e-17,-0.04942917181314518,0.9848289619778573,9.113030728664576e-17,0.1735278526623807,2.2595123467536187e-17,4
0.5350000000000004,0.2828346614747068,0.2828596015996122,2.5016695435642366e-17,-0.04980285946751997,0.9848255472574619,9.129474497484506e-17,0.1735472312341556,2.264608694215113e-17,4
0.5360000000000004,0.2838912321827351,0.2838539760209196,2.508660165068737e-17,-0.05016004428371098,0.984822393716717,9.121329923123221e-17,0.17356512562746168,2.2717816009973386e-17,4
0.5370000000000004,0.28494743869763023,0.2848533360952177,2.5156970720780257e-17,-0.05050246630140386,0.9848194856324166,9.165343731832111e-17,0.17358162552154857,2.2745038417514363e-17,4
0.5380000000000004,0.28600352308390065,0.28585735734917506,2.5227788023804085e-17,-0.050831724753024415,0.9848168081506096,9.215209106780953e-17,0.17359681559304632,2.277237068081057e-17,2
0.5390000000000004,0.28706208710336156,0.28686255227307994,2.5298823750812488e-17,-0.05116500853539954,0.9848010551260088,9.147791281373135e-17,0.1736861589842458,2.28899059203383e-17,0
0.5400000000000004,0.288124006340572,0.2878677471969848,2.5369859477820892e-17,-0.051508102318194283,0.984785293996102,9.080373478869717e-17,0.17377550094593883,2.3007440798290735e-17,0
0.5410000000000004,0.2891892807955321,0.2888729421208897,2.5440895204829296e-17,-0.051861006101408647,0.984769524761019,9.012955699824003e-17,0.1738648414773901,2.3124975313611432e-17,0
0.5420000000000004,0.2902579104682416,0.2898781370447946,2.55119309318377e-17,-0.052223719885042624,0.9847537474208895,8.945537944789296e-17,0.17395418057786427,2.3242509465243957e-17,0
0.5430000000000004,0.29132989535870074,0.2908833319686995,2.5582966658846103e-17,-0.05259624366909622,0.9847379619758434,8.878120214318901e-17,0.1740435182466261,2.3360043252131875e-17,2
0.5440000000000004,0.2924038404644842,0.29189039681185563,2.565407822710109e-17,-0.052969361178421374,0.9847401290441332,8.955338915230459e-17,0.17403125653211035,2.3362558946195923e-17,2
0.5450000000000004,0.29347984052170517,0.2928992045860382,2.5725386010520882e-17,-0.05334369830016312,0.9847590265784077,9.00274884798367e-17,0.17392429264581782,2.339274124756017e-17,2
0.5460000000000004,0.29455798292373736,0.2939096381455355,2.5796840633513516e-17,-0.053719832410649156,0.984793503003858,9.027368165365834e-17,0.1737289740987142,2.344427936079199e-17,0
0.5470000000000004,0.2956394805435191,0.2949200717050328,2.586829525650615e-17,-0.05410577652155481,0.984827940689542,9.051989714062976e-17,0.17353364871746738,2.3495811989006118e-17,0
0.5480000000000004,0.29672433338105036,0.29593050526453013,2.5939749879498786e-17,-0.054501530632880074,0.9848623396341052,9.076613493196982e-17,0.17333831650976103,2.354733913530533e-17,2
0.5490000000000004,0.29781120684395,0.2969427277671442,2.6010885050113147e-17,-0.05489827757673046,0.9848768258321716,8.927025020512794e-17,0.1732559896186794,2.373832964800844e-17,2
0.5500000000000004,0.298900194981782,0.29795661314492883,2.6082172801176102e-17,-0.055296638704470776,0.9848728303972077,8.772360474799526e-17,0.1732787002069059,2.3930293202104686e-17,2
0.5510000000000004,0.29999138426382144,0.298972045490873,2.6153603155995965e-17,-0.05569718528724289,0.9848516351338369,8.592463141155386e-17,0.17339912564430585,2.4138930946863407e-17,4
0.5520000000000004,0.30108161621905266,0.2999932585508468,2.622544652247023e-17,-0.05607905045241615,0.9848324659054739,8.228363311896344e-17,0.17350796551900874,2.4508120352453015e-17,4
0.5530000000000004,0.30217118242378777,0.30101986148383864,2.62977204354383e-17,-0.056444160538948726,0.9848151676460767,7.90861753585778e-17,0.17360612193765496,2.484239919734263e-17,4
0.5540000000000004,0.30326035114917566,0.30205149468804654,2.6370352642225688e-17,-0.05679428791703705,0.9847995962051808,7.605321483795533e-17,0.1736944308667232,2.516932020722999e-17,4
0.5550000000000004,0.3043493690061149,0.3030878275959686,2.6443304768296078e-17,-0.05713106185545867,0.984785616339235,7.325253802013827e-17,0.17377367421837756,2.5477055990903504e-17,2
0.5560000000000004,0.3054405635949798,0.3041257401952875,2.651633210308684e-17,-0.057469859965819825,0.9847867855952159,7.128673342330555e-17,0.1737670478457982,2.571922289024383e-17,2
0.5570000000000004,0.30653401226832816,0.3051651287994186,2.6589441610675125e-17,-0.05781119328841954,0.9848021079318439,6.926696731649624e-17,0.1736801894661526,2.5970359102938775e-17,0
0.5580000000000004,0.307630816159426,0.3062045174035497,2.666255111826341e-17,-0.05816233661143888,0.9848174226075463,6.724719047129571e-17,0.17359332973542238,2.6221496912404582e-17,0
0.5590000000000004,0.3087309752682735,0.3072439060076808,2.6735660625851695e-17,-0.058523289934877834,0.9848327296222043,6.522740290325747e-17,0.17350646865428326,2.6472636315788006e-17,0
0.5600000000000004,0.3098344895948704,0.3082832946118119,2.680877013343998e-17,-0.0588940532587364,0.9848480289756986,6.320760462793523e-17,0.17341960622341093,2.6723777310235778e-17,0
0.5610000000000004,0.310941359139217,0.30932268321594303,2.6881879641028265e-17,-0.059274626583014585,0.9848633206679103,6.118779566088285e-17,0.1733327424434811,2.6974919892894604e-17,0
0.5620000000000004,0.31205158390131305,0.31036207182007414,2.695498914861655e-17,-0.05966500990771239,0.9848786046987204,5.916797601765436e-17,0.1732458773151695,2.7226064060911164e-17,0
0.5630000000000004,0.31316516388115867,0.31140146042420525,2.7028098656204835e-17,-0.06006520323282981,0.98489388106801,5.714814571380395e-17,0.17315901083915186,2.747720981143211e-17,2
0.5640000000000004,0.3142808698730022,0.31244249670683294,2.7101303630823377e-17,-0.06046708564171779,0.9848908549209803,5.369427790340843e-17,0.17317622207745895,2.7842327457263707e-17,2
0.5650000000000004,0.31539878770735436,0.3134850656171722,2.717457094661521e-17,-0.060871224185434857,0.9848707995304807,5.0820381905511363e-17,0.17329024274953436,2.815673945145239e-17,2
0.5660000000000004,0.3165189962260979,0.3145290614722854,2.7247895661774568e-17,-0.06127813974370969,0.9848348560455796,4.815173666504598e-17,0.17349439851961623,2.8453547349886525e-17,2
0.5670000000000004,0.3176415678081054,0.3155743872525223,2.732127280818015e-17,-0.061688310497506504,0.9847840476860481,4.5755281428604366e-17,0.17378256363365202,2.8727828125563706e-17,4
0.5680000000000004,0.31876314551647233,0.31662554273568266,2.739511066492555e-17,-0.06207955838203554,0.9847384605199168,4.569918549820613e-17,0.17404069746144246,2.88023381539939e-17,2
0.5690000000000004,0.3198864635538441,0.3176788628828593,2.746915891527841e-17,-0.06246994728266135,0.9847136180865149,4.603624924900978e-17,0.17418119977473515,2.8847343846332674e-17,2
0.5700000000000004,0.32101163499593577,0.31873419612266246,2.7543243112774882e-17,-0.06286022424962782,0.9847081103647451,4.5628061004052977e-17,0.17421233418416043,2.8952566044388244e-17,2
0.5710000000000004,0.3221387644394117,0.3197914022493743,2.7617357295214495e-17,-0.06325108031516621,0.9847206001031439,4.5510945242446115e-17,0.1741417231237391,2.903573186279149e-17,2
0.5720000000000004,0.3232679485886774,0.320850351636389,2.7691465768556496e-17,-0.06364315437021553,0.9847498228459355,4.480980889503617e-17,0.17397639611424212,2.916887416900041e-17,4
0.5730000000000004,0.3243964346874155,0.32191473419272687,2.776564122924021e-17,-0.06401825995202926,0.9847760820768412,4.5878613899664665e-17,0.17382769678445245,2.915892731960335e-17,4
0.5740000000000004,0.32552449739727163,0.32298418175049864,2.783984812100459e-17,-0.06437821165049748,0.9847996252659345,4.70089844689383e-17,0.1736942661001682,2.914221098899787e-17,4
0.5750000000000004,0.3266523886332623,0.32405835663234195,2.7914117913638715e-17,-0.06472467377678252,0.9848206812577857,4.808727847466518e-17,0.17357484197588072,2.9131211419354566e-17,2
0.5760000000000004,0.3277826275629458,0.3251338820413211,2.7988433994810297e-17,-0.06507428955740685,0.9848266904151208,4.916559833786634e-17,0.17354074405165087,2.91190307999642e-17,0
0.5770000000000004,0.3289162217103788,0.32620940745030025,2.806275007598188e-17,-0.0654337153384508,0.9848326983918672,5.02439253697418e-17,0.17350664591938414,2.9106848872056356e-17,0
0.5780000000000004,0.3300531710755614,0.3272849328592794,2.813706615715346e-17,-0.06580295111991437,0.9848387051880173,5.1322259569042984e-17,0.1734725475791214,2.909466563589588e-17,0
0.5790000000000004,0.33119347565849355,0.32836045826825855,2.821138223832504e-17,-0.06618199690179755,0.9848447108035641,5.240060093452129e-17,0.1734384490309035,2.908248109174763e-17,0
0.5800000000000004,0.33233713545917526,0.3294359836772377,2.8285698319496624e-17,-0.06657085268410035,0.9848507152385002,5.3478949464928085e-17,0.17340435027477133,2.9070295239876454e-17,0
0.5810000000000004,0.33348415047760643,0.33051150908621685,2.8360014400668206e-17,-0.06696951846682277,0.9848567184928185,5.455730515901475e-17,0.17337025131076578,2.905810808054721e-17,0
0.5820000000000004,0.3346345207137872,0.331587034495196,2.843433048183979e-17,-0.0673779942499648,0.9848627205665119,5.563566801553264e-17,0.1733361521389277,2.904591961402477e-17,0
0.5830000000000004,0.3357882461677175,0.33266255990417515,2.850864656301137e-17,-0.06779628003352645,0.9848687214595732,5.671403803323306e-17,0.173302052759298,2.9033729840573985e-17,2
0.5840000000000004,0.3369441048470537,0.333739723322499,2.858281335539122e-17,-0.06821630255722907,0.9848565109551688,5.691607620051527e-17,0.17337143025658006,2.9089093478114995e-17,2
0.5850000000000004,0.3381021825074781,0.3348184097996857,2.865703541304429e-17,-0.06863862837776694,0.9848273461170629,5.705151757838974e-17,0.17353702296635012,2.9148190021011583e-17,2
0.5860000000000004,0.3392625578820036,0.33589851379873087,2.8731302994334904e-17,-0.0690637776556062,0.9847823531669768,5.718337149085468e-17,0.17379216579268586,2.9205271950083416e-17,2
0.5870000000000004,0.34042454685439655,0.3369809523374781,2.880559496281736e-17,-0.06948723068287438,0.9847597133207938,5.997390796135558e-17,0.1739204042668621,2.9050662020054125e-17,2
0.5880000000000004,0.3415882734703637,0.33806555913990466,2.887997993855799e-17,-0.06990980698457204,0.984757876983387,6.236933477672209e-17,0.1739308015251274,2.8930889011577595e-17,4
0.5890000000000004,0.34275092586929035,0.3391561033408883,2.8953841157803625e-17,-0.07031292961729423,0.9847563073826126,6.491688757309669e-17,0.17393968802479284,2.8795763208778427e-17,4
0.5900000000000004,0.3439128094002974,0.3402521756377719,2.9027951470538324e-17,-0.0706986159119523,0.9847549847363835,6.709087610052677e-17,0.1739471759956047,2.8689955615870346e-17,4
0.5910000000000004,0.3450742050218723,0.3413533994221172,2.910229135103879e-17,-0.07106872205938805,0.9847538885455276,6.91789952382282e-17,0.17395338167010005,2.859304588012993e-17,2
0.5920000000000004,0.3462377397732612,0.3424562533012931,2.9176749122055664e-17,-0.07144060395524787,0.9847684374256861,7.129246056296121e-17,0.17387100002637948,2.849647324209359e-17,2
0.5930000000000004,0.34740349593172387,0.34356062698743983,2.9251279718967185e-17,-0.07181480517555015,0.9847975531187863,7.322125833843515e-17,0.17370601420576134,2.8417481405463794e-17,0
0.5940000000000004,0.34857260730793604,0.3446650006735866,2.9325810315878706e-17,-0.07219881639627206,0.9848266411705447,7.515010721911301e-17,0.17354102350955505,2.833847939438214e-17,0
0.5950000000000004,0.3497450739018978,0.3457693743597333,2.940034091279023e-17,-0.07259263761741358,0.9848557015801451,7.707900715242599e-17,0.1733760279423916,2.8259467219972423e-17,2
0.5960000000000004,0.35091967893321147,0.3468753790689157,2.94747643007014e-17,-0.07298823001213305,0.9848666070060661,7.852812414981993e-17,0.17331406868560845,2.8216793560630436e-17,2
0.5970000000000004,0.3520965080830578,0.3479828999505164,2.9549273328422066e-17,-0.0733861596449217,0.9848606547742446,7.942095888390769e-17,0.17334788916409458,2.821900360559862e-17,2
0.5980000000000004,0.3532756399945766,0.34909183158800144,2.962386095096344e-17,-0.07378694608248405,0.9848390075241015,8.001284635783651e-17,0.17347083114732548,2.8241522285669106e-17,0
0.5990000000000004,0.35445812712384495,0.3502007632254865,2.969844857350482e-17,-0.07419754252046602,0.9848173449268824,8.060471552660539e-17,0.17359377042730237,2.826404353031254e-17,0
0.6000000000000004,0.35564396947086285,0.35130969486297153,2.9773036196046194e-17,-0.0746179489588676,0.9847956669829251,8.119656638136628e-17,0.17371670700210942,2.8286567341307374e-17,0
0.6010000000000004,0.3568331670356302,0.3524186265004566,2.984762381858757e-17,-0.0750481653976888,0.9847739736925674,8.178839891327162e-17,0.1738396408698309,2.830909372043199e-17,2
0.6020000000000004,0.3580241092050993,0.35352971707063624,2.992214820414781e-17,-0.07547755110058456,0.9847729866409136,8.219195797120664e-17,0.17384523226806142,2.834719711904164e-17,2
0.6030000000000004,0.35921691045529885,0.3546428131250817,2.999682150718292e-17,-0.07590686236916515,0.9847912366563775,8.248022762434899e-17,0.1737418205407207,2.839672860094459e-17,4
0.6040000000000004,0.3604086372513004,0.3557618468959802,3.0071486137693927e-17,-0.07631671840195585,0.9848075666254654,8.485316938834551e-17,0.1736492347153614,2.8271887473112003e-17,4
0.6050000000000004,0.3615995968878331,0.35688640647270004,3.014651710017406e-17,-0.07670914938379772,0.9848221406830177,8.68262921641052e-17,0.17356656135477233,2.817943674252498e-17,4
0.6060000000000004,0.36279007167025806,0.35801611344139783,3.0221858159535467e-17,-0.0770860204038372,0.9848351101009744,8.835046968795167e-17,0.1734929563769173,2.8121943845072126e-17,2
0.6070000000000004,0.3639828555216715,0.3591472227113911,3.029739198113824e-17,-0.07746578989880099,0.9848324695233114,9.034864907337286e-17,0.17350794498413427,2.802004464860802e-17,0
0.6080000000000004,0.36517899459083447,0.36027833198138437,3.0372925802741016e-17,-0.07785536939418439,0.9848298287175306,9.23468240300321e-17,0.1735229335511614,2.7918146222226587e-17,0
0.6090000000000004,0.366378488877747,0.36140944125137764,3.044845962434379e-17,-0.0782547588899874,0.9848271876836326,9.434499455747836e-17,0.17353792207799526,2.781624856601852e-17,0
0.6100000000000004,0.3675813383824091,0.3625405505213709,3.0523993445946565e-17,-0.07866395838621003,0.9848245464216183,9.634316065526063e-17,0.17355291056463235,2.7714351680074498e-17,0
0.6110000000000004,0.3687875431048207,0.3636716597913642,3.059952726754934e-17,-0.07908296788285228,0.9848219049314881,9.834132232292786e-17,0.1735678990110692,2.7612455564485215e-17,0
0.6120000000000004,0.3699971030449818,0.36480276906135745,3.0675061089152114e-17,-0.07951178737991414,0.9848192632132425,1.0033947956002908e-16,0.17358288741730235,2.7510560219341354e-17,0
0.6130000000000004,0.3712100182028925,0.3659338783313507,3.075059491075489e-17,-0.07995041687739562,0.9848166212668823,1.0233763236611324e-16,0.17359787578332833,2.74086656447336e-17,0
0.6140000000000004,0.37242628857855276,0.367064987601344,3.082612873235766e-17,-0.08039885637529672,0.984813979092408,1.0433578074072938e-16,0.17361286410914367,2.730677184075264e-17,2
0.6150000000000004,0.3736446584949919,0.3681977800329565,3.090163734451364e-17,-0.08084881007122341,0.9847925818043348,1.0722519114802569e-16,0.17373419589463143,2.712716575667782e-17,4
0.6160000000000004,0.3748617038886576,0.3693368453833378,3.0976712491930545e-17,-0.08127765641896548,0.9847733795533963,1.1368068415618737e-16,0.17384300654033857,2.6650485314901506e-17,4
0.6170000000000004,0.3760777521550993,0.37048174479788076,3.1052378390642633e-17,-0.081687558402195,0.9847562002306701,1.1896618625427623e-16,0.17394029466243344,2.6270381157831657e-17,2
0.6180000000000004,0.3772956970585922,0.37162859935463616,3.112827032429052e-17,-0.08209763407209957,0.9847577841195985,1.234370616378166e-16,0.17393132729862126,2.5957195542933078e-17,2
0.6190000000000004,0.37851564145941596,0.37277727117540804,3.1204430262698395e-17,-0.0825085629892479,0.9847768057954299,1.2702134946273437e-16,0.17382359669317565,2.5718486558753496e-17,2
0.6200000000000004,0.3797376802531888,0.3739276330581643,3.12808062214221e-17,-0.08292097209457683,0.98481201614422,1.292977449018871e-16,0.17362399850815063,2.5590209728781223e-17,4
0.6210000000000004,0.3809590109406378,0.3750834415894513,3.1357002591551194e-17,-0.08331634629167017,0.984843469000576,1.2940215197740134e-16,0.17344550027865607,2.563617929329502e-17,2
0.6220000000000004,0.3821825004756737,0.3762408537850461,3.1433232913687796e-17,-0.08371362650536357,0.9848570602006282,1.3040902653008305e-16,0.17336831017512377,2.5604349837008874e-17,2
0.6230000000000004,0.38340823369402355,0.3773997559276134,3.1509638527820823e-17,-0.08411337321453971,0.9848540791454994,1.3101109817811852e-16,0.17338524386599957,2.5599434670884826e-17,2
0.6240000000000004,0.38463628843446135,0.3785600436788238,3.158620064622598e-17,-0.08451610067175253,0.9848356816850765,1.3093948476339755e-16,0.17348971174076094,2.5643949857136948e-17,0
0.6250000000000004,0.38586769839264873,0.3797203314300342,3.166276276463113e-17,-0.08492863812938496,0.9848172731432793,1.3086786759268895e-16,0.17359417766341548,2.568846515695841e-17,0
0.6260000000000004,0.3871024635685856,0.3808806191812446,3.173932488303629e-17,-0.08535098558743702,0.9847988535203147,1.307962466668412e-16,0.17369864163278775,2.5732980570090456e-17,0
0.6270000000000004,0.38834058396227206,0.382040906932455,3.181588700144144e-17,-0.08578314304590869,0.9847804228163901,1.307246219867029e-16,0.17380310364770232,2.5777496096274328e-17,0
0.6280000000000004,0.389582059573708,0.3832011946836654,3.1892449119846597e-17,-0.08622511050479997,0.9847619810317129,1.306529935531227e-16,0.17390756370698376,2.5822011735251258e-17,2
0.6290000000000004,0.39082529181562164,0.3843636252477201,3.196907721453755e-17,-0.08666632667770764,0.9847640987434902,1.3047660836765507e-16,0.1738955716110139,2.587707388898364e-17,2
0.6300000000000004,0.3920703951809626,0.38552804515350925,3.2046038552540575e-17,-0.08710754797803016,0.9847853005036746,1.3055867965630525e-16,0.17377546406753477,2.5916952145703445e-17,2
0.6310000000000004,0.3933174753272127,0.38669431277335126,3.212327179640614e-17,-0.08754947244643511,0.9848241931844585,1.3054557240169854e-16,0.17355491499401637,2.597093413834731e-17,2
0.6320000000000005,0.3945664978949638,0.38786247416402514,3.220046139067801e-17,-0.08799187308277366,0.9848419707564233,1.3177865803275705e-16,0.17345400726591492,2.5919932123668137e-17,2
0.6330000000000005,0.3958175657552588,0.3890323914329081,3.227785076652483e-17,-0.0884354295187208,0.9848402063328361,1.326918374366975e-16,0.17346402506080771,2.5888329359232417e-17,4
0.6340000000000005,0.39706751638515564,0.390208303757241,3.235614290300116e-17,-0.08885924811203688,0.9848384885918436,1.3581799079749876e-16,0.17347377723486845,2.5678358455715718e-17,4
0.6350000000000005,0.39831666315982306,0.39138979107591876,3.2435143940341316e-17,-0.08926539921881987,0.9848368212063158,1.3867902429651196e-16,0.173483242983981,2.5497127390217467e-17,2
0.6360000000000005,0.39956811384018587,0.3925726876169848,3.251415409781725e-17,-0.08967441468852175,0.9848194660229134,1.4143465469541207e-16,0.17358173677649297,2.532063701969234e-17,2
0.6370000000000005,0.4008219417002988,0.39375689516084944,3.259332867173247e-17,-0.09008677861625114,0.9847874898077646,1.4352429302762785e-16,0.17376305682774462,2.5192779805711797e-17,2
0.6380000000000005,0.4020776272491709,0.39494311005483623,3.267235457889454e-17,-0.09049905891341517,0.9847747470900838,1.439408678147017e-16,0.17383525963872096,2.520390166106315e-17,2
0.6390000000000005,0.4033352765025375,0.39613119019104576,3.2751657906990295e-17,-0.09091195598753186,0.9847798966844278,1.438199947191661e-16,0.17380608472147316,2.5265274833344945e-17,0
0.6400000000000005,0.4045962809736535,0.3973192703272553,3.283096123508605e-17,-0.09133466306206818,0.9847850454144362,1.4369912302020977e-16,0.17377690965167678,2.5326647714687432e-17,0
0.6410000000000005,0.4058606406625192,0.3985073504634648,3.2910264563181804e-17,-0.0917671801370241,0.9847901932801045,1.4357825271794676e-16,0.17374773442935743,2.5388020305081854e-17,0
0.6420000000000005,0.40712835556913435,0.39969543059967433,3.298956789127756e-17,-0.09220950721239965,0.9847953402814283,1.4345738381249112e-16,0.1737185590545407,2.544939260451946e-17,0
0.6430000000000005,0.4083994256934991,0.40088351073588385,3.3068871219373314e-17,-0.0926616442881948,0.9848004864184031,1.4333651630395687e-16,0.17368938352725222,2.5510764612991504e-17,0
0.6440000000000005,0.4096738510356133,0.4020715908720934,3.314817454746907e-17,-0.09312359136440958,0.9848056316910242,1.4321565019245808e-16,0.1736602078475176,2.557213633048923e-17,0
0.6450000000000005,0.4109516315954771,0.4032596710083029,3.3227477875564823e-17,-0.09359534844104397,0.9848107760992872,1.430947854781088e-16,0.17363103201536242,2.563350775700389e-17,4
0.6460000000000005,0.4122279354065135,0.40445422811341303,3.330702961499986e-17,-0.0940449924671579,0.9848153181798607,1.400839427512459e-16,0.17360526800273132,2.59209733176006e-17,4
0.6470000000000005,0.41350310628580894,0.40565480132070597,3.338738253414383e-17,-0.09447479491756215,0.9848193134104639,1.3659226298667909e-16,0.17358260262406197,2.6250094318402542e-17,4
0.6480000000000005,0.4147774603898322,0.40686096684090606,3.346846431217152e-17,-0.09488684452339673,0.9848228126939276,1.33147696173882e-16,0.17356274830049712,2.6579164975378583e-17,2
0.6490000000000005,0.4160540911309244,0.408068578135495,3.354970252857734e-17,-0.09530157833822417,0.9848102110754862,1.2836006466556808e-16,0.17363423672034525,2.701123349928844e-17,0
0.6500000000000005,0.4173340770897662,0.409276189430084,3.3630940744983156e-17,-0.09572612215347123,0.9847976042676908,1.2357246804989201e-16,0.17370572422524602,2.744329560960711e-17,0
0.6510000000000005,0.41861741826635757,0.41048380072467294,3.371217896138897e-17,-0.0961604759691379,0.9847849922706079,1.187849063516262e-16,0.17377721081482272,2.787535130147593e-17,0
0.6520000000000005,0.41990411466069844,0.4116914120192619,3.379341717779479e-17,-0.0966046397852242,0.9847723750843039,1.1399737959554261e-16,0.17384869648869866,2.83074005700363e-17,2
0.6530000000000005,0.42119263638828763,0.41290107403464504,3.387511192322555e-17,-0.09704850620961802,0.9847794307224071,1.0882882637935075e-16,0.17380872482718604,2.877585299501053e-17,2
0.6540000000000005,0.4224830932242771,0.4141126396236444,3.395701318929502e-17,-0.09749280048694052,0.9848047362601728,1.045531960556897e-16,0.17366528564895278,2.917964305765861e-17,0
0.6550000000000005,0.4237769052780161,0.4153242052126438,3.403891445536449e-17,-0.09794690476468264,0.9848300209051405,1.0027750660531189e-16,0.1735218427863813,2.9583442536797176e-17,2
0.6560000000000005,0.4250727180451827,0.41653758643555316,3.412105035593417e-17,-0.09840187032397817,0.9848350835023079,9.649581113703341e-17,0.17349310736453885,2.9942302930510015e-17,2
0.6570000000000005,0.42637063029767014,0.41775265089442015,3.420332846756597e-17,-0.09885834971490756,0.984821408960614,9.317559027760954e-17,0.17357071311955818,3.026100939128759e-17,4
0.6580000000000005,0.4276673794243965,0.41897377192878993,3.4286298578904876e-17,-0.0992947880491856,0.9848090627822985,9.159531708299033e-17,0.17364074942781055,3.0435566795460145e-17,4
0.6590000000000005,0.42896328440915954,0.42020052195951735,3.436963787920709e-17,-0.09971329273709043,0.9847979423482827,8.999290823977812e-17,0.1737038075189756,3.06137391946873e-17,0
0.6600000000000005,0.43026254461167224,0.42142727199024477,3.4452977179509305e-17,-0.10014160742541486,0.984786817876608,8.839050721615117e-17,0.1737668648979573,3.0791910024058395e-17,0
0.6610000000000005,0.4315651600319344,0.4226540220209722,3.453631647981152e-17,-0.10057973211415892,0.9847756893673204,8.67881140185868e-17,0.17382992156449714,3.0970079282318623e-17,0
0.6620000000000005,0.43287113066994615,0.4238807720516996,3.4619655780113735e-17,-0.1010276668033226,0.9847645568204654,8.518572865356226e-17,0.17389297751833657,3.114824696821317e-17,2
0.6630000000000005,0.43417893550333414,0.4251095609240564,3.4703034231997536e-17,-0.10147536264965965,0.9847729870352714,8.667580726720627e-17,0.1738452300341588,3.107973466906028e-17,0
0.6640000000000005,0.4354900955544717,0.42633834979641316,3.478641268388134e-17,-0.1019328684964163,0.9847814149349836,8.816589687585877e-17,0.17379748214128987,3.1011220319885765e-17,0
0.6650000000000005,0.4368046108233588,0.42756713866876994,3.486979113576514e-17,-0.10240018434359258,0.9847898405195823,8.965599747611258e-17,0.17374973383984205,3.0942703921393686e-17,2
0.6660000000000005,0.4381209708644616,0.4287979522051207,3.495311903597111e-17,-0.10286733122528521,0.9848176701480922,9.171207180044426e-17,0.17359192540001273,3.08289839312484e-17,2
0.6670000000000005,0.4394392816209875,0.4300306483947856,3.503634719559418e-17,-0.10333500906984568,0.9848245197212,9.309596576149168e-17,0.1735530620758618,3.076439935679672e-17,4
0.6680000000000005,0.44075631290244205,0.4312695571194063,3.5120105359009985e-17,-0.10378187718005427,0.9848305570413123,9.543679795043378e-17,0.17351879989701072,3.0611517408433905e-17,2
0.6690000000000005,0.44207549151498676,0.432510084945526,3.5203896642493126e-17,-0.10423057522154447,0.9848185687139261,9.736414061764107e-17,0.17358682760006383,3.048780000919276e-17,4
0.6700000000000005,0.4433936993327496,0.43375641153870736,3.528743671891632e-17,-0.10466050286741715,0.9848077439385566,1.0024777643954108e-16,0.17364822912615802,3.0283232806074536e-17,0
0.6710000000000005,0.44471526236826187,0.4350027381318887,3.537097679533952e-17,-0.10510024051370945,0.9847969153349212,1.0313139024983297e-16,0.17370962997722542,3.0078669297763337e-17,0
0.6720000000000005,0.4460401806215238,0.4362490647250701,3.5454516871762714e-17,-0.10554978816042136,0.9847860829030619,1.0601498203754495e-16,0.17377103015302736,2.987410948640245e-17,2
0.6730000000000005,0.44736694741867167,0.4374974109265419,3.553784966218218e-17,-0.1059991917597069,0.9847946184266658,1.0790817730069086e-16,0.173722651136455,2.9751238561319924e-17,0
0.6740000000000005,0.4486970694335691,0.43874575712801367,3.5621182452601647e-17,-0.10645840535941206,0.9848031515735817,1.0980138466071486e-16,0.17367427170062308,2.9628365384546906e-17,0
0.6750000000000005,0.450030546666216,0.43999410332948546,3.570451524302111e-17,-0.10692742895953683,0.9848116823437889,1.1169460411315498e-16,0.1736258918456484,2.9505489956987016e-17,0
0.6760000000000005,0.4513673791166125,0.44124244953095726,3.578784803344058e-17,-0.10740626256008122,0.9848202107372671,1.135878356535492e-16,0.1735775115716477,2.9382612279543866e-17,4
0.6770000000000005,0.4527028163710915,0.4424971633844184,3.587090124151385e-17,-0.10786352190060712,0.984827761068722,1.1286480428183602e-16,0.17353466808787438,2.9464651502480655e-17,2
0.6780000000000005,0.45404036489317645,0.44375354468037226,3.595408153563467e-17,-0.1083223729140524,0.9848167456916116,1.1102671868046647e-16,0.17359716992331528,2.963415129789111e-17,4
0.6790000000000005,0.4553768394554467,0.4450158630300871,3.6037898923177474e-17,-0.10876177195791947,0.9848067965519682,1.0857590598128405e-16,0.17365360193514784,2.985251471212545e-17,0
0.6800000000000005,0.4567166692354665,0.44627818137980196,3.6121716310720277e-17,-0.10921098100220616,0.9847968441786553,1.0612510757820808e-16,0.17371003337677884,3.00708754446016e-17,2
0.6810000000000005,0.4580583705841345,0.4475424884744587,3.62057763767998e-17,-0.10966019811532064,0.9848059587964667,1.0433566331588495e-16,0.17365835286266018,3.024039963525432e-17,0
0.6820000000000005,0.459403427150552,0.44880679556911546,3.628983644287932e-17,-0.11011922522885473,0.98481507070217,1.0254621016528691e-16,0.1736066718702948,3.0409925259295774e-17,0
0.6830000000000005,0.4607518389347191,0.4500711026637722,3.637389650895884e-17,-0.11058806234280844,0.9848241798957401,1.0075674813126244e-16,0.173554990399825,3.057945231580772e-17,2
0.6840000000000005,0.46210231838883004,0.4513371356410405,3.645794324336287e-17,-0.1110582030957384,0.9848140697164539,1.0084475530981321e-16,0.1736123500460609,3.059396562701754e-17,2
0.6850000000000005,0.46345495955050797,0.45260476844898073,3.654208555644967e-17,-0.1115302687601184,0.9847861256657169,1.0063248642267571e-16,0.1737707878105733,3.0627816915290124e-17,2
0.6860000000000005,0.4648092634139728,0.4538746699756877,3.662618014293674e-17,-0.11200096258571633,0.9847799290754184,1.0236234646853184e-16,0.17380590119502357,3.0505124161110785e-17,2
0.6870000000000005,0.4661653539864531,0.4551466739967165,3.6710474814938036e-17,-0.11247110384332172,0.9847938984467811,1.0397009666642413e-16,0.17372673249097711,3.039831127058492e-17,4
0.6880000000000005,0.4675202479288771,0.4564247795037984,3.6794547080046745e-17,-0.11292098269354722,0.9848063882883629,1.0360520652655183e-16,0.17365591722262425,3.044297390095092e-17,4
0.6890000000000005,0.46887427093326467,0.4577085499258085,3.6879089563529823e-17,-0.11335275086546116,0.9848175263483137,1.0317001590142855e-16,0.17359274119959364,3.048735772636977e-17,0
0.6900000000000005,0.4702316491554018,0.4589923203478186,3.69636320470129e-17,-0.11379432903779473,0.9848286603554781,1.0273482290658326e-16,0.17352956446218268,3.053174176919454e-17,0
0.6910000000000005,0.47159238259528846,0.4602760907698287,3.704817453049598e-17,-0.1142457172105479,0.9848397903098104,1.0229962754378489e-16,0.17346638701065134,3.05761260291178e-17,0
0.6920000000000005,0.47295647125292467,0.46155986119183884,3.713271701397906e-17,-0.11470691538372069,0.9848509162112647,1.0186442981480239e-16,0.17340320884525964,3.062051050583211e-17,0
0.6930000000000005,0.4743239151283104,0.46284363161384895,3.7217259497462136e-17,-0.1151779235573131,0.9848620380597953,1.0142922972140474e-16,0.17334002996626757,3.066489519903003e-17,0
0.6940000000000005,0.4756947142214457,0.46412740203585906,3.7301801980945215e-17,-0.11565874173132512,0.9848731558553564,1.0099402726536097e-16,0.17327685037393512,3.070928010840412e-17,2
0.6950000000000005,0.47706753636778615,0.46541295814661254,3.738641293326635e-17,-0.11614056877769954,0.9848644238443167,1.0220286490217773e-16,0.17332647416307245,3.061489964818103e-17,2
0.6960000000000005,0.47844247963290876,0.4667001684949325,3.7471126967165506e-17,-0.11662405258014222,0.9848372871385307,1.0305793034672685e-16,0.17348059793999857,3.054522148915521e-17,2
0.6970000000000005,0.47981963403602557,0.46798891241532453,3.755594735383279e-17,-0.11710978786294263,0.984793039420555,1.0367780437967313e-16,0.17373160192902568,3.049102854186463e-17,2
0.6980000000000005,0.4811983198882924,0.469280100990975,3.7640672811206825e-17,-0.11759328416838563,0.9847721965097033,1.0424214881127315e-16,0.17384970802809732,3.044291838242657e-17,2
0.6990000000000005,0.4825786719513406,0.47057355358179026,3.772561447978924e-17,-0.11807543181769993,0.9847730698119567,1.043710499525726e-16,0.17384476113226846,3.0432636074735083e-17,2
0.7000000000000005,0.48396081462753765,0.47186910343366434,3.7810764640931787e-17,-0.11855705269221643,0.9847940589429774,1.0388528987950693e-16,0.17372582269373765,3.047894936428245e-17,4
0.7010000000000005,0.485341660969233,0.4731708884195758,3.789608167774486e-17,-0.11901775244823762,0.9848128298492139,1.0354244242932394e-16,0.17361938303191787,3.050926779065249e-17,4
0.7020000000000005,0.48672154633576936,0.47447845900991814,3.7981859089577294e-17,-0.11945974668332868,0.9848295731189936,1.0243123065044599e-16,0.1735243841950218,3.060373245169411e-17,0
0.7030000000000005,0.4881047869200552,0.4757860296002605,3.8067636501409726e-17,-0.11991155091883936,0.9848463072248197,1.0132000759322924e-16,0.1734293837434612,3.069819864723833e-17,0
0.7040000000000005,0.4894913827220907,0.4770936001906029,3.815341391324216e-17,-0.12037316515476965,0.9848630321665366,1.0020877326783832e-16,0.17333438167812004,3.0792666375410116e-17,2
0.7050000000000005,0.49088007241608406,0.4784028615144791,3.8239234775305983e-17,-0.12083625626901336,0.9848609541089307,9.823629057453086e-17,0.1733461885120268,3.0953729483104016e-17,0
0.7060000000000005,0.49227211732782694,0.4797121228383553,3.832505563736981e-17,-0.12130915738367669,0.984858875909781,9.6263810479621e-17,0.17335799532102028,3.111479212651815e-17,0
0.7070000000000005,0.49366751745731935,0.4810213841622315,3.8410876499433634e-17,-0.12179186849875964,0.9848567975690878,9.429133298338668e-17,0.1733698021050988,3.127585430559805e-17,0
0.7080000000000005,0.4950662728045613,0.4823306454861077,3.849669736149746e-17,-0.1222843896142622,0.9848547190868514,9.231885808610589e-17,0.1733816088642607,3.143691602028925e-17,0
0.7090000000000005,0.49646838336955285,0.4836399068099839,3.8582518223561285e-17,-0.12278672073018439,0.984852640463072,9.034638578805659e-17,0.17339341559850427,3.159797727053728e-17,2
0.7100000000000005,0.49787251776355934,0.48495095278267564,3.866842334314146e-17,-0.12329006584396345,0.9848307040552907,8.744398898653441e-17,0.17351796549625892,3.183400272726075e-17,2
0.7110000000000005,0.4992787744402253,0.4862636514328244,3.875440697672315e-17,-0.1237950754031258,0.9847903364466563,8.479948762029687e-17,0.17374692296924876,3.204539401123062e-17,2
0.7120000000000005,0.5006865072294968,0.4875788689136366,3.884072007228761e-17,-0.12429748039644813,0.9847740954159552,8.449304322340902e-17,0.17383895132474678,3.207473950415624e-17,4
0.7130000000000005,0.5020926856462993,0.488900667413306,3.892709821524817e-17,-0.1247772595079988,0.9847595626809834,8.469883898447558e-17,0.17392125720669935,3.206271328639178e-17,2
0.7140000000000005,0.5035006068892436,0.49022462722972543,3.901369285464048e-17,-0.12525619613332498,0.9847657711252801,8.332468042425154e-17,0.17388610070972635,3.217996347177194e-17,2
0.7150000000000005,0.5049103899312549,0.4915505888866395,3.910040018368184e-17,-0.12573507628339892,0.9847911798711664,8.158030892234489e-17,0.17374214240637378,3.2327941773984303e-17,4
0.7160000000000005,0.5063190041626509,0.4928826147392714,3.918737587085731e-17,-0.12619387781905067,0.9848139141182928,8.048588971791031e-17,0.17361323267253634,3.2421160225260124e-17,4
0.7170000000000005,0.5077267764396461,0.4942202666559611,3.9274637267667125e-17,-0.12663476016076233,0.9848342026209008,7.991194256134726e-17,0.17349810762096224,3.247689775595666e-17,0
0.7180000000000005,0.5091379039343911,0.49555791857265075,3.936189866447694e-17,-0.1270854525028936,0.9848544776653546,7.933798931919269e-17,0.17338298019846696,3.2532635722558646e-17,0
0.7190000000000005,0.5105523866468856,0.4968955704893404,3.944916006128676e-17,-0.1275459548454445,0.9848747392513773,7.87640299991871e-17,0.17326785040662376,3.2588374123720654e-17,0
0.7200000000000005,0.5119702245771296,0.4982332224060301,3.953642145809658e-17,-0.12801626718841502,0.9848949873786917,7.819006460907115e-17,0.17315271824700593,3.264411295809723e-17,0
0.7210000000000005,0.5133914177251231,0.49957087432271974,3.9623682854906395e-17,-0.12849638953180514,0.9849152220470215,7.761609315658564e-17,0.1730375837211868,3.269985222434292e-17,2
0.7220000000000005,0.5148146354246835,0.5009103099196862,3.9710923139837354e-17,-0.1289775306466908,0.9849156561479677,7.675380776924225e-17,0.17303511283730524,3.277402321239284e-17,2
0.7230000000000005,0.5162399763529689,0.5022513969259643,3.9798213971355457e-17,-0.12946034245727103,0.9848977592033693,7.552221376154528e-17,0.1731369513309709,3.2875066698806307e-17,0
0.7240000000000005,0.5176686724990038,0.5035924839322424,3.988550480287356e-17,-0.12995296426827088,0.9848798517288552,7.429063371118489e-17,0.17323878797356373,3.2976107238213883e-17,0
0.7250000000000005,0.5191007238627884,0.5049335709385205,3.997279563439166e-17,-0.13045539607969034,0.9848619337246168,7.305906763105995e-17,0.17334062276399495,3.3077144828008646e-17,0
0.7260000000000005,0.5205361304443223,0.5062746579447986,4.0060086465909764e-17,-0.13096763789152943,0.9848440051908459,7.182751553406896e-17,0.1734424557011758,3.3178179465583744e-17,0
0.7270000000000005,0.5219748922436059,0.5076157449510768,4.0147377297427866e-17,-0.13148968970378813,0.984826066127734,7.059597743311014e-17,0.17354428678401757,3.3279211148332385e-17,0
0.7280000000000005,0.5234170092606389,0.5089568319573549,4.023466812894597e-17,-0.13202155151646644,0.9848081165354731,6.936445334108142e-17,0.17364611601143148,3.338023987364783e-17,0
0.7290000000000005,0.5248624814954217,0.510297918963633,4.032195896046407e-17,-0.13256322332956438,0.9847901564142549,6.81329432708804e-17,0.1737479433823289,3.3481265638923405e-17,4
0.7300000000000005,0.5263058947601671,0.5116462633723284,4.040943123908919e-17,-0.13307893556774214,0.9847740346908348,6.711699960306907e-17,0.17383929532397466,3.356506604458147e-17,4
0.7310000000000005,0.5277476479961082,0.5130013304260258,4.049710724239262e-17,-0.133571323891056,0.9847596095633276,6.63185191258805e-17,0.17392099175396902,3.363598267332163e-17,4
0.7320000000000005,0.5291881083472172,0.51436262798968,4.05849569895554e-17,-0.13404281388659028,0.9847467474220744,6.518883002538832e-17,0.17399380288288105,3.3732657072031604e-17,2
0.7330000000000005,0.5306304001755275,0.5157259680385182,4.0672874697496455e-17,-0.13451404708130238,0.9847534928499665,6.53314274681486e-17,0.17395562169643383,3.372931330533953e-17,2
0.7340000000000005,0.5320746359239193,0.517091199849429,4.0760859982371185e-17,-0.13498576634452444,0.9847783878174554,6.524979653998522e-17,0.17381463369824496,3.3749774148883995e-17,2
0.7350000000000005,0.533520919125915,0.5184581846417741,4.084890163501522e-17,-0.13545865568469512,0.9848200615014694,6.48631840917031e-17,0.17357835828306434,3.379660522744916e-17,0
0.7360000000000005,0.5349705575456601,0.5198251694341192,4.0936943287659256e-17,-0.13594135502528543,0.9848616784965148,6.447656590505069e-17,0.173342072876233,3.384343471391833e-17,2
0.7370000000000005,0.5364221255123661,0.5211940652548651,4.1024963767748765e-17,-0.1364244454763909,0.984882011817919,6.495756487255013e-17,0.17322650720224708,3.3816875756602955e-17,2
0.7380000000000005,0.5378757299778195,0.5225647287413906,4.1113019861077295e-17,-0.1369086336296806,0.9848826985733461,6.537226455490885e-17,0.17322260259817437,3.3794755045622215e-17,2
0.7390000000000005,0.5393314691340804,0.5239370282729757,4.1201115543260636e-17,-0.13739456820448764,0.9848652031958732,6.571089889368805e-17,0.17332204572400153,3.3775758048113207e-17,0
0.7400000000000005,0.5407905635080908,0.5253093278045609,4.1289211225443976e-17,-0.1378903127797143,0.9848476977776766,6.604952850055776e-17,0.17342148708280639,3.375676142111028e-17,0
0.7410000000000005,0.5422530130998509,0.526681627336146,4.1377306907627316e-17,-0.13839586735536058,0.9848301823189344,6.638815337213782e-17,0.17352092667357508,3.3737765165217243e-17,0
0.7420000000000005,0.5437188179093604,0.5280539268677311,4.1465402589810656e-17,-0.1389112319314265,0.9848126568198253,6.672677350504823e-17,0.17362036449529386,3.371876928103789e-17,0
0.7430000000000005,0.5451879779366194,0.5294262263993162,4.1553498271993996e-17,-0.139436406507912,0.984795121280528,6.706538889590899e-17,0.17371980054694894,3.3699773769176015e-17,0
0.7440000000000005,0.5466604931816281,0.5307985259309014,4.1641593954177337e-17,-0.13997139108481713,0.9847775757012214,6.740399954134024e-17,0.17381923482752656,3.368077863023538e-17,2
0.7450000000000006,0.5481345195642784,0.5321732973441353,4.1729665637837917e-17,-0.14050400249359438,0.9847837388020696,7.110047236481871e-17,0.1737843139958804,3.3392405984008863e-17,2
0.7460000000000006,0.5496101959989672,0.5335503544323846,4.181780615571183e-17,-0.14103515849128964,0.9848118134434639,7.42581946945173e-17,0.17362514824240619,3.3151229370289287e-17,4
0.7470000000000006,0.5510840757170582,0.5349343173876374,4.190525703370126e-17,-0.14154208752743663,0.9848368725713577,7.399940726747406e-17,0.1734829513925469,3.317472380377219e-17,4
0.7480000000000006,0.5525565398402924,0.5363246753384658,4.199295975250925e-17,-0.1420273075351707,0.9848591750508426,7.377760966938004e-17,0.17335629587117726,3.3193587920694403e-17,2
0.7490000000000006,0.5540310333102865,0.5377168105418951,4.20807324085672e-17,-0.14251357799450137,0.984861707370989,7.361655150656964e-17,0.17334190882271333,3.320239867260923e-17,2
0.7500000000000006,0.5555076554290304,0.5391105898894094,4.216854850752865e-17,-0.1430015549576651,0.9848459551769583,7.32057283538601e-17,0.1734313828912928,3.322924977902699e-17,2
0.7510000000000006,0.5569864973031456,0.5405058912579048,4.225640222712656e-17,-0.14349184033307366,0.9848132487331206,7.243733304371986e-17,0.17361700700023103,3.3280983823613736e-17,0
0.7520000000000006,0.5584686943950106,0.5419011926264002,4.2344255946724476e-17,-0.14399193570890184,0.9847805073027865,7.166895627992202e-17,0.17380262494124776,3.333271296256657e-17,0
0.7530000000000006,0.559954246704625,0.5432964939948957,4.243210966632239e-17,-0.14450184108514963,0.9847477308871192,7.090059808906178e-17,0.17398823670774874,3.3384437190067116e-17,2
0.7540000000000006,0.5614413746088193,0.5446941808442799,4.2519964241052607e-17,-0.14500979913688625,0.9847378378463763,7.001452353285798e-17,0.1740442205695027,3.344810435238379e-17,2
0.7550000000000006,0.5629302115605467,0.5460940742886657,4.2607904505527365e-17,-0.14551669153937966,0.9847491314602574,6.937314571506644e-17,0.17398030948434984,3.349411755266593e-17,2
0.7560000000000006,0.5644208807179634,0.54749600924174,4.2695929108115816e-17,-0.14602333195390632,0.9847800067904657,6.865198316170347e-17,0.17380546086291912,3.355098059550189e-17,0
0.7570000000000006,0.5659149050931297,0.5488979441948143,4.278395371070427e-17,-0.14653978236885262,0.984810851075163,6.79308061953917e-17,0.1736306067622145,3.360784474242083e-17,0
0.7580000000000006,0.5674122846860455,0.5502998791478886,4.287197831329272e-17,-0.14706604278421853,0.9848416643133767,6.720961483848283e-17,0.17345574718774834,3.3664709989455257e-17,2
0.7590000000000006,0.5689115000074259,0.551703850887577,4.295997798962852e-17,-0.1475920744853161,0.9848497976678806,6.585576645895216e-17,0.17340956154011933,3.377014045651703e-17,2
0.7600000000000006,0.5704126663843697,0.5531097048246412,4.304802905746569e-17,-0.14811863939646602,0.9848369906484461,6.436552727543745e-17,0.1734822810851709,3.3884706929789303e-17,2
0.7610000000000006,0.5719158897672799,0.5545172989387558,4.31361105388268e-17,-0.1486464374935599,0.9848047981011145,6.304816014816495e-17,0.1736649349668062,3.3980889495621177e-17,4
0.7620000000000006,0.5734174662723094,0.5559315980698277,4.3224381983545303e-17,-0.14915099855917202,0.9847758723420357,6.415603333111421e-17,0.1738288849788339,3.3879207825949643e-17,2
0.7630000000000006,0.5749206835294658,0.5573481953419032,4.331266043416937e-17,-0.14965404277255873,0.9847689811691908,6.503326864461877e-17,0.1738679203504664,3.379929513344131e-17,2
0.7640000000000006,0.5764256700864325,0.5587669184443228,4.340102310352719e-17,-0.15015641940164792,0.984782485440271,6.54609764912962e-17,0.1737914162727397,3.375806936047955e-17,2
0.7650000000000006,0.5779325445020199,0.5601876084559276,4.34894431519168e-17,-0.15065891172150667,0.9848148371789942,6.55395827042845e-17,0.1736079965672986,3.374937726744404e-17,0
0.7660000000000006,0.5794427741353569,0.5616082984675325,4.3577863200306406e-17,-0.15117121404178502,0.9848471547550598,6.56181901689727e-17,0.17342457083949642,3.3740683382217245e-17,2
0.7670000000000006,0.5809549043265205,0.5630309383657791,4.366635302838528e-17,-0.15168371595188068,0.9848577613538844,6.779388135243674e-17,0.17336432707167732,3.35608221992501e-17,2
0.7680000000000006,0.5824690452937339,0.5644553804095787,4.3754872699418496e-17,-0.15219714562362519,0.9848483240504943,6.964723997850874e-17,0.17341793048855347,3.3403875494898763e-17,2
0.7690000000000006,0.5839852982301058,0.5658814889554807,4.384342620414548e-17,-0.15271217160319225,0.9848203336919727,7.161779272451041e-17,0.17357681396670332,3.323705569844117e-17,0
0.7700000000000006,0.5855049063842273,0.5673075975013828,4.393197970887247e-17,-0.15323700758317896,0.984792317701119,7.358831170831512e-17,0.1737356929270966,3.307024065903358e-17,0
0.7710000000000006,0.5870278697560981,0.5687337060472849,4.402053321359945e-17,-0.15377165356358527,0.9847642760786621,7.555879687954273e-17,0.17389456736559802,3.2903430386163826e-17,2
0.7720000000000006,0.5885523429345668,0.5701622882590225,4.410881220204784e-17,-0.1543039175821387,0.9847599606716713,8.086958763825967e-17,0.17391900372854188,3.246535463220259e-17,2
0.7730000000000006,0.5900784655686178,0.57159315694529,4.419719030979993e-17,-0.15483472224904113,0.9847775854057713,8.516081958687049e-17,0.17381917984612322,3.211230906178631e-17,2
0.7740000000000006,0.591606366555653,0.5730261393266513,4.428566357249799e-17,-0.15536491914268152,0.9848154599144312,8.813385082743437e-17,0.1736044639792644,3.186593652128749e-17,2
0.7750000000000006,0.5931360778643879,0.5744611925509102,4.437388593155199e-17,-0.15589471946877304,0.9848302431223588,8.900389451636002e-17,0.17352058157911981,3.1787117139045214e-17,2
0.7760000000000006,0.5946677173615434,0.575898158624614,4.446218381076471e-17,-0.1564249019299965,0.9848237292521131,8.977402012462812e-17,0.1735575475223159,3.171147388577323e-17,4
0.7770000000000006,0.5961977645665941,0.5773417565462315,4.4550853258113743e-17,-0.15693220798816523,0.9848177916258563,9.138690717219728e-17,0.17359123623378023,3.157819790123906e-17,2
0.7780000000000006,0.5977299461087345,0.5787869909870468,4.4639404847070265e-17,-0.15744125813096563,0.9847936184473483,9.135555588366697e-17,0.1737283196988309,3.157835701989999e-17,2
0.7790000000000006,0.5992638087174638,0.5802344695296844,4.472809964460137e-17,-0.15794905776457216,0.984790955964072,9.266267500864183e-17,0.17374341153370348,3.1475867101782245e-17,0
0.7800000000000006,0.6008010265439426,0.581681948072322,4.481679444213248e-17,-0.15846666739859833,0.9847882932495151,9.396979185066235e-17,0.17375850332777204,3.1373377575207e-17,0
0.7810000000000006,0.6023415995881711,0.5831294266149596,4.490548923966359e-17,-0.1589940870330441,0.9847856303036785,9.527690640942767e-17,0.17377359508103302,3.127088844023297e-17,0
0.7820000000000006,0.603885527850149,0.5845769051575972,4.4994184037194695e-17,-0.15953131666790948,0.9847829671265628,9.658401868463691e-17,0.17378868679348286,3.116839969691889e-17,2
0.7830000000000006,0.6054311144711058,0.5860266582402823,4.508281671060397e-17,-0.16006714577263373,0.9848021157266272,9.686376036063172e-17,0.1736801452681306,3.115180337540593e-17,0
0.7840000000000006,0.6069800563098119,0.5874764113229675,4.517144938401325e-17,-0.1606127848777776,0.9848212523633828,9.714350635115029e-17,0.17357160163292382,3.1135205707029294e-17,2
0.7850000000000006,0.6085308549434212,0.5889281729539367,4.5259970419602536e-17,-0.1611583344469725,0.984818016996738,9.740816425869715e-17,0.17358995765485025,3.111669848535721e-17,4
0.7860000000000006,0.6100798800881997,0.5903868093164447,4.534904978191793e-17,-0.161679810512053,0.9848150299250719,1.0154152357300127e-16,0.1736069031855586,3.0777230887271196e-17,2
0.7870000000000006,0.6116309798021135,0.5918471623136013,4.543809945481861e-17,-0.162202635796565,0.9847929150947313,1.0549545543078367e-16,0.17373230666522943,3.0449119974320284e-17,2
0.7880000000000006,0.6131837171697833,0.5933098176049466,4.5526811549579233e-17,-0.16272392375903877,0.9847928712092296,1.1007772649321273e-16,0.17373255542782307,3.006839632714726e-17,2
0.7890000000000006,0.6147382219287201,0.594774601284927,4.5615718422272035e-17,-0.1632445315281609,0.9848132315873243,1.1431296287276484e-16,0.17361710425684243,2.9719805474216476e-17,0
0.7900000000000006,0.6162960819054064,0.5962393849649074,4.570462529496484e-17,-0.16377494929770267,0.9848335784306206,1.1854825373638635e-16,0.173501650699752,2.937120433062257e-17,2
0.7910000000000006,0.61785586774615,0.597706084610006,4.579340335870991e-17,-0.16430573384615008,0.9848325929991159,1.2399055435975651e-16,0.17350724413302723,2.89207772713391e-17,0
0.7920000000000006,0.619419008804643,0.5991727842551046,4.588218142245498e-17,-0.1648463283950171,0.9848316075358428,1.294328516229459e-16,0.17351283756070554,2.847035080241279e-17,2
0.7930000000000006,0.6209841441682332,0.6006413081241055,4.597073348792872e-17,-0.16538774188792285,0.9848103088266819,1.3413017246509058e-16,0.17363368229895806,2.807817863658566e-17,0
0.7940000000000006,0.6225526347495731,0.6021098319931065,4.6059285553402456e-17,-0.16593896538124822,0.9847889952891477,1.3882743128349284e-16,0.17375452442279335,2.7686016627419917e-17,2
0.7950000000000006,0.6241226330009464,0.6035808323918824,4.614739392188717e-17,-0.1664877927972163,0.9847914264733754,1.4155493818974904e-16,0.17374074462984943,2.7455764434856123e-17,2
0.7960000000000006,0.6256942797419203,0.6050541205600305,4.6235789583144106e-17,-0.1670351544796414,0.9848157885819637,1.4384621197914335e-16,0.17360259951880042,2.726987642471832e-17,4
0.7970000000000006,0.6272641880291642,0.6065342364972117,4.632411576344715e-17,-0.16755867412215725,0.9848375177087944,1.5016515419066526e-16,0.17347928900355827,2.6751061508072902e-17,2
0.7980000000000006,0.6288360518974334,0.6080162285656512,4.641262430752349e-17,-0.16808275687281216,0.984838360549224,1.5565047974716913e-16,0.17347450415181095,2.6291651328623668e-17,2
0.7990000000000006,0.6304099779926852,0.6094999538126742,4.650130387850948e-17,-0.1686081073027702,0.9848199105199414,1.6038344476225182e-16,0.17357921489479797,2.5886394561890876e-17,0
0.8000000000000006,0.6319872593056864,0.6109836790596972,4.6589983449495474e-17,-0.16914326773314786,0.9848014493575226,1.6511635693417026e-16,0.17368392367551652,2.5481146496812807e-17,0
0.8010000000000006,0.6335678958364372,0.6124674043067202,4.6678663020481466e-17,-0.16968823816394515,0.9847829770621761,1.6984921621037673e-16,0.1737886304927829,2.5075907143396342e-17,2
0.8020000000000006,0.6351501033214155,0.6139535212547534,4.676707797413199e-17,-0.17023123061310544,0.984787440675246,1.7468954606739486e-16,0.17376333528192367,2.4667915494207513e-17,2
0.8030000000000006,0.6367340176146324,0.6154418477994318,4.685585575166948e-17,-0.1707731426188155,0.9848130858637163,1.7889806352364799e-16,0.1736179308469719,2.4317913909941308e-17,0
0.8040000000000006,0.6383212871255988,0.6169301743441101,4.694463352920697e-17,-0.17132486462494514,0.9848387095831378,1.8310664886006386e-16,0.1734725226271275,2.3967899141035254e-17,2
0.8050000000000006,0.6399103861613592,0.6184205459910603,4.7033289651735933e-17,-0.1718763169314053,0.9848415642316513,1.8539794430205935e-16,0.17345631542770018,2.3769087707852738e-17,2
0.8060000000000006,0.6415014319090128,0.6199128056578225,4.7122193049231995e-17,-0.17242827375086375,0.9848234055481521,1.8749435014254899e-16,0.17355938431712545,2.3575706567856645e-17,2
0.8070000000000006,0.6430945319943666,0.6214068090782902,4.721132740269107e-17,-0.17298144612799865,0.984785802790458,1.8910555805479433e-16,0.17377261758502888,2.341098664094508e-17,2
0.8080000000000006,0.6446890657240477,0.6229033882556672,4.730044472827271e-17,-0.1735317333667791,0.9847728805039546,1.8982277370993434e-16,0.17384583349607066,2.332739886438926e-17,2
0.8090000000000006,0.6462851800232849,0.6244023462452679,4.739002064531047e-17,-0.17408010614891312,0.9847827787118284,1.8988868123212437e-16,0.17378975445235476,2.3305704432000534e-17,2
0.8100000000000006,0.6478830105470345,0.6259035012095489,4.748002207814684e-17,-0.17462746069750287,0.9848137344959644,1.8915890582511173e-16,0.17361425156971336,2.336006013170242e-17,4
0.8110000000000006,0.6494791854596164,0.6274113728972481,4.757047647363785e-17,-0.17515152051695096,0.9848413673555645,1.860104506920077e-16,0.17345743323715412,2.360974404672076e-17,2
0.8120000000000006,0.6510773067288073,0.6289211330809971,4.7661088793706526e-17,-0.17567608250216357,0.9848479737953547,1.8260199364469095e-16,0.17341991959167752,2.3870597741870797e-17,2
0.8130000000000006,0.6526774821547646,0.6304326372609825,4.7751926439299436e-17,-0.17620185884968906,0.9848351759283337,1.7901618250356279e-16,0.1734925827066035,2.4134637315826025e-17,0
0.8140000000000006,0.6542810127984715,0.631944141440968,4.7842764084892346e-17,-0.17673744519763418,0.9848223727001518,1.7543040306650757e-16,0.17356524487708555,2.4398671001606198e-17,0
0.8150000000000006,0.6558878986599278,0.6334556456209535,4.7933601730485257e-17,-0.1772828415459989,0.984809564110879,1.7184465535262043e-16,0.17363790610272808,2.466269879536293e-17,0
0.8160000000000006,0.6574981397391337,0.6349671498009389,4.802443937607817e-17,-0.17783804789478325,0.984796750160585,1.6825893938099612e-16,0.1737105663831356,2.4926720693247902e-17,0
0.8170000000000006,0.6591117360360892,0.6364786539809244,4.811527702167108e-17,-0.17840306424398722,0.9847839308493395,1.646732551707291e-16,0.1737832257179125,2.5190736691412856e-17,0
0.8180000000000006,0.6607286875507943,0.6379901581609099,4.820611466726399e-17,-0.1789778905936108,0.9847711061772121,1.610876027409134e-16,0.17385588410666328,2.5454746786009598e-17,2
0.8190000000000006,0.662347117500963,0.639504178057903,4.8297291945985536e-17,-0.17955012772367618,0.9847824154224055,1.56251519163463e-16,0.17379181302585098,2.582850759176222e-17,2
0.8200000000000006,0.6639671702363632,0.6410205201794735,4.838879139756818e-17,-0.1801207293007527,0.9848159802410229,1.5118541304709206e-16,0.1736015122685079,2.6228057306430277e-17,4
0.8210000000000006,0.6655852701893183,0.642543977365198,4.8481416265929535e-17,-0.18066607284582292,0.9848459369240876,1.483008171747074e-16,0.17343148654184914,2.6449020404006026e-17,2
0.8220000000000006,0.6672052298638422,0.644069439176182,4.857427120184345e-17,-0.18121134619036355,0.9848535764896023,1.4507117192764374e-16,0.17338809900232094,2.6691742886459487e-17,2
0.8230000000000006,0.6688271645111455,0.6455967511249111,4.8667298248047945e-17,-0.1817573107573293,0.9848406352812241,1.4256111193850485e-16,0.17346158969314934,2.686814607278771e-17,2
0.8240000000000006,0.6704511799489985,0.6471257713688464,4.876046787683195e-17,-0.18230466564635536,0.9848086658070758,1.396061843046547e-16,0.17364300087042633,2.707595893622335e-17,0
0.8250000000000006,0.672078550604601,0.6486547916127817,4.8853637505615956e-17,-0.18286183053580105,0.9847766629163383,1.366513244041874e-16,0.17382440615563816,2.7283758102802678e-17,2
0.8260000000000006,0.6737074033304864,0.650186322701462,4.894706630572529e-17,-0.18341643021962026,0.9847687308634314,1.3541259283949627e-16,0.1738693380490823,2.735893731264778e-17,2
0.8270000000000006,0.6753378817998014,0.6517201720494278,4.904075777416831e-17,-0.1839694138941937,0.9847830398292649,1.337726451951958e-16,0.17378827481919523,2.7476760929812957e-17,2
0.8280000000000006,0.6769701185351958,0.6532561620178092,4.913469318372467e-17,-0.18452165708861104,0.9848178589204536,1.315283557417018e-16,0.17359085445763914,2.7647933342436584e-17,0
0.8290000000000006,0.6786057104883398,0.6547921519861907,4.922862859328103e-17,-0.18508371028344803,0.9848526384346012,1.2928401456581312e-16,0.17339342711995814,2.781911282921407e-17,2
0.8300000000000006,0.6802430830715648,0.6563302525973504,4.932273851274907e-17,-0.1856451707489767,0.984863920393418,1.3002111391271993e-16,0.17332933481470142,2.7739869077055788e-17,2
0.8310000000000006,0.6818823581958656,0.6578703004367223,4.941699269756722e-17,-0.1862068439069311,0.9848535495511449,1.3029538699427388e-16,0.17338825201411476,2.7691503149661623e-17,2
0.8320000000000006,0.6835236478315885,0.6594121454145988,4.9511372924430933e-17,-0.1867694695047843,0.9848231738436,1.3052040649598618e-16,0.17356069906697832,2.764216587747039e-17,0
0.8330000000000006,0.6851682926850607,0.6609539903924753,4.9605753151294645e-17,-0.18734190510305712,0.9847927679407169,1.3074542845261964e-16,0.1737331407983546,2.759282661984146e-17,2
0.8340000000000006,0.6868143669090048,0.6624984168561148,4.9700092562108567e-17,-0.1879114273271623,0.9847871026216165,1.3334818310312629e-16,0.17376525115834127,2.7354906429788532e-17,2
0.8350000000000006,0.688462018845836,0.6640452259611761,4.979468247885866e-17,-0.18847901622164362,0.9848042846932298,1.3493381518650172e-16,0.1736678463327497,2.7204720988952365e-17,0
0.8360000000000006,0.6901130260004167,0.6655920350662374,4.988927239560876e-17,-0.18905641511654456,0.984821457130578,1.365194623310272e-16,0.17357043980817885,2.70545323931901e-17,2
0.8370000000000006,0.691765849764505,0.6671409065857574,4.998374269402144e-17,-0.18963345898516265,0.9848156588868996,1.3666709167671288e-16,0.17360333525356428,2.7017167048146348e-17,4
0.8380000000000006,0.6934167217528273,0.668696891820037,5.0079064743872136e-17,-0.1901852514725375,0.9848103784854225,1.3633642872815986e-16,0.17363328721013896,2.7027842164559696e-17,4
0.8390000000000006,0.6950660441364845,0.6702594516822111,5.017495506504514e-17,-0.19071444957729233,0.984805580376763,1.3504000432022512e-16,0.1736604988441144,2.7123834014186707e-17,0
0.8400000000000006,0.6967187217378913,0.6718220115443853,5.027084538621815e-17,-0.1912534576824668,0.9848007815162096,1.3374358418967081e-16,0.17368771034550096,2.7219825070650998e-17,0
0.8410000000000006,0.6983747545570476,0.6733845714065594,5.0366735707391155e-17,-0.19180227578806086,0.9847959819037658,1.3244716833746542e-16,0.17371492171427783,2.7315815333758243e-17,0
0.8420000000000006,0.7000341425939534,0.6749471312687335,5.046262602856416e-17,-0.19236090389407454,0.9847911815394353,1.3115075676457735e-16,0.17374213295042426,2.7411804803314115e-17,0
0.8430000000000006,0.7016968858486087,0.6765096911309076,5.055851634973717e-17,-0.19292934200050785,0.9847863804232219,1.298543494719751e-16,0.17376934405391947,2.7507793479124288e-17,0
0.8440000000000006,0.7033629843210136,0.6780722509930818,5.0654406670910174e-17,-0.19350759010736077,0.984781578555129,1.285579464606271e-16,0.17379655502474267,2.7603781360994438e-17,0
0.8450000000000006,0.7050324380111681,0.6796348108552559,5.075029699208318e-17,-0.1940956482146333,0.9847767759351604,1.2726154773150177e-16,0.1738237658628731,2.7699768448730243e-17,0
0.8460000000000006,0.7067052469190721,0.68119737071743,5.0846187313256186e-17,-0.19469351632232546,0.9847719725633199,1.2596515328556755e-16,0.17385097656828996,2.7795754742137385e-17,2
0.8470000000000006,0.7083795152339385,0.6827624718032062,5.094221176768628e-17,-0.19528866949605184,0.9847915452597114,1.2610417379971508e-16,0.17374007132780306,2.778207822307822e-17,2
0.8480000000000006,0.7100553900884623,0.6843299168898027,5.1038459396071534e-17,-0.19588207978817196,0.9848335624754238,1.2616104141976834e-16,0.1735017412649389,2.7781801735674956e-17,2
0.8490000000000006,0.7117329053970807,0.6858996605168977,5.113469843947743e-17,-0.19647397125907531,0.984849963470995,1.265773395032477e-16,0.1734086198871907,2.7744374463379548e-17,2
0.8500000000000006,0.7134121951212695,0.6874715231169595,5.1231091606654033e-17,-0.19706522894365197,0.9848427895866936,1.2681715763136691e-16,0.1734493580244678,2.7716295723781476e-17,4
0.8510000000000006,0.7150893805046138,0.6890507039363551,5.132807746087075e-17,-0.19763022730483798,0.9848362041955121,1.263810167536432e-16,0.17348674561987742,2.7738490738207413e-17,4
0.8520000000000006,0.716764877875398,0.6906366449113427,5.14256389936492e-17,-0.1981717168726321,0.9848301689968034,1.2581797946871247e-16,0.17352100228424286,2.777459966032895e-17,2
0.8530000000000006,0.718442486718754,0.6922242530540781,5.152339396792552e-17,-0.1987147994674812,0.9848055651535348,1.2470700710885065e-16,0.17366058517299618,2.78493852874573e-17,0
0.8540000000000006,0.7201234507798595,0.6938118611968135,5.162114894220184e-17,-0.19926769206274988,0.9847809415267712,1.235960550241916e-16,0.17380016457312855,2.7924166338030247e-17,0
0.8550000000000006,0.7218077700587147,0.6953994693395489,5.171890391647816e-17,-0.19983039465843822,0.9847562981170073,1.2248512323648339e-16,0.173939740481836,2.7998942807316794e-17,0
0.8560000000000006,0.7234954445553193,0.6969870774822843,5.181665889075448e-17,-0.20040290725454615,0.9847316349247379,1.2137421176747317e-16,0.17407931289631462,2.8073714690586125e-17,2
0.8570000000000007,0.7251846220817602,0.698577168374708,5.191452044735165e-17,-0.20097299311719588,0.9847308071888099,1.2158913187727515e-16,0.17408399516691744,2.8047121024132484e-17,2
0.8580000000000007,0.7268754458716936,0.7001695500204714,5.201259141823707e-17,-0.2015415985392148,0.9847519738197816,1.221245026137855e-16,0.17396422062609454,2.79956605490123e-17,0
0.8590000000000007,0.7285696248793768,0.7017619316662349,5.211066238912249e-17,-0.20212001396165333,0.9847731258823653,1.2265987966358351e-16,0.17384444351165074,2.7944198225264196e-17,0
0.8600000000000007,0.7302671591048093,0.7033543133119984,5.220873336000791e-17,-0.2027082393845115,0.9847942633762479,1.2319526301892323e-16,0.17372466382535798,2.789273405463716e-17,0
0.8610000000000007,0.7319680485479915,0.7049466949577619,5.230680433089333e-17,-0.20330627480778926,0.9848153863011168,1.2373065267205852e-16,0.1736048815689883,2.784126803888022e-17,0
0.8620000000000007,0.7336722932089232,0.7065390766035253,5.240487530177875e-17,-0.20391412023148664,0.9848364946566595,1.2426604861524303e-16,0.17348509674431373,2.778980017974246e-17,0
0.8630000000000007,0.7353798930876044,0.7081314582492888,5.250294627266417e-17,-0.20453177565560365,0.9848575884425635,1.248014508407301e-16,0.1733653093531064,2.7738330478972997e-17,2
0.8640000000000007,0.737089159808282,0.7097261030641102,5.260113740704372e-17,-0.20514808659380088,0.9848535077267508,1.2749120279927973e-16,0.1733884895785039,2.750870758786401e-17,2
0.8650000000000007,0.7388002256823378,0.7113228336923121,5.269947430908544e-17,-0.20576392717939804,0.9848262168529791,1.295591780309761e-16,0.17354343144887113,2.732278347852147e-17,4
0.8660000000000007,0.7405088901080571,0.7129272807950835,5.2797590587872704e-17,-0.206351545560144,0.9848016263640852,1.298042557275585e-16,0.1736829200314547,2.7291265715672725e-17,4
0.8670000000000007,0.7422155944730684,0.7145388527180946,5.2896396994900555e-17,-0.20691385782404192,0.984779529118075,1.2864506110237593e-16,0.17380816732818483,2.7365579733497397e-17,4
0.8680000000000007,0.7439207447052132,0.71615700533879,5.2995792175342166e-17,-0.20745354578913366,0.9847597299639067,1.2718651501999347e-16,0.17392031003138597,2.7464339957320168e-17,2
0.8690000000000007,0.7456276150504259,0.7177773497217841,5.3095402306079776e-17,-0.20799224121095825,0.9847609611728553,1.263405349598584e-16,0.1739133386198832,2.7520100230158627e-17,2
0.8700000000000007,0.7473363314327474,0.719399717073257,5.319520375740423e-17,-0.20853077602398826,0.9847816007263321,1.2488677350142868e-16,0.17379642939624204,2.7630278540836582e-17,0
0.8710000000000007,0.7490484030328184,0.7210220844247299,5.3295005208728686e-17,-0.20907912083743788,0.9848022264005357,1.2343299202705057e-16,0.17367951772315612,2.7740459683928262e-17,0
0.8720000000000007,0.7507638298506389,0.7226444517762028,5.339480666005314e-17,-0.2096372756513071,0.9848228381951752,1.2197919055683096e-16,0.17356260360227316,2.7850643655713496e-17,0
0.8730000000000007,0.7524826118862089,0.7242668191276758,5.3494608111377596e-17,-0.21020524046559594,0.9848434361099603,1.2052536911087727e-16,0.1734456870352409,2.7960830452472035e-17,0
0.8740000000000007,0.7542047491395286,0.7258891864791487,5.359440956270205e-17,-0.2107830152803044,0.9848640201446005,1.1907152770929742e-16,0.17332876802370717,2.807102007048353e-17,0
0.8750000000000007,0.7559302416105977,0.7275115538306216,5.3694211014026506e-17,-0.2113706000954325,0.9848845902988058,1.1761766637219996e-16,0.17321184656931976,2.8181212506027575e-17,0
0.8760000000000007,0.7576590892994165,0.7291339211820945,5.379401246535096e-17,-0.21196799491098017,0.9849051465722863,1.1616378511969392e-16,0.17309492267372653,2.8291407755383647e-17,0
0.8770000000000007,0.7593912922059848,0.7307562885335674,5.3893813916675416e-17,-0.2125751997269475,0.9849256889647523,1.1470988397188891e-16,0.1729779963385754,2.840160581483115e-17,0
0.8780000000000007,0.7611268503303026,0.7323786558850404,5.399361536799987e-17,-0.21319221454333442,0.9849462174759142,1.13255962948895e-16,0.1728610675655143,2.851180668064942e-17,2
0.8790000000000007,0.7628641097042532,0.7340032402841445,5.409346509894923e-17,-0.213808112192579,0.9849421637427634,1.0912248673123223e-16,0.1728841637678928,2.8834678653620845e-17,2
0.8800000000000007,0.7646032001903547,0.735629867657762,5.419340902706258e-17,-0.21442375062924326,0.9849154494024459,1.0529325927432609e-16,0.17303628962844206,2.913044247641589e-17,2
0.8810000000000007,0.7663442410681388,0.737258378118648,5.4293447655892916e-17,-0.2150399178899427,0.9848677893408055,1.011522722708899e-16,0.17330734986997742,2.9448262788849255e-17,0
0.8820000000000007,0.7680886371636727,0.7388868885795341,5.439348628472325e-17,-0.21566589515106174,0.9848200546802206,9.70114176864253e-17,0.17357839698432398,2.9766056220684397e-17,0
0.8830000000000007,0.7698363884769561,0.7405153990404202,5.449352491355358e-17,-0.2163016824126004,0.9847722454243065,9.287069582779244e-17,0.17384943095095126,3.0083822709298156e-17,2
0.8840000000000007,0.7715852437319175,0.7421469272053549,5.459384044868434e-17,-0.21693240630994226,0.9847533477107614,8.791494769778884e-17,0.17395644331972454,3.046841126973608e-17,2
0.8850000000000007,0.773335379312705,0.7437812366416925,5.4694348008247613e-17,-0.2175592321491918,0.9847611428586575,8.276693300032854e-17,0.17391230984525183,3.087660629980176e-17,2
0.8860000000000007,0.7750869581931663,0.7454181088925115,5.4795001687305195e-17,-0.21818323663946027,0.9847935181868793,7.771830717603812e-17,0.17372888803278677,3.1283483007782734e-17,4
0.8870000000000007,0.7768361298818682,0.7470627053166227,5.4896516704229795e-17,-0.21877898098016613,0.9848224641742722,7.892242595972862e-17,0.17356472584518584,3.1181204384299765e-17,4
0.8880000000000007,0.7785833405380783,0.7487144278635934,5.499825347051535e-17,-0.2193494127837988,0.98484827252394,8.132735728363345e-17,0.17341822310994737,3.097893845921765e-17,2
0.8890000000000007,0.7803324315916641,0.7503681273211125,5.5100065476102626e-17,-0.21991991098446104,0.9848520790811454,8.27304591723495e-17,0.17339660414652178,3.0855360735383686e-17,2
0.8900000000000007,0.7820835186989811,0.7520236486585924,5.520192442948729e-17,-0.22049123968175183,0.984835617289761,8.356498358532128e-17,0.17349007728828597,3.077602603761475e-17,2
0.8910000000000007,0.7838367079355281,0.7536808496880241,5.5303821879117215e-17,-0.22106409967802612,0.9848004367756686,8.446347852510193e-17,0.17368966499608524,3.0688020039179576e-17,0
0.8920000000000007,0.7855932523898246,0.7553380507174557,5.540571932874714e-17,-0.22164676967472002,0.984765215812945,8.536195715543002e-17,0.1738892455699425,3.0600015044945206e-17,0
0.8930000000000007,0.7873531520618708,0.7569952517468874,5.550761677837707e-17,-0.22223924967183353,0.9847299544030368,8.626041943986162e-17,0.1740888190016604,3.0512011061128485e-17,2
0.8940000000000007,0.7891144689925391,0.7586550504973085,5.560945979431788e-17,-0.22282873627618244,0.9847196215969098,8.83393247281813e-17,0.17414725620014396,3.033297178518832e-17,2
0.8950000000000007,0.7908773544726476,0.7603172441722167,5.571142508871525e-17,-0.2234162290113369,0.9847322929556781,8.946543852470131e-17,0.17407559050668878,3.0235431636500714e-17,0
0.8960000000000007,0.7926435951705058,0.7619794378471249,5.581339038311261e-17,-0.22401353174691097,0.9847449590987774,9.059156096385564e-17,0.17400392389123615,3.013788971610663e-17,0
0.8970000000000007,0.7944131910861134,0.763641631522033,5.591535567750997e-17,-0.22462064448290467,0.9847576200261405,9.171769203979701e-17,0.17393225635416565,3.004034602518618e-17,0
0.8980000000000007,0.7961861422194705,0.7653038251969412,5.601732097190734e-17,-0.22523756721931798,0.9847702757377006,9.284383174667803e-17,0.17386058789585687,2.99428005649195e-17,0
0.8990000000000007,0.7979624485705773,0.7669660188718493,5.61192862663047e-17,-0.2258642999561509,0.9847829262333905,9.396998007865122e-17,0.17378891851668943,2.9845253336486723e-17,0
0.9000000000000007,0.7997421101394335,0.7686282125467575,5.622125156070206e-17,-0.22650084269340345,0.9847955715131431,9.509613702986904e-17,0.1737172482170429,2.9747704341068026e-17,0
0.9010000000000007,0.8015251269260393,0.7702904062216657,5.632321685509943e-17,-0.22714719543107562,0.9848082115768916,9.62223025944838e-17,0.17364557699729688,2.965015357984359e-17,0
0.9020000000000007,0.8033114989303946,0.7719525998965738,5.642518214949679e-17,-0.22780335816916739,0.9848208464245689,9.734847676664776e-17,0.173573904857831,2.955260105399362e-17,4
0.9030000000000007,0.8050950760008252,0.7736230374904939,5.652697433355939e-17,-0.22842869908581878,0.9848320541029758,9.948494651194743e-17,0.17351030289672484,2.936760532906217e-17,4
0.9040000000000007,0.8068763361351914,0.7753010782752195,5.662918291213369e-17,-0.22902637613955648,0.984841960482485,1.0099910292650925e-16,0.17345406559955692,2.922860537492091e-17,4
0.9050000000000007,0.8086557189655699,0.7769861329496371,5.673176874078635e-17,-0.22959929382008265,0.9848506825929967,1.0256609621627657e-16,0.17340453568493666,2.9084782739642635e-17,2
0.9060000000000007,0.8104370899006782,0.778673020159187,5.683448170553139e-17,-0.23017298948106998,0.9848390178644473,1.0392020888534067e-16,0.17347077244248113,2.8954462966518323e-17,2
0.9070000000000007,0.8122205560769742,0.7803615962937072,5.69372583347269e-17,-0.23074817093424238,0.9848085410674629,1.0434844452535708e-16,0.17364370832418716,2.8896066746163254e-17,0
0.9080000000000007,0.8140073774710198,0.7820501724282273,5.704003496392241e-17,-0.23133316238783438,0.9847780339032628,1.0477667701279971e-16,0.17381663885147583,2.883766962330422e-17,0
0.9090000000000007,0.815797554082815,0.7837387485627474,5.714281159311792e-17,-0.23192796384184602,0.9847474963727876,1.0520490633446172e-16,0.17398956401901472,2.87792715997305e-17,0
0.9100000000000007,0.8175910859123596,0.7854273246972675,5.724558822231344e-17,-0.23253257529627727,0.984716928476979,1.0563313247713634e-16,0.17416248382147154,2.872087267723141e-17,0
0.9110000000000007,0.8193879729596538,0.7871159008317876,5.734836485150895e-17,-0.23314699675112813,0.9846863302167796,1.0606135542761695e-16,0.1743353982535142,2.8662472857596305e-17,2
0.9120000000000007,0.8211862240084722,0.7888071460753258,5.745114748915396e-17,-0.23375807296288023,0.9846813798222704,1.0453291198775942e-16,0.1743633569053703,2.876829261928224e-17,2
0.9130000000000007,0.8229859955275506,0.7905008506906832,5.755406789582547e-17,-0.23436683766372898,0.984700073066651,1.0332740426053986e-16,0.1742577576538053,2.8856617974203655e-17,0
0.9140000000000007,0.8247891222643785,0.7921945553060407,5.765698830249698e-17,-0.23498541236499734,0.9847187549863511,1.0212188106066869e-16,0.1741521563981647,2.894494552508476e-17,0
0.9150000000000007,0.8265956042189558,0.7938882599213981,5.775990870916849e-17,-0.2356137970666853,0.984737425581156,1.0091634240173919e-16,0.17404655313966294,2.903327526937786e-17,0
0.9160000000000007,0.8284054413912827,0.7955819645367556,5.786282911584e-17,-0.2362519917687929,0.9847560848508509,9.971078829734497e-17,0.17394094787951456,2.9121607204535186e-17,0
0.9170000000000007,0.8302186337813593,0.797275669152113,5.796574952251151e-17,-0.23689999647132012,0.9847747327952213,9.850521876108e-17,0.17383534061893408,2.9209941328008935e-17,0
0.9180000000000007,0.8320351813891853,0.7989693737674705,5.806866992918302e-17,-0.23755781117426694,0.9847933694140527,9.729963380653859e-17,0.17372973135913602,2.929827763725124e-17,0
0.9190000000000007,0.833855084214761,0.8006630783828279,5.817159033585454e-17,-0.2382254358776334,0.9848119947071307,9.609403344731539e-17,0.17362412010133502,2.9386616129714175e-17,4
0.9200000000000007,0.8356721258378053,0.8023651157463926,5.827473414002478e-17,-0.23886180094690795,0.984828586486469,9.829189099809075e-17,0.17352998368888284,2.9206997909239506e-17,4
0.9210000000000007,0.8374867914898533,0.8040748354336406,5.837823850128692e-17,-0.23947011213087993,0.9848433221293514,1.0097318083657315e-16,0.17344633422826522,2.899465480487585e-17,2
0.9220000000000007,0.8393032910933026,0.8057865942895521,5.848186825836268e-17,-0.24007818286017096,0.9848353653629652,1.0311330112465959e-16,0.17349150737253824,2.882376519420956e-17,2
0.9230000000000007,0.8411217449785278,0.8075002310182899,5.858558722241777e-17,-0.24068680811393087,0.9848064942909014,1.0449457958009829e-16,0.173655316078908,2.871058316983327e-17,0
0.9240000000000007,0.8429435540815026,0.8092138677470277,5.868930618647286e-17,-0.24130524336811038,0.9847775959723627,1.0587583310618548e-16,0.17381911998078545,2.859740423724085e-17,2
0.9250000000000007,0.8447667425679027,0.8109301529662439,5.879302675614892e-17,-0.24192043500183358,0.984774092436611,1.069650066914487e-16,0.17383896820232764,2.85105617025506e-17,2
0.9260000000000007,0.846591466149848,0.8126488779529386,5.889688567287598e-17,-0.24253341174861098,0.984793990359113,1.0737890460471786e-16,0.17372621147246564,2.848026473769759e-17,0
0.9270000000000007,0.8484195449495431,0.8143676029396333,5.900074458960304e-17,-0.243156198495808,0.9848138753709585,1.0779280836413977e-16,0.17361345246505172,2.8449966119818746e-17,0
0.9280000000000007,0.8502509789669876,0.816086327926328,5.91046035063301e-17,-0.24378879524342462,0.9848337474718868,1.0820671796443461e-16,0.17350069118156414,2.841966585014184e-17,0
0.9290000000000007,0.8520857682021817,0.8178050529130226,5.920846242305716e-17,-0.24443120199146087,0.9848536066616372,1.0862063340032242e-16,0.17338792762348118,2.83893639298947e-17,2
0.9300000000000007,0.8539222364146342,0.8195260248021655,5.931216055650744e-17,-0.24507234442685283,0.9848484688902944,1.0650080803692826e-16,0.17341710793472262,2.8561284715573586e-17,2
0.9310000000000007,0.8557605168415733,0.8212490649970363,5.941596306099439e-17,-0.2457131027996506,0.984820309808224,1.0444047870212344e-16,0.17357694947553973,2.8723737775899436e-17,2
0.9320000000000007,0.8576007318643174,0.8229740094526271,5.951986101389306e-17,-0.24635428563884715,0.9847708927851535,1.0263512991426432e-16,0.17385709281801526,2.886083967176166e-17,2
0.9330000000000007,0.8594421082059382,0.8247018947014836,5.96238683945852e-17,-0.24699078418419274,0.9847496471016757,1.0257972622894006e-16,0.17397739086768038,2.8862375633747185e-17,2
0.9340000000000007,0.8612848192577338,0.8264324883227012,5.972801773870412e-17,-0.24762374396911405,0.9847543962084202,1.0237542896914101e-16,0.1739505077549069,2.888078161542544e-17,2
0.9350000000000007,0.863129025269946,0.8281655755101929,5.983231541911747e-17,-0.24825422370884737,0.9847830689257827,1.0227609935102985e-16,0.17378810994172525,2.8897402249854387e-17,4
0.9360000000000007,0.8649710344251362,0.8299061049295489,5.993672750490207e-17,-0.24885783290435656,0.9848087310454214,1.0582133646009521e-16,0.17364263087360435,2.8617353677802136e-17,4
0.9370000000000007,0.8668112804017094,0.8316534952602049,6.004149778976583e-17,-0.24943743671159227,0.9848316404957991,1.0939147351848432e-16,0.17351265048506756,2.834006884720901e-17,0
0.9380000000000007,0.8686548815960319,0.833400885590861,6.014626807462959e-17,-0.2500268505192476,0.9848545327906613,1.1296166481639513e-16,0.17338266707398475,2.806277363101087e-17,0
0.9390000000000007,0.870501838008104,0.8351482759215171,6.025103835949334e-17,-0.25062607432732253,0.9848774079296093,1.165319102929409e-16,0.17325268064262023,2.778546804144847e-17,0
0.9400000000000007,0.8723521496379256,0.8368956662521732,6.03558086443571e-17,-0.2512351081358171,0.9849002659122448,1.20102209887233e-16,0.17312269119323828,2.7508152090762898e-17,0
0.9410000000000007,0.8742058164854968,0.8386430565828292,6.046057892922086e-17,-0.2518539519447313,0.9849231067381695,1.2367256353838082e-16,0.17299269872810333,2.723082579119561e-17,0
0.9420000000000007,0.8760628385508176,0.8403904469134853,6.056534921408462e-17,-0.2524826057540651,0.9849459304069855,1.2724297118549192e-16,0.1728627032494798,2.6953489154988406e-17,0
0.9430000000000007,0.8779232158338879,0.8421378372441414,6.067011949894838e-17,-0.2531210695638185,0.9849687369182952,1.3081343276767182e-16,0.17273270475963218,2.6676142194383444e-17,2
0.9440000000000007,0.8797852977039555,0.8438874401488866,6.077479875107787e-17,-0.2537584382551867,0.9849670297815437,1.3356673717729782e-16,0.17274243903373568,2.6460325409925338e-17,2
0.9450000000000007,0.8816492156291023,0.8456390794024381,6.087955099225811e-17,-0.25439558039011057,0.9849427581767078,1.357910054380385e-16,0.17288077717103018,2.6278488493901194e-17,0
0.9460000000000007,0.8835164887719985,0.8473907186559896,6.098430323343836e-17,-0.25504253252545406,0.9849184671423484,1.3801523992974944e-16,0.1730191118979832,2.609665651658426e-17,0
0.9470000000000007,0.8853871171326445,0.8491423579095411,6.10890554746186e-17,-0.25569929466121716,0.9848941566789446,1.4023944060932084e-16,0.17315744321186588,2.5914829485928078e-17,0
0.9480000000000007,0.8872611007110398,0.8508939971630926,6.119380771579885e-17,-0.2563658667973999,0.984869826786976,1.4246360743364432e-16,0.17329577110994943,2.5733007409885983e-17,0
0.9490000000000007,0.8891384395071847,0.852645636416644,6.12985599569791e-17,-0.2570422489340023,0.9848454774669224,1.4468774035961272e-16,0.1734340955895051,2.5551190296411104e-17,0
0.9500000000000007,0.8910191335210793,0.8543972756701955,6.140331219815934e-17,-0.2577284410710243,0.9848211087192643,1.469118393441202e-16,0.17357241664780423,2.5369378153456368e-17,0
0.9510000000000007,0.8929031827527233,0.856148914923747,6.150806443933959e-17,-0.25842444320846586,0.9847967205444823,1.4913590434406217e-16,0.17371073428211825,2.5187570988974492e-17,4
0.9520000000000007,0.894784122155383,0.8579092201947407,6.161260894845214e-17,-0.2590875431270005,0.984774801949348,1.5231933836610764e-16,0.17383494886133335,2.49258447470442e-17,4
0.9530000000000007,0.8966624589966378,0.8596775115206222,6.171787731106381e-17,-0.25972109215957284,0.9847551623809493,1.541826482889536e-16,0.17394617030584583,2.4769929836881653e-17,2
0.9540000000000007,0.8985421957403884,0.8614484238323669,6.18236059424413e-17,-0.2603515331337465,0.9847606760445686,1.5372953797936017e-16,0.1739149531128482,2.4810860109554752e-17,2
0.9550000000000007,0.9004234880126571,0.863221748522384,6.192964084382073e-17,-0.2609798942142151,0.9847893298343553,1.5362205498340722e-16,0.17375262830933402,2.4834987279967875e-17,2
0.9560000000000007,0.9023064792732048,0.8649972932912452,6.203593494139059e-17,-0.26160712318759627,0.9848392220910622,1.5272518786498772e-16,0.17346961299049365,2.4932231923652557e-17,2
0.9570000000000007,0.9041911075067393,0.8667751412668266,6.214233985081556e-17,-0.2622328103413425,0.9848634340286442,1.5197771032095247e-16,0.1733320983352664,2.5011590691306744e-17,2
0.9580000000000007,0.9060775100900433,0.868555108303577,6.224890335132911e-17,-0.2628578632740408,0.9848640764437204,1.5077572293301126e-16,0.1733284481285676,2.5118058454735027e-17,2
0.9590000000000007,0.9079658131744609,0.8703370253029893,6.23556340211888e-17,-0.26348311542187497,0.9848430319314826,1.4951260481564598e-16,0.17344798198885014,2.522672338647541e-17,0
0.9600000000000007,0.9098574714766281,0.8721189423024016,6.246236469104848e-17,-0.26411817757012873,0.9848219729113101,1.4824950305799157e-16,0.17356751329403314,2.5335384677467e-17,0
0.9610000000000007,0.9117524849965448,0.8739008593018139,6.256909536090817e-17,-0.26476304971880216,0.9848008993835131,1.4698641767825819e-16,0.17368704204235572,2.5444042323856166e-17,0
0.9620000000000007,0.9136508537342112,0.8756827763012263,6.267582603076785e-17,-0.2654177318678952,0.9847798113484021,1.4572334869465534e-16,0.1738065682320571,2.5552696321789386e-17,0
0.9630000000000007,0.915552577689627,0.8774646933006386,6.278255670062754e-17,-0.26608222401740783,0.9847587088062878,1.4446029612539215e-16,0.1739260918613765,2.5661346667413236e-17,0
0.9640000000000007,0.9174576568627923,0.8792466103000509,6.288928737048722e-17,-0.2667565261673401,0.984737591757481,1.431972599886772e-16,0.17404561292855322,2.5769993356874396e-17,2
0.9650000000000007,0.9193639453996875,0.8810314036914106,6.299639104266417e-17,-0.26742646143834153,0.9847440890097517,1.3987392257548295e-16,0.1740088479369746,2.6055522960402773e-17,2
0.9660000000000007,0.9212716147908206,0.88281884360171,6.310373133834273e-17,-0.26809316280601403,0.9847759799771809,1.355391595740082e-16,0.17382827520280478,2.643402466227864e-17,2
0.9670000000000007,0.9231808233021666,0.8846087178846564,6.321131356186163e-17,-0.2687576758762582,0.9848311600451809,1.3029584163251925e-16,0.17351537742823353,2.6895838267851938e-17,2
0.9680000000000007,0.9250915022259658,0.8864011186389874,6.3319220524782e-17,-0.26941954672182333,0.984858155717749,1.2612234240605196e-16,0.17336208673246042,2.7262945353442853e-17,2
0.9690000000000007,0.9270038028996799,0.8881958430056771,6.342725514359607e-17,-0.27007977517443854,0.9848593009487528,1.2126548992793824e-16,0.1733555806276025,2.7678445615978377e-17,2
0.9700000000000008,0.9289178644386351,0.8899927045087582,6.353540753129363e-17,-0.2707392803186159,0.984836674016882,1.1603666123563893e-16,0.17348407855294687,2.811854011309351e-17,2
0.9710000000000008,0.9308338146654678,0.8917915318094545,6.364367707847204e-17,-0.2713989066321612,0.9847921293348421,1.1111405109729243e-16,0.17373676064709834,2.853054618460547e-17,4
0.9720000000000008,0.9327473387170647,0.8935981087296837,6.375277925707503e-17,-0.2720301473792006,0.9847521324598617,1.0751113640234882e-16,0.1739633226164479,2.884218327039594e-17,2
0.9730000000000008,0.9346622076121675,0.8954073804391355,6.386196981589647e-17,-0.2726579163130607,0.9847379760023959,1.035368471515712e-16,0.17404343888438903,2.918749696235717e-17,2
0.9740000000000008,0.9365785813859961,0.8972191324199469,6.397132943643051e-17,-0.27328327072840686,0.9847476331492199,9.922347027015997e-17,0.17398878988891414,2.956303898144662e-17,2
0.9750000000000008,0.938496607578581,0.8990331669033272,6.408083829539396e-17,-0.2739071853687146,0.9847791858122031,9.632411443780415e-17,0.17381011245337136,2.982644456152258e-17,0
0.9760000000000008,0.9404179889889153,0.9008472013867076,6.419034715435741e-17,-0.27454091000944203,0.9848107060550773,9.342470648926657e-17,0.1736314292957917,3.008985779831266e-17,0
0.9770000000000008,0.942342725616999,0.902661235870088,6.429985601332087e-17,-0.27518444465058906,0.9848421938768047,9.052524651843257e-17,0.17345274042205763,3.035327867426414e-17,0
0.9780000000000008,0.9442708174628325,0.9044752703534683,6.440936487228432e-17,-0.2758377892921557,0.9848736492763487,8.762573461919088e-17,0.1732740458380518,3.0616707171823775e-17,0
0.9790000000000008,0.9462022645264153,0.9062893048368487,6.451887373124777e-17,-0.27650094393414193,0.9849050722526738,8.472617088543349e-17,0.17309534554965708,3.088014327343778e-17,0
0.9800000000000008,0.9481370668077478,0.908103339320229,6.462838259021122e-17,-0.2771739085765478,0.9849364628047454,8.182655541105576e-17,0.17291663956275646,3.114358696155184e-17,2
0.9810000000000008,0.9500734447599122,0.909919759182287,6.4737966548265e-17,-0.2778449263982114,0.9849413865500581,7.8592417008501e-17,0.17288859147106506,3.143212223982454e-17,2
0.9820000000000008,0.9520115415270237,0.9117383725466982,6.484759635032807e-17,-0.2785149431003962,0.9849219857711763,7.55574198514037e-17,0.17299908076219025,3.169983570634837e-17,2
0.9830000000000008,0.9539514885982249,0.9135590031599502,6.495727407621998e-17,-0.27918482738417955,0.9848801699769302,7.307849223869156e-17,0.1732369786916554,3.192233519055444e-17,0
0.9840000000000008,0.9558947908871753,0.9153796337732022,6.506695180211189e-17,-0.2798645216683825,0.9848382967208499,7.059962498074061e-17,0.17347486651378483,3.21448214461245e-17,0
0.9850000000000008,0.9578414483938755,0.9172002643864542,6.51766295280038e-17,-0.2805540259530051,0.9847963660053782,6.812081821943053e-17,0.17371274421469912,3.236729444446989e-17,0
0.9860000000000008,0.9597914611183251,0.9190208949997062,6.528630725389571e-17,-0.2812533402380473,0.9847543778329617,6.56420720966337e-17,0.1739506117805196,3.258975415700339e-17,2
0.9870000000000008,0.9617424858053272,0.9208446666096509,6.539610261377614e-17,-0.2819469834861649,0.9847425095256042,6.492486622552853e-17,0.1740177862553592,3.267397260521888e-17,2
0.9880000000000008,0.9636947102813114,0.9226713274459325,6.550591586206785e-17,-0.28263619659846817,0.9847583779189657,6.315075094873386e-17,0.173927965314402,3.284755572248593e-17,2
0.9890000000000008,0.9656483080767192,0.9245006449011325,6.561577637510724e-17,-0.2833221260276544,0.9847997141015234,6.105405555921493e-17,0.17369376242559129,3.3051561330743363e-17,4
0.9900000000000008,0.9675991729637998,0.9263381231336545,6.572579285421201e-17,-0.28397764341603093,0.984836649156082,5.655401766457945e-17,0.1734842196830028,3.34649381591601e-17,2
0.9910000000000008,0.9695516728188722,0.9281779072604757,6.583570142165176e-17,-0.28463160573849694,0.9848478981709057,5.224839691389012e-17,0.1734203490607424,3.3860695168075994e-17,2
0.9920000000000008,0.9715059462929378,0.9300198114280283,6.59456297513779e-17,-0.28528492901194213,0.9848355589156934,4.788269289383455e-17,0.17349040865481344,3.4259521674208554e-17,2
0.9930000000000008,0.9734621207160327,0.9318636649578387,6.605554980242582e-17,-0.28593845445973715,0.9848015029408721,4.381402317923378e-17,0.1736836198534566,3.463315253386728e-17,0
0.9940000000000008,0.975421650356877,0.9337075184876491,6.616546985347375e-17,-0.28660178990795177,0.9847674090606698,3.974543199694535e-17,0.1738768243669518,3.5006767912779577e-17,2
0.9950000000000008,0.9773824393310159,0.9355541814281244,6.627558963964933e-17,-0.2872610886080309,0.9847602544718765,3.832511354941566e-17,0.17391734017194888,3.516526469113205e-17,2
0.9960000000000008,0.9793446555495171,0.9374034287042882,6.638568331181356e-17,-0.28791745988750833,0.9847778975051661,3.6923307985005225e-17,0.17381741162871214,3.531976771984159e-17,0
0.9970000000000008,0.9813102269857679,0.9392526759804519,6.649577698397779e-17,-0.28858364116740537,0.9847955303982071,3.5521491435024156e-17,0.17371748129567918,3.547427225675622e-17,0
0.9980000000000008,0.9832791536397681,0.9411019232566157,6.660587065614201e-17,-0.289259632447722,0.984813153150818,3.4119663913717054e-17,0.17361754917387898,3.562877829920882e-17,0
0.9990000000000008,0.9852514355115182,0.9429511705327794,6.671596432830624e-17,-0.28994543372845827,0.9848307657628173,3.271782543532873e-17,0.17351761526434056,3.578328584453225e-17,0
1.0000000000000007,0.9872270726010176,0.9448004178089432,6.682605800047047e-17,-0.2906410450096142,0.9848483682340237,3.1315976014104236e-17,0.17341767956809293,3.593779489005932e-17,2
