time_s,along_slope_displacement_m,x,y,z,qw,qx,qy,qz,contacts
0.0,0.0,0.017135209180616003,0.0,0.047078600301374014,0.984807753012208,0.0,0.17364817766693033,0.0,0
0.0005,8.388044373847806e-07,0.017135209180616003,0.0,0.04707614780126911,0.984807753012208,0.0,0.17364817766693033,0.0,0
0.001,2.5164133121567152e-06,0.017135209180616003,0.0,0.0470712428010593,0.984807753012208,0.0,0.17364817766693033,0.0,0
0.0015,5.0328266243134305e-06,0.017135209180616003,0.0,0.04706388530074459,0.984807753012208,0.0,0.17364817766693033,0.0,0
0.002,8.388044373854926e-06,0.017135209180616003,0.0,0.047054075300324974,0.984807753012208,0.0,0.17364817766693033,0.0,0
0.0025,1.2582066560783577e-05,0.017135209180616003,0.0,0.04704181279980045,0.984807753012208,0.0,0.17364817766693033,0.0,0
0.003,1.7614893185097005e-05,0.017135209180616003,0.0,0.047027097799171025,0.984807753012208,0.0,0.17364817766693033,0.0,0
0.0035,2.3486524246795218e-05,0.017135209180616003,0.0,0.0470099302984367,0.984807753012208,0.0,0.17364817766693033,0.0,0
0.004,3.019695974588058e-05,0.017135209180616003,0.0,0.04699031029759746,0.984807753012208,0.0,0.17364817766693033,0.0,0
0.0045000000000000005,3.7746199682350727e-05,0.017135209180616003,0.0,0.04696823779665332,0.984807753012208,0.0,0.17364817766693033,0.0,4
0.005000000000000001,4.493949922740999e-05,0.01713521744821431,-2.381313415964695e-23,0.04694722871083145,0.9848077387704819,1.1199114786869913e-21,0.17364825843575357,6.968042435685063e-22,4
0.005500000000000001,5.179493820712607e-05,0.017135237533755603,-7.389368673236447e-23,0.046927239932748666,0.9848077112633838,2.0429088678805436e-21,0.17364841443611204,1.4327932404532165e-21,4
0.006000000000000002,5.832964266759662e-05,0.01713527260368584,-1.4520499558644124e-22,0.046908230088934806,0.9848076714236178,5.210759460649443e-21,0.17364864037818373,1.4225982300756753e-21,4
0.006500000000000002,6.455983927022668e-05,0.017135325469776905,-2.464195761336768e-22,0.04689015946108561,0.9848076201407574,1.1686839312472743e-20,0.1736489312166875,7.633661947770149e-22,4
0.007000000000000003,7.050090612155196e-05,0.017135398616137786,-3.9311914786878946e-22,0.04687298991165888,0.9848075582619746,1.9882595666710332e-20,0.17364928214676748,-3.272385375655498e-22,4
0.007500000000000003,7.616742032238943e-05,0.017135494224216088,-5.938053441859871e-22,0.04685668481354113,0.9848074865929363,2.427250909512212e-20,0.1736496885989262,-9.426446613026325e-22,4
0.008000000000000004,8.157320249338254e-05,0.017135614195969963,-7.725249397888735e-22,0.046841208983528004,0.9848074058988311,2.925277763752448e-20,0.17365014623320993,-1.5806828426333029e-21,4
0.008500000000000004,8.673135850944093e-05,0.017135760175370197,-9.46803662413133e-22,0.046826528619377375,0.9848073169054996,3.165537953750687e-20,0.17365065093281729,-2.492469631218465e-21,4
0.009000000000000005,9.165431865361714e-05,0.017135933568374267,-1.1047266320502833e-21,0.04681261124020938,0.9848072203006379,3.561861474733842e-20,0.173651198797276,-3.698136163097365e-21,4
0.009500000000000005,9.635387438147303e-05,0.01713613556149875,-1.2422413726065941e-21,0.046799425630041865,0.9848071167350574,3.79448254679229e-20,0.17365178613530946,-4.258973960845288e-21,4
0.010000000000000005,0.00010084121286954062,0.017136367139102954,-1.3917156572201893e-21,0.04678694178426383,0.98480700682398,3.6782323415972546e-20,0.17365240945749474,-3.906538628189376e-21,4
0.010500000000000006,0.00010512694950588339,0.017136629099484754,-1.5334284393237292e-21,0.04677513085886234,0.9848068911483558,3.706124617787414e-20,0.17365306546879744,-3.36297877986446e-21,4
0.011000000000000006,0.00010922115846696384,0.017136922069879476,-1.6760619091391164e-21,0.04676396512223081,0.9848067702561887,3.5171936931160097e-20,0.1736537510610535,-3.088317961157053e-21,4
0.011500000000000007,0.000113133401512441,0.017137246520443485,-1.8068944138262217e-21,0.046753417909398284,0.9848066446638617,3.2229241925150146e-20,0.17365446330545697,-2.5153158078322235e-21,4
0.012000000000000007,0.00011687275511847513,0.017137602777296364,-1.9209555850024698e-21,0.04674346357853001,0.9848065148574526,2.7281276534575314e-20,0.1736551994451012,-2.1199445351977964e-21,4
0.012500000000000008,0.00012044783606003199,0.017137991034688545,-2.049487358496985e-21,0.0467340774695601,0.9848063812940326,2.2680297995203138e-20,0.1736559568876123,-1.4032060935711283e-21,4
0.013000000000000008,0.00012386682554371567,0.017138411366355195,-2.1939704052375024e-21,0.046725235864826395,0.9848062444029438,2.1090467034503032e-20,0.1736567331979073,-5.332265995317636e-22,4
0.013500000000000009,0.00012713749198452597,0.017138863736111738,-2.3161823803960747e-21,0.046716915951586634,0.9848061045870494,1.450627611871864e-20,0.1736575260911012,1.3796826419752868e-22,4
0.014000000000000009,0.00013026721251267347,0.01713934800774169,-2.4472973345398838e-21,0.046709095786303334,0.9848059622239546,1.568992316337606e-21,0.17365833342558265,2.0209333320300013e-21,4
0.01450000000000001,0.00013326299328990813,0.017139863954223206,-2.5802485309784022e-21,0.04670175426059254,0.984805817667195,-1.007172869778907e-20,0.17365915319627448,4.6810435302126635e-21,4
0.01500000000000001,0.00013613148870891023,0.017140411266337016,-2.7205298447270417e-21,0.0466948710687387,0.9848056712473906,-2.1624837889499883e-20,0.17365998352808898,7.426283205659153e-21,4
0.01550000000000001,0.00013887901954383954,0.01714098956069517,-2.8609770985971776e-21,0.046688426676684776,0.9848055232733628,-3.334083362512265e-20,0.17366082266958727,1.081979997506494e-20,4
0.01600000000000001,0.00014151159011520817,0.017141598387226856,-2.980323266543362e-21,0.04668240229241264,0.984805374033216,-4.2126708698069807e-20,0.17366166898684732,1.3582460781976145e-20,4
0.01650000000000001,0.0001440349045277632,0.017142237236155072,-3.088331391352994e-21,0.046676779837634935,0.9848052237953808,-5.214601082634536e-20,0.17366252095754445,1.680442712682787e-20,4
0.01700000000000001,0.0001464543820360021,0.01714290554449544,-3.179010829679137e-21,0.04667154192072464,0.9848050728096203,-6.109110416870528e-20,0.17366337716524544,1.9740637989642194e-20,4
0.017500000000000012,0.00014877517158815574,0.017143602702106246,-3.2596785691734807e-21,0.046666671810813694,0.9848049213079973,-6.801967043529491e-20,0.17366423629391584,2.23910639299231e-20,4
0.018000000000000013,0.0001510021655961228,0.01714432805731699,-3.3409127197925575e-21,0.04666215341299666,0.9848047695058062,-7.314479791928996e-20,0.17366509712263944,2.3983762668848196e-20,4
0.018500000000000013,0.00015314001297560742,0.017145080922160695,-3.404356097124569e-21,0.046657971244579634,0.984804617602466,-7.366226823806974e-20,0.17366595852054725,2.5372840563487234e-20,4
0.019000000000000013,0.0001551931314979533,0.017145860577233926,-3.454415617352063e-21,0.04665411041231861,0.9848044657823785,-7.244863832844139e-20,0.17366681944195272,2.5382758754688938e-20,4
0.019500000000000014,0.00015716571949235859,0.01714666627620664,-3.5026609935872264e-21,0.04665055659059526,0.9848043142157495,-7.113047556446209e-20,0.17366767892168922,2.6180223314760438e-20,4
0.020000000000000014,0.00015906176693486788,0.01714749725000295,-3.537519912010837e-21,0.04664729600048146,0.9848041630593762,-6.959119138917294e-20,0.17366853607064542,2.6621655680244474e-20,4
0.020500000000000015,0.0001608850659581306,0.01714835271067239,-3.5811852897909465e-21,0.04664431538964695,0.9848040124573999,-6.887666219816549e-20,0.17366939007149373,2.5969424670299604e-20,4
0.021000000000000015,0.0001626392208139429,0.01714923185497026,-3.631238303984116e-21,0.046641602013067794,0.984803862542026,-6.816534678656522e-20,0.1736702401746066,2.5275326696367973e-20,4
0.021500000000000016,0.00016432765731854505,0.017150133867664463,-3.69538015554253e-21,0.04663914361449563,0.9848037134342115,-6.701605283554291e-20,0.17367108569415518,2.4568358142746235e-20,4
0.022000000000000016,0.00016595363180891472,0.017151057924585364,-3.760838298932612e-21,0.0466369284086506,0.9848035652443214,-6.44290897912948e-20,0.17367192600438508,2.329963256967045e-20,4
0.022500000000000017,0.00016752023963659642,0.017152003195434123,-3.823828128672812e-21,0.04663494506410293,0.9848034180727554,-6.395934662630722e-20,0.1736727605360634,2.2131071017951667e-20,4
0.023000000000000017,0.00016903042322404424,0.017152968846364237,-3.887313020926731e-21,0.04663318268681046,0.9848032720105443,-6.239988778123626e-20,0.17367358877309155,2.020641757763933e-20,4
0.023500000000000017,0.00017048697970700665,0.017153954042350126,-3.9526650209498646e-21,0.046631630804281454,0.9848031271399196,-6.31515926671219e-20,0.17367441024927796,1.8793774813738135e-20,4
0.024000000000000018,0.0001718925681851101,0.01715495794935585,-4.008622811510172e-21,0.046630279350333814,0.9848029835348545,-6.322632333115763e-20,0.17367522454526532,1.7216033377063544e-20,4
0.02450000000000002,0.00017324971660155695,0.01715597973631635,-4.060914708827323e-21,0.0466291186504236,0.9848028412615798,-6.658617658518496e-20,0.17367603128560652,1.619149845519927e-20,4
0.02500000000000002,0.00017456082827164412,0.017157018576942937,-4.1209531849325566e-21,0.046628139407517456,0.9848027003790739,-7.137539643925203e-20,0.1736768301359839,1.5113654753049525e-20,4
0.02550000000000002,0.00017582818807869763,0.01715807365136407,-4.192019834622868e-21,0.04662733268848491,0.9848025609395287,-7.747306727371836e-20,0.17367762080056637,1.4425166647500124e-20,4
0.02600000000000002,0.00017705396835499598,0.017159144147611927,-4.2637385526056205e-21,0.046626689910988034,0.9848024229887922,-8.368681553701527e-20,0.17367840301949922,1.428008815663751e-20,4
0.02650000000000002,0.00017824023446423747,0.017160229262964656,-4.333398986455676e-21,0.046626202830847195,0.9848022865667884,-8.726113062475505e-20,0.17367917656652088,1.3194520660020745e-20,4
0.02700000000000002,0.00017938895010124092,0.017161328205153654,-4.414243498762265e-21,0.04662586352986275,0.9848021517079162,-9.099947544472636e-20,0.1736799412467024,1.2365723240197152e-20,4
0.02750000000000002,0.00018050198232367424,0.017162440193444796,-4.502974800207632e-21,0.04662566440407388,0.9848020184414268,-9.434839339607588e-20,0.17368069689430388,1.1137887137062162e-20,4
0.02800000000000002,0.00018158110632978538,0.01716356445960189,-4.601678865080531e-21,0.04662559815243657,0.9848018867917823,-9.865717315946252e-20,0.17368144337074343,9.692915652858487e-21,4
0.028500000000000022,0.00018262800999538194,0.017164700248740363,-4.705261266584033e-21,0.046625657765903765,0.9848017567789944,-1.0323810361885644e-19,0.17368218056267404,8.433466969070557e-21,4
0.029000000000000022,0.0001836442981825379,0.017165846820078576,-4.8082792349620475e-21,0.04662583651689186,0.9848016284189454,-1.0516094249533813e-19,0.17368290838016348,6.278140262984909e-21,4
0.029500000000000023,0.0001846314968319084,0.0171670034475939,-4.9188147722164904e-21,0.046626127949118065,0.9848015017236915,-1.0794331572916888e-19,0.17368362675497315,5.233051640229547e-21,4
0.030000000000000023,0.00018559105684978603,0.017168169420590147,-5.035624538068717e-21,0.046626525867794456,0.9848013767017498,-1.1083969421494484e-19,0.17368433563893118,3.6484829224713326e-21,4
0.030500000000000024,0.00018652435780052551,0.01716934404418272,-5.147128507143899e-21,0.04662702433016496,0.9848012533583693,-1.0922050144663755e-19,0.17368503500239632,7.263596874363638e-22,4
0.031000000000000024,0.0001874327114143612,0.017170526639707355,-5.257902032400901e-21,0.04662761763637221,0.9848011316957861,-1.0770811517557944e-19,0.17368572483280773,-2.213005434470366e-21,4
0.03150000000000002,0.00018831736492008955,0.017171716545058106,-5.367750242498714e-21,0.04662830032064202,0.9848010117134649,-1.0907532762662332e-19,0.17368640513331748,-4.34498262172044e-21,4
0.03200000000000002,0.00018917950421160317,0.017172913114959797,-5.480761471314475e-21,0.04662906714277363,0.9848008934083262,-1.0806407698118555e-19,0.17368707592150182,-6.571984230508141e-21,4
0.03250000000000002,0.00019002025685679728,0.01717411572117995,-5.597922212097484e-21,0.04662991307992453,0.9848007767749603,-1.0766788139169813e-19,0.17368773722814732,-8.386883120919862e-21,4
0.03300000000000002,0.000190840694956902,0.01717532375268487,-5.724078166598541e-21,0.046630833318679135,0.9848006618058285,-1.0819426498487247e-19,0.173688389096109,-1.0165414863777316e-20,4
0.03350000000000002,0.0001916418378638241,0.01717653661574423,-5.843663643479375e-21,0.0466318232473912,0.9848005484914527,-1.046383896990372e-19,0.17368903157923637,-1.2177630058951595e-20,4
0.03400000000000002,0.00019242465476281055,0.01717775373398838,-5.9858286539633045e-21,0.046632878448790036,0.9848004368205933,-1.0011160880260811e-19,0.1736896647413647,-1.3402119003321545e-20,4
0.034500000000000024,0.0001931900671272072,0.017178974548422214,-6.134432613919913e-21,0.04663399469284137,0.9848003267804157,-9.217075605743753e-20,0.17369028865536823,-1.484966481169245e-20,4
0.035000000000000024,0.00019393895105183443,0.017180198517399246,-6.284415269272802e-21,0.046635167929853845,0.9848002183566479,-8.623912376351874e-20,0.17369090340227197,-1.6584168125755795e-20,4
0.035500000000000025,0.00019467213947111972,0.01718142511655937,-6.4324760356104556e-21,0.04663639428382255,0.9848001115337259,-7.776059591332488e-20,0.17369150907042,-1.8997737566580152e-20,4
0.036000000000000025,0.00019539042426781344,0.01718265383873347,-6.5873080301993996e-21,0.046637670046001535,0.984800006294932,-7.074920274600728e-20,0.1736921057546965,-2.174024308667287e-20,4
0.036500000000000025,0.00019609455827781467,0.017183884193817923,-6.734249486524511e-21,0.046638991668697234,0.9847999026225229,-6.467918746387874e-20,0.17369269355579786,-2.4051055431270408e-20,4
0.037000000000000026,0.00019678525719633416,0.0171851157086218,-6.872743720402779e-21,0.046640355759275456,0.9847998004978495,-5.947048734350876e-20,0.17369327257955222,-2.5741170819289916e-20,4
0.037500000000000026,0.00019746320139036038,0.017186347926689428,-7.004948814049783e-21,0.046641759074374546,0.9847996999014692,-5.615115570027085e-20,0.17369384293628518,-2.744406713563493e-20,4
0.03800000000000003,0.00019812903762214746,0.017187580408100755,-7.134772628908233e-21,0.04664319851431778,0.9847996008132499,-5.3859422778459676e-20,0.1736944047402281,-2.880828525145056e-20,4
0.03850000000000003,0.00019878338068815904,0.017188812729251855,-7.25662029163406e-21,0.04664467111771832,0.9847995032124673,-4.9841965027529685e-20,0.17369495810896782,-3.058994044379703e-20,4
0.03900000000000003,0.00019942681497771555,0.017190044482617683,-7.373388086150786e-21,0.04664617405627025,0.9847994070778949,-4.7381765558011237e-20,0.1736955031629347,-3.265897546462504e-20,4
0.03950000000000003,0.00020005989595536463,0.01719127527649914,-7.47994447893049e-21,0.04664770462971944,0.9847993123878881,-4.432452074908841e-20,0.17369604002492775,-3.487181444383106e-20,4
0.04000000000000003,0.00020068315157077042,0.01719250473475627,-7.584068086112558e-21,0.046649260261008324,0.9847992191204615,-4.1303182913361914e-20,0.17369656881967407,-3.699751995390448e-20,4
0.04050000000000003,0.00020129708359972227,0.017193732496529373,-7.686524961452482e-21,0.04665083849158874,0.9847991272533612,-3.8287413840072757e-20,0.1736970896734213,-3.915598682692695e-20,4
0.04100000000000003,0.00020190216891971066,0.017194958215949595,-7.78253014757876e-21,0.04665243697689733,0.9847990367641312,-3.504751027058941e-20,0.17369760271356097,-4.133661087672586e-20,4
0.04150000000000003,0.00020249886072331758,0.017196181561840572,-7.874723644910597e-21,0.04665405348198805,0.9847989476301741,-2.977250199006624e-20,0.17369810806828107,-4.3681854393938686e-20,4
0.04200000000000003,0.00020308758967246753,0.017197402217412443,-7.966651183195469e-21,0.046655685877316666,0.9847988598288083,-2.4860391943582894e-20,0.17369860586624616,-4.553680019821537e-20,4
0.04250000000000003,0.00020366876499651828,0.01719861987994958,-8.053661588301984e-21,0.04665733213467224,0.9847987733373198,-2.0375786441651414e-20,0.17369909623630345,-4.711841076217136e-20,4
0.04300000000000003,0.00020424277553694154,0.017199834260493208,-8.14131087605431e-21,0.04665899032325065,0.9847986881330089,-1.818091864133211e-20,0.17369957930721336,-4.8300807958490806e-20,4
0.04350000000000003,0.00020480999074122774,0.017201045083520012,-8.225038188836612e-21,0.04666065860586562,0.9847986041932346,-1.2969279070051408e-20,0.1737000552074031,-5.050368289213767e-20,4
0.04400000000000003,0.0002053707616085094,0.01720225208661775,-8.302258404301573e-21,0.046662335235292625,0.984798521495454,-7.831388117862135e-21,0.17370052406474176,-5.274762353393843e-20,4
0.04450000000000003,0.0002059254215893229,0.01720345502015883,-8.36955164322307e-21,0.04666401855074135,0.9847984400172579,-3.206493802578325e-21,0.17370098600633604,-5.463929715623665e-20,4
0.04500000000000003,0.0002064742874416935,0.01720465364697267,-8.436751998329573e-21,0.04666570697445247,0.9847983597364043,-9.027979315072465e-22,0.17370144115834463,-5.654313521651709e-20,4
0.045500000000000033,0.0002070176600457598,0.01720584774201769,-8.501228034384978e-21,0.04666739900841465,0.9847982806308472,-8.871651230915758e-23,0.17370188964581074,-5.79573997671797e-20,4
0.046000000000000034,0.00020755582517890164,0.01720703709205359,-8.569955857404881e-21,0.04666909323119781,0.9847982026787637,-2.684924213343694e-21,0.17370233159251142,-5.851221264010256e-20,4
0.046500000000000034,0.0002080890542533625,0.01720822149531463,-8.636161905812268e-21,0.046670788294898846,0.9847981258585778,-6.4894678802543364e-21,0.17370276712082242,-5.909211080604443e-20,4
0.047000000000000035,0.00020861760501815802,0.017209400761184504,-8.699641935188045e-21,0.04667248292219604,0.9847980501489817,-9.316042293504085e-21,0.17370319635159773,-6.000470487327789e-20,4
0.047500000000000035,0.0002091417222270441,0.01721057470987334,-8.757311119548962e-21,0.046674175903508676,0.9847979755289541,-1.3181243255226522e-20,0.17370361940406293,-6.140817702792774e-20,4
0.048000000000000036,0.00020966163827416858,0.01721174317209732,-8.813835804226364e-21,0.04667586609425825,0.9847979019777774,-1.7962095422526356e-20,0.17370403639572118,-6.248600176554984e-20,4
0.048500000000000036,0.00021017757379901273,0.0172129059887614,-8.86756321695029e-21,0.046677552412228034,0.9847978294750518,-2.1439486199338688e-20,0.17370444744227126,-6.306644939079889e-20,4
0.04900000000000004,0.000210689738262085,0.017214063010645497,-8.926274513722126e-21,0.04667923383501767,0.9847977580007083,-2.7096048674682153e-20,0.17370485265753655,-6.355564265668736e-20,4
0.04950000000000004,0.00021119833049282037,0.017215214098094546,-8.986488391829413e-21,0.046680909397589634,0.9847976875350187,-3.291201632871453e-20,0.17370525215340435,-6.443263832807509e-20,4
0.05000000000000004,0.0002117035392109981,0.017216359120712704,-9.046455459547222e-21,0.04668257818990458,0.9847976180586053,-3.6761525876229424e-20,0.1737056460397749,-6.544118103139104e-20,4
0.05050000000000004,0.00021220554352299878,0.017217497957062032,-9.110191280004663e-21,0.046684239354642484,0.984797549552448,-4.4818870498616266e-20,0.17370603442451904,-6.565679527164178e-20,4
0.05100000000000004,0.00021270451339408704,0.017218630494365873,-9.170352122065653e-21,0.04668589208500684,0.9847974819978902,-5.40055053257178e-20,0.17370641741344423,-6.584688532609028e-20,4
0.05150000000000004,0.00021320061009789764,0.017219756628217186,-9.232295832649097e-21,0.0466875356226091,0.9847974153766439,-5.819701756407935e-20,0.17370679511026813,-6.642265630483346e-20,4
0.05200000000000004,0.0002136939866442251,0.017220876262291986,-9.294643352776157e-21,0.046689169255430575,0.9847973496707927,-5.899003043684993e-20,0.17370716761659916,-6.784688998129901e-20,4
0.05250000000000004,0.00021418478818616187,0.017221989308068106,-9.352573441750053e-21,0.04669079231585936,0.9847972848627945,-6.066545834827704e-20,0.17370753503192343,-6.980338114778088e-20,4
0.05300000000000004,0.00021467315240757037,0.017223095684549362,-9.411148019329291e-21,0.04669240417879959,0.9847972209354824,-6.339475784169415e-20,0.17370789745359774,-7.193348049608912e-20,4
0.05350000000000004,0.00021515920989185932,0.017224195317995305,-9.471930249190198e-21,0.0466940042598507,0.9847971578720651,-6.562429040344947e-20,0.17370825497684783,-7.473212416088029e-20,4
0.05400000000000004,0.0002156430844729554,0.01722528814165661,-9.534976043791553e-21,0.04669559201355424,0.9847970956561268,-6.538976449298686e-20,0.1737086076947718,-7.820837549768034e-20,4
0.05450000000000004,0.00021612489356931077,0.017226374095516188,-9.594044624573195e-21,0.046697166931706044,0.9847970342716251,-6.373908532570495e-20,0.17370895569834785,-8.172837689242506e-20,4
0.05500000000000004,0.00021660474850178647,0.017227453126036102,-9.652117209962444e-21,0.0466987285417314,0.984796973702889,-6.277014367214885e-20,0.17370929907644622,-8.508102121275691e-20,4
0.05550000000000004,0.00021708275479617517,0.017228525185910292,-9.714271591068953e-21,0.0467002764051212,0.9847969139346168,-6.243159836466473e-20,0.173709637915845,-8.854665609410164e-20,4
0.05600000000000004,0.00021755901247109545,0.017229590233823172,-9.781969101918162e-21,0.04670181011592693,0.984796854951872,-6.348287682902259e-20,0.17370997230124913,-9.19844994158405e-20,4
0.05650000000000004,0.00021803361631198416,0.017230648234214094,-9.851190295963898e-21,0.04670332929931244,0.9847967967400797,-6.336153939092522e-20,0.17371030231531248,-9.522128304910194e-20,4
0.057000000000000044,0.0002185066561318082,0.017231699157047663,-9.915692542071619e-21,0.046704833610160604,0.9847967392850223,-6.312674193590205e-20,0.1737106280386628,-9.765148367978625e-20,4
0.057500000000000044,0.00021897821701918484,0.017232742977589924,-9.979650587986143e-21,0.046706322731732974,0.9847966825728348,-6.128612140415164e-20,0.17371094954992897,-1.0010431342062197e-19,4
0.058000000000000045,0.00021944837957447641,0.01723377967619038,-1.0047470101263092e-20,0.04670779637438055,0.9847966265899992,-6.132744925041248e-20,0.17371126692577038,-1.0322582886828033e-19,4
0.058500000000000045,0.00021991722013445946,0.017234809238069793,-1.0119741077796426e-20,0.04670925427430392,0.9847965713233393,-6.336766886987893e-20,0.17371158024090844,-1.0599959425187663e-19,4
0.059000000000000045,0.00022038481098609453,0.017235831653113765,-1.0191913957381518e-20,0.046710696192361054,0.9847965167600149,-6.264011048843652e-20,0.17371188956815947,-1.0916336534244553e-19,4
0.059500000000000046,0.00022085122056992172,0.01723684691567199,-1.0265221599907065e-20,0.04671212191292112,0.9847964628875152,-6.264627604233249e-20,0.1737121949784692,-1.1226050609698282e-19,4
0.060000000000000046,0.00022131651367360842,0.017237855024363192,-1.0342102318379117e-20,0.04671353124276263,0.9847964096936532,-6.17252806301521e-20,0.17371249654094853,-1.156064998420654e-19,4
0.06050000000000005,0.00022178075161608874,0.017238855981885633,-1.0418892602682467e-20,0.046714924010014425,0.984796357166559,-6.228678009580926e-20,0.17371279432291023,-1.1843916398000957e-19,4
0.06100000000000005,0.0002222439924227258,0.017239849794833114,-1.0490970529877679e-20,0.04671630006313801,0.9847963052946731,-5.971262442065501e-20,0.17371308838990665,-1.216188041000062e-19,4
0.06150000000000005,0.00022270629099200635,0.017240836473516458,-1.0567903781012977e-20,0.0467176592699497,0.9847962540667395,-5.872878327337253e-20,0.17371337880576795,-1.2388795320625845e-19,4
0.06200000000000005,0.0002231676992540686,0.01724181603179031,-1.0649674268279634e-20,0.04671900151668126,0.9847962034717993,-5.830230836638624e-20,0.1737136656326411,-1.2604816901587331e-19,4
0.06250000000000004,0.00022362826632154313,0.01724278848688525,-1.0727752747121984e-20,0.04672032670707759,0.984796153499183,-5.94313421132923e-20,0.1737139489310291,-1.2767134033418905e-19,4
0.06300000000000004,0.00022408803863301085,0.017243753859245054,-1.0803797447932968e-20,0.04672163476153018,0.9847961041385044,-5.77784738007006e-20,0.17371422875983064,-1.293929022963668e-19,4
0.06350000000000004,0.00022454706008947215,0.017244712172369097,-1.0876307357590843e-20,0.04672292561624508,0.9847960553796528,-5.590459261410651e-20,0.17371450517637985,-1.3124855885578565e-19,4
0.06400000000000004,0.0002250053721841448,0.017245663452659734,-1.0943687241578921e-20,0.04672419922244413,0.9847960072127867,-5.1193015167474246e-20,0.17371477823648612,-1.3399029955333705e-19,4
0.06450000000000004,0.00022546301412591178,0.017246607729274596,-1.1005129744668594e-20,0.04672545554559814,0.9847959596283263,-4.5795542110700147e-20,0.1737150479944739,-1.3630374152353095e-19,4
0.06500000000000004,0.0002259200229567068,0.017247545033983697,-1.1068026142386168e-20,0.046726694564691154,0.9847959126169468,-4.096826290805191e-20,0.1737153145032223,-1.3821222179080307e-19,4
0.06550000000000004,0.00022637643366316988,0.01724847540103127,-1.1126138815359288e-20,0.046727916271514326,0.9847958661695709,-3.691203264734585e-20,0.17371557781420463,-1.403795923676854e-19,4
0.06600000000000004,0.0002268322792827993,0.0172493988670022,-1.11793358745715e-20,0.04672912066998862,0.9847958202773629,-3.358486254340254e-20,0.17371583797752746,-1.4322968879641527e-19,4
0.06650000000000005,0.0002272875910048981,0.017250315470692976,-1.1231162012906852e-20,0.0467303077755151,0.9847957749317205,-2.9202410408418553e-20,0.17371609504196947,-1.4667828713948868e-19,4
0.06700000000000005,0.0002277423982665435,0.017251225252987074,-1.1279330772788619e-20,0.04673147761435193,0.9847957301242695,-2.604961193886394e-20,0.17371634905501987,-1.4955212171166965e-19,4
0.06750000000000005,0.00022819672884382824,0.01725212825673463,-1.1328582588174007e-20,0.046732630223017026,0.9847956858468558,-2.414105624207172e-20,0.17371660006291628,-1.5198153959065592e-19,4
0.06800000000000005,0.0002286506089385977,0.01725302452663632,-1.137496535158408e-20,0.046733765647715426,0.9847956420915399,-2.1818347865284917e-20,0.1737168481106821,-1.54515921253266e-19,4
0.06850000000000005,0.0002291040632608943,0.017253914109131383,-1.1413598293705255e-20,0.04673488394379055,0.9847955988505898,-1.7205701739247907e-20,0.17371709324216342,-1.5768727523322642e-19,4
0.06900000000000005,0.00022955711510733357,0.017254797052289616,-1.1450174701139947e-20,0.046735985175198336,0.9847955561164743,-1.3210679391903724e-20,0.1737173355000651,-1.6094718207423458e-19,4
0.06950000000000005,0.0002300097864355722,0.01725567340570729,-1.1485729045531504e-20,0.046737069414003525,0.9847955138818578,-1.0040823204477103e-20,0.1737175749259866,-1.6397400910991163e-19,4
0.07000000000000005,0.00023046209793510237,0.017256543220406886,-1.1520712695996433e-20,0.046738136739897206,0.984795472139593,-8.167238207091118e-21,0.1737178115604567,-1.6652861866219998e-19,4
0.07050000000000005,0.00023091406909449502,0.017257406548740514,-1.1555462583451577e-20,0.046739187239734845,0.9847954308827154,-5.135408915774405e-21,0.17371804544296787,-1.6923066281020156e-19,4
0.07100000000000005,0.0002313657182653157,0.017258263444296967,-1.1590271188798904e-20,0.04674022100709405,0.9847953901044376,-3.029237771467088e-21,0.17371827661200973,-1.7140527993470517e-19,4
0.07150000000000005,0.0002318170627228381,0.017259113961812265,-1.1622472393021263e-20,0.04674123814185129,0.9847953497981431,-3.4017375979204096e-22,0.1737185051051019,-1.7307523277212183e-19,4
0.07200000000000005,0.00023226811872371737,0.017259958157083637,-1.165306197743109e-20,0.046742238749776906,0.9847953099573806,-2.388761668598311e-22,0.17371873095882603,-1.7409387581611412e-19,4
0.07250000000000005,0.00023271890156077675,0.017260796086886805,-1.1684330502610232e-20,0.04674322294214769,0.9847952705758591,-3.4824038789310614e-23,0.1737189542088572,-1.7490944547312916e-19,4
0.07300000000000005,0.00023316942561505365,0.01726162780889652,-1.1717520522152346e-20,0.04674419083537637,0.9847952316474416,1.4224033448212356e-22,0.17371917488999425,-1.7582031369753947e-19,4
0.07350000000000005,0.00023361970440519996,0.017262453381610202,-1.1749201748811268e-20,0.0467451425506574,0.9847951931661407,2.2327623281537626e-21,0.17371939303618983,-1.7678984295032858e-19,4
0.07400000000000005,0.0002340697506344218,0.017263272864274655,-1.1784498042511892e-20,0.04674607821362834,0.984795155126113,6.723508517982924e-22,0.1737196086805792,-1.7738082741688598e-19,4
0.07450000000000005,0.00023451957623502485,0.01726408631681572,-1.1817834260847257e-20,0.04674699795404637,0.9847951175216544,-1.4468656458437301e-21,0.17371982185550852,-1.77981605910166e-19,4
0.07500000000000005,0.00023496919241070707,0.017264893799770798,-1.1848783860995587e-20,0.04674790190547919,0.9847950803471948,-7.172747891830061e-22,0.17372003259256233,-1.7932914088414443e-19,4
0.07550000000000005,0.00023541860967672316,0.017265695374224163,-1.187505238630945e-20,0.04674879020500994,0.9847950435972939,1.876714918716177e-21,0.17372024092259014,-1.8098343905633632e-19,4
0.07600000000000005,0.00023586783789797768,0.01726649110174496,-1.1899669722199015e-20,0.04674966299295539,0.9847950072666364,1.7684972395551867e-21,0.17372044687573246,-1.8242037969670345e-19,4
0.07650000000000005,0.00023631688632519285,0.017267281044327832,-1.1926407234183416e-20,0.04675052041259711,0.9847949713500277,1.107552715176119e-21,0.17372065048144583,-1.8343482108036262e-19,4
0.07700000000000005,0.00023676576362923211,0.017268065264336063,-1.1948904966495379e-20,0.04675136260992493,0.9847949358423894,-6.474841518879207e-22,0.1737208517685273,-1.8410272783061254e-19,4
0.07750000000000005,0.0002372144779336419,0.017268843824447183,-1.1968121116686834e-20,0.04675218973339227,0.9847949007387553,-9.979857978500615e-22,0.17372105076513802,-1.8488753035333458e-19,4
0.07800000000000006,0.00023766303684554017,0.017269616787600955,-1.1985736617527869e-20,0.04675300193368299,0.9847948660342671,-1.5794720680863736e-21,0.17372124749882611,-1.8577495128787163e-19,4
0.07850000000000006,0.00023811144748490823,0.017270384216949645,-1.2001123529623753e-20,0.04675379936348908,0.984794831724171,-3.190275144025544e-21,0.1737214419965489,-1.8615489290810228e-19,4
0.07900000000000006,0.00023855971651237502,0.01727114617581054,-1.2014268040373115e-20,0.04675458217729898,0.9847947978038133,-1.4126910135665749e-21,0.17372163428469434,-1.8689547389313928e-19,4
0.07950000000000006,0.00023900785015554122,0.017271902727620587,-1.202546232591788e-20,0.04675535053119598,0.9847947642686372,-1.5364190092369751e-22,0.1737218243891017,-1.8676385054602254e-19,4
0.08000000000000006,0.0002394558542339601,0.017272653935893143,-1.2039659301138216e-20,0.04675610458266636,0.984794731114179,4.678262161228188e-22,0.17372201233508167,-1.8631418627449768e-19,4
0.08050000000000006,0.000239903734182803,0.01727339986417672,-1.2051331587381568e-20,0.04675684449041685,0.9847946983360651,1.323097765716727e-21,0.1737221981474357,-1.8579481597143895e-19,4
0.08100000000000006,0.00024035149507528467,0.01727414057601568,-1.2065047246089257e-20,0.046757570414201054,0.9847946659300081,7.692711108949151e-22,0.17372238185047464,-1.8532904846051623e-19,4
0.08150000000000006,0.000240799141643928,0.0172748761349128,-1.2075903152995307e-20,0.046758282514654456,0.984794633891804,1.2452530562442086e-21,0.17372256346803686,-1.8484227062873742e-19,4
0.08200000000000006,0.0002412466783006861,0.017275606604293673,-1.2086384775917377e-20,0.04675898095313774,0.9847946022173291,1.146886276382444e-21,0.17372274302350554,-1.837770569087181e-19,4
0.08250000000000006,0.00024169410915602334,0.017276332047472823,-1.2097706408423034e-20,0.04675966589158795,0.984794570902537,-8.481239411093565e-22,0.17372292053982555,-1.8272285477389998e-19,4
0.08300000000000006,0.00024214143803697903,0.017277052527621555,-1.2107548633439556e-20,0.0467603374923773,0.9847945399434556,-1.4589787396760314e-21,0.1737230960395194,-1.815064765539062e-19,4
0.08350000000000006,0.00024258866850426373,0.0172777681077374,-1.2117330708898048e-20,0.04676099591817926,0.9847945093361847,-2.5290583270170502e-21,0.17372326954470302,-1.8092856073125664e-19,4
0.08400000000000006,0.00024303580386844664,0.01727847885061515,-1.212583833872436e-20,0.04676164133184165,0.9847944790768932,-3.86866467491526e-21,0.17372344107710053,-1.8076051942415475e-19,4
0.08450000000000006,0.00024348284720528336,0.01727918481881941,-1.2132412964067305e-20,0.0467622738962664,0.9847944491618164,-4.557137122770812e-21,0.17372361065805875,-1.80782946988317e-19,4
0.08500000000000006,0.00024392980137020857,0.017279886074658607,-1.2136275826829027e-20,0.04676289377429577,0.9847944195872538,-6.7625219058788084e-21,0.17372377830856095,-1.799666481010089e-19,4
0.08550000000000006,0.0002443766690120551,0.01728058268016041,-1.2139844212689628e-20,0.04676350112860472,0.9847943903495665,-1.0685583142653345e-20,0.17372394404924024,-1.7952241182161348e-19,4
0.08600000000000006,0.0002448234525860227,0.017281274697048515,-1.2140848051479909e-20,0.04676409612159919,0.9847943614451765,-1.192609318168901e-20,0.17372410790039247,-1.7953563042526165e-19,4
0.08650000000000006,0.0002452701543659491,0.01728196218672073,-1.2140482169195285e-20,0.04676467891532,0.9847943328705595,-1.2237348648432328e-20,0.17372426988198775,-1.7984543588123035e-19,4
0.08700000000000006,0.00024571677645589154,0.017282645210228313,-1.2140383238617183e-20,0.04676524967135225,0.98479430462225,-1.4888536880427096e-20,0.17372443001368335,-1.796297702472314e-19,4
0.08750000000000006,0.00024616332080109953,0.017283323828256543,-1.2136665940772468e-20,0.04676580855073986,0.9847942766968346,-1.0057387287246887e-20,0.17372458831483423,-1.80987025923674e-19,4
0.08800000000000006,0.00024660978919835896,0.017283998101106434,-1.213559137954487e-20,0.04676635571390505,0.984794249090951,-6.22029783554009e-21,0.1737247448045041,-1.8255568211513063e-19,4
0.08850000000000006,0.00024705618330577974,0.01728466808867759,-1.2133247628686375e-20,0.04676689132057263,0.984794221801287,-1.7939718111207025e-21,0.17372489950147574,-1.84108378253721e-19,4
0.08900000000000007,0.00024750250465201644,0.017285333850452115,-1.2128835452456922e-20,0.04676741552969886,0.9847941948245775,1.8416724520796427e-21,0.17372505242426098,-1.8537246881490415e-19,4
0.08950000000000007,0.0002479487546449973,0.017285995445479593,-1.2120507133367456e-20,0.04676792849940463,0.9847941681576042,5.3978061020058085e-21,0.17372520359111024,-1.8650846048973708e-19,4
0.09000000000000007,0.0002483949345801547,0.017286652932363034,-1.210841925885177e-20,0.04676843038691279,0.9847941417971927,7.127087565392005e-21,0.1737253530200215,-1.8659040016377236e-19,4
0.09050000000000007,0.0002488410456481723,0.017287306369245786,-1.2096726853390563e-20,0.04676892134848956,0.9847941157402119,7.660971103524739e-21,0.17372550072874926,-1.8625101070998719e-19,4
0.09100000000000007,0.0002492870889423097,0.017287955813799372,-1.208102115170921e-20,0.04676940153938967,0.984794089983572,1.1781217462136087e-20,0.17372564673481258,-1.8695832317591825e-19,4
0.09150000000000007,0.0002497330654653093,0.01728860132321221,-1.20633026634066e-20,0.04676987111380517,0.9847940645242232,1.3196751576100145e-20,0.17372579105550331,-1.867136519002028e-19,4
0.09200000000000007,0.00025017897613589254,0.01728924295417917,-1.2047253680300683e-20,0.04677033022481778,0.984794039359155,1.3362695317265376e-20,0.17372593370789355,-1.8618830654328458e-19,4
0.09250000000000007,0.0002506248217948877,0.01728988076289194,-1.2027698354353342e-20,0.04677077902435449,0.9847940144853937,1.3677095022682455e-20,0.1737260747088429,-1.8594935460405486e-19,4
0.09300000000000007,0.0002510706032109953,0.01729051480503019,-1.2004314984548863e-20,0.04677121766314639,0.9847939899000022,1.3546123671903006e-20,0.17372621407500557,-1.8557488281380522e-19,4
0.09350000000000007,0.0002515163210862263,0.01729114513575347,-1.1979160584274341e-20,0.04677164629069055,0.9847939656000783,1.3729948719346196e-20,0.17372635182283677,-1.8544234337159408e-19,4
0.09400000000000007,0.00025196197606100484,0.017291771809693803,-1.1949968964498997e-20,0.046772065055214765,0.9847939415827538,1.468245998121782e-20,0.1737264879685992,-1.8560518391156806e-19,4
0.09450000000000007,0.00025240756871897487,0.01729239488094901,-1.1919199092346035e-20,0.04677247410364511,0.9847939178451934,1.2355324487741193e-20,0.173726622528369,-1.856539949824066e-19,4
0.09500000000000007,0.00025285309959151303,0.017293014403076647,-1.1885201454883186e-20,0.046772873581576106,0.9847938943845939,1.0370328770240632e-20,0.1737267555180415,-1.8531080473183007e-19,4
0.09550000000000007,0.0002532985691619805,0.01729363042908859,-1.1852954746418132e-20,0.04677326363324344,0.9847938711981825,5.981905690970155e-21,0.17372688695333666,-1.8432026209498658e-19,4
0.09600000000000007,0.0002537439778697025,0.017294243011446202,-1.1821862550403072e-20,0.04677364440149903,0.9847938482832169,8.3868188599656e-22,0.1737270168498043,-1.830199884127092e-19,4
0.09650000000000007,0.00025418932611370997,0.017294852202056114,-1.1787653517671377e-20,0.046774016027788475,0.9847938256369837,-2.44194587396527e-21,0.173727145222829,-1.819994613961086e-19,4
0.09700000000000007,0.00025463461425625,0.017295458052266503,-1.175571197034011e-20,0.04677437865213059,0.9847938032567978,-7.29464503788271e-21,0.17372727208763494,-1.8160867212139497e-19,4
0.09750000000000007,0.00025507984262606806,0.017296060612863918,-1.1725814179299841e-20,0.04677473241309909,0.9847937811400016,-1.1664556627685736e-20,0.17372739745929022,-1.8092914708867778e-19,4
0.09800000000000007,0.0002555250115214995,0.01729665993407062,-1.1690153107002109e-20,0.04677507744780622,0.9847937592839644,-1.4518455438751648e-20,0.1737275213527112,-1.8039043998832854e-19,4
0.09850000000000007,0.0002559701212133497,0.017297256065542364,-1.1653425322392818e-20,0.04677541389188828,0.9847937376860814,-1.7245118913204557e-20,0.17372764378266647,-1.8002425839182747e-19,4
0.09900000000000007,0.0002564151719475959,0.01729784905636668,-1.1620922113549464e-20,0.046775741879492946,0.9847937163437731,-2.1086578629951827e-20,0.17372776476378085,-1.7976494632789178e-19,4
0.09950000000000007,0.0002568601639479067,0.017298438955061536,-1.1587505275665777e-20,0.046776061543268285,0.984793695254485,-2.1922885947722546e-20,0.17372788431053884,-1.7998694896838483e-19,4
0.10000000000000007,0.0002573050974180034,0.01729902580957446,-1.1558111628331586e-20,0.046776373014353397,0.9847936744156864,-2.5073381052096557e-20,0.1737280024372882,-1.7998416958131578e-19,4
0.10050000000000008,0.0002577499725438594,0.017299609667282022,-1.1528887142029732e-20,0.0467766764223706,0.9847936538248705,-2.7636788537563215e-20,0.17372811915824318,-1.8022996139485233e-19,4
0.10100000000000008,0.00025819478949575735,0.01730019057498972,-1.1502124566802442e-20,0.04677697189541906,0.984793633479553,-3.51703082175148e-20,0.17372823448748767,-1.8027481547751517e-19,4
0.10150000000000008,0.00025863954843019716,0.017300768578932185,-1.1476718305536846e-20,0.04677725956006981,0.9847936133772724,-4.4509252707577545e-20,0.17372834843897808,-1.799321804259489e-19,4
0.10200000000000008,0.0002590842494916798,0.017301343724773766,-1.1452644136478261e-20,0.04677753954136213,0.9847935935155893,-5.606666528348417e-20,0.17372846102654618,-1.7944240621168826e-19,4
0.10250000000000008,0.00025952889281435616,0.017301916057609393,-1.1429754993408826e-20,0.046777811962801084,0.9847935738920853,-6.594832069233694e-20,0.17372857226390176,-1.7918484455336796e-19,4
0.10300000000000008,0.00025997347852357443,0.01730248562196578,-1.1411597204831459e-20,0.04677807694635632,0.9847935545043637,-7.634831302565477e-20,0.17372868216463502,-1.789984229301854e-19,4
0.10350000000000008,0.0002604180067373022,0.017303052461802897,-1.1393426862117755e-20,0.046778334612461954,0.984793535350048,-8.738924244894017e-20,0.17372879074221906,-1.7917114008868543e-19,4
0.10400000000000008,0.00026086247756744143,0.017303616620515713,-1.1378673374638599e-20,0.0467785850800175,0.9847935164267821,-1.0006365200108598e-19,0.17372889801001207,-1.79296118645711e-19,4
0.10450000000000008,0.0002613068911210708,0.017304178140936217,-1.1366140337059637e-20,0.0467788284663898,0.98479349773223,-1.0951193220101318e-19,0.1737290039812594,-1.7961250042267983e-19,4
0.10500000000000008,0.00026175124750155306,0.01730473706533566,-1.1361542746822749e-20,0.04677906488741596,0.9847934792640748,-1.1773452176167723e-19,0.17372910866909563,-1.8036512643083889e-19,4
0.10550000000000008,0.00026219554680958785,0.017305293435427044,-1.1359118078337116e-20,0.04677929445740708,0.9847934610200191,-1.2497569883674285e-19,0.1737292120865464,-1.8146064658334445e-19,4
0.10600000000000008,0.0002626397891441751,0.01730584729236782,-1.1363243132706181e-20,0.04677951728915286,0.9847934429977845,-1.3104395962357295e-19,0.17372931424653026,-1.830583940056261e-19,4
0.10650000000000008,0.00026308397460349643,0.017306398676762803,-1.1376535471879113e-20,0.04677973349392706,0.9847934251951108,-1.391868960366806e-19,0.17372941516186022,-1.8428565968132887e-19,4
0.10700000000000008,0.00026352810328571214,0.017306947628667257,-1.1397212169904686e-20,0.046779943181493616,0.9847934076097565,-1.489059279505272e-19,0.1737295148452455,-1.847155857081267e-19,4
0.10750000000000008,0.0002639721752897132,0.017307494187590193,-1.1421222556221945e-20,0.0467801464601135,0.984793390239498,-1.572914002847012e-19,0.17372961330929285,-1.8481555590406495e-19,4
0.10800000000000008,0.00026441619071579164,0.017308038392497806,-1.1451575567555921e-20,0.04678034343655221,0.9847933730821293,-1.660770311116698e-19,0.17372971056650813,-1.8512258235193163e-19,4
0.10850000000000008,0.00026486014966626225,0.017308580281817105,-1.1487487833570234e-20,0.04678053421608795,0.9847933561354624,-1.7351819659646922e-19,0.17372980662929755,-1.8575024494886746e-19,4
0.10900000000000008,0.0002653040522460063,0.017309119893439653,-1.153236089020123e-20,0.04678071890252028,0.9847933393973262,-1.8219984642307483e-19,0.17372990150996892,-1.8606617409640563e-19,4
0.10950000000000008,0.00026574789856298746,0.017309657264725484,-1.1579770927728419e-20,0.046780897598179376,0.984793322865567,-1.8891421537288204e-19,0.1737299952207329,-1.8707183979977293e-19,4
0.11000000000000008,0.0002661916887287017,0.01731019243250713,-1.1636687429968414e-20,0.0467810704039358,0.9847933065380481,-1.96468739625701e-19,0.173730087773704,-1.87841449878696e-19,4
0.11050000000000008,0.0002666354228585879,0.017310725433093775,-1.1699949533101263e-20,0.046781237419210704,0.9847932904126493,-2.0443607504679621e-19,0.17373017918090172,-1.8809085224253865e-19,4
0.11100000000000008,0.00026707910107238677,0.01731125630227552,-1.1769863325877917e-20,0.046781398741986474,0.9847932744872672,-2.1299751322603241e-19,0.17373026945425155,-1.888240934044246e-19,4
0.11150000000000009,0.00026752272349446124,0.017311785075327754,-1.184825559349273e-20,0.04678155446881783,0.9847932587598147,-2.190881811470715e-19,0.1737303586055858,-1.9014374697193734e-19,4
0.11200000000000009,0.00026796629025408467,0.017312311787015616,-1.1932193928605555e-20,0.04678170469484324,0.9847932432282211,-2.2705934944325464e-19,0.17373044664664464,-1.9117387908768285e-19,4
0.11250000000000009,0.00026840980148567996,0.017312836471598553,-1.20243202637196e-20,0.046781849513796735,0.9847932278904318,-2.3421766769707665e-19,0.17373053358907672,-1.925560639095372e-19,4
0.11300000000000009,0.0002688532573290434,0.017313359162834958,-1.2124338369835327e-20,0.04678198901802,0.9847932127444078,-2.417191481123284e-19,0.17373061944444015,-1.941230062892586e-19,4
0.11350000000000009,0.0002692966579295219,0.017313879893986882,-1.222907139952258e-20,0.0467821232984748,0.9847931977881265,-2.4639737240165047e-19,0.17373070422420311,-1.9716583927910864e-19,4
0.11400000000000009,0.00026974000343816173,0.017314398697824807,-1.2339998345164654e-20,0.04678225244475567,0.9847931830195805,-2.5004320181205633e-19,0.17373078793974459,-2.0052537111130306e-19,4
0.11450000000000009,0.0002701832940118417,0.017314915606632487,-1.2458989148945706e-20,0.04678237654510282,0.9847931684367784,-2.529019766850575e-19,0.17373087060235504,-2.0403348928075081e-19,4
0.11500000000000009,0.0002706265298133669,0.017315430652211854,-1.2583925152200362e-20,0.04678249568641531,0.9847931540377444,-2.56981713843056e-19,0.173730952223237,-2.0671007366286666e-19,4
0.11550000000000009,0.00027106971101154974,0.017315943865887945,-1.271503121567715e-20,0.046782609954264406,0.9847931398205176,-2.5847511223133674e-19,0.1737310328135057,-2.0940037074245308e-19,4
0.11600000000000009,0.00027151283778126457,0.017316455278513908,-1.2848165970470625e-20,0.04678271943290714,0.984793125783153,-2.5907152541590904e-19,0.1737311123841895,-2.1171030599620157e-19,4
0.11650000000000009,0.00027195591030348027,0.017316964920476016,-1.29886633681562e-20,0.04678282420529999,0.9847931119237203,-2.59125968721915e-19,0.17373119094623063,-2.137583144423625e-19,4
0.11700000000000009,0.0002723989287652731,0.01731747282169873,-1.3134635673922506e-20,0.04678292435311277,0.9847930982403046,-2.5832102396656e-19,0.17373126851048548,-2.144749598717521e-19,4
0.11750000000000009,0.000272841893359833,0.017317979011649796,-1.328634230864029e-20,0.04678301995674259,0.984793084731006,-2.580979150998721e-19,0.1737313450877252,-2.1527193679505446e-19,4
0.11800000000000009,0.0002732848042864408,0.01731848351934535,-1.3442490491578024e-20,0.04678311109532797,0.9847930713939395,-2.586776294383104e-19,0.17373142068863606,-2.1608510970275298e-19,4
0.11850000000000009,0.0002737276617504393,0.017318986373355053,-1.3603549812984402e-20,0.046783197846763026,0.9847930582272348,-2.6048526987513804e-19,0.17373149532381996,-2.1646858140613163e-19,4
0.11900000000000009,0.00027417046596318276,0.017319487601807237,-1.3766874208860937e-20,0.04678328028771176,0.984793045229037,-2.6047454889479545e-19,0.1737315690037948,-2.178890536719559e-19,4
0.11950000000000009,0.00027461321714198467,0.01731998723239407,-1.3932276675749318e-20,0.0467833584936224,0.9847930323975053,-2.5745692727880283e-19,0.17373164173899486,-2.1962193120769986e-19,4
0.12000000000000009,0.00027505591551004366,0.017320485292376717,-1.4100175871771945e-20,0.04678343253874177,0.9847930197308138,-2.528919459976898e-19,0.17373171353977118,-2.218323448243562e-19,4
0.1205000000000001,0.0002754985612963654,0.01732098180859051,-1.4271399705803795e-20,0.0467835024961298,0.9847930072271515,-2.480669979924082e-19,0.17373178441639198,-2.2413846191485684e-19,4
0.1210000000000001,0.0002759411547356781,0.017321476807450126,-1.4444570515082773e-20,0.04678356843767391,0.9847929948847215,-2.434245624511101e-19,0.17373185437904284,-2.257471324328549e-19,4
0.1215000000000001,0.00027638369606831974,0.01732197031495475,-1.4623484785555567e-20,0.04678363043410356,0.9847929827017416,-2.4033074267204754e-19,0.17373192343782726,-2.27188220503921e-19,4
0.1220000000000001,0.0002768261855401558,0.017322462356693238,-1.480643109073648e-20,0.046783688555004706,0.9847929706764442,-2.350512913980999e-19,0.17373199160276678,-2.2877885168852147e-19,4
0.1225000000000001,0.00027726862340244675,0.017322952957849278,-1.499028329361783e-20,0.04678374286883432,0.9847929588070758,-2.3014767874783074e-19,0.17373205888380144,-2.305737951555727e-19,4
0.1230000000000001,0.00027771100991173873,0.01732344214320652,-1.5177425701600046e-20,0.04678379344293483,0.9847929470918976,-2.259224314151955e-19,0.17373212529079,-2.3220106581891503e-19,4
0.1235000000000001,0.00027815334532973904,0.01732392993715372,-1.5367651665808175e-20,0.04678384034354861,0.9847929355291845,-2.231048213390385e-19,0.17373219083351019,-2.338005471065278e-19,4
0.1240000000000001,0.0002785956299231839,0.017324416363689837,-1.5558094332785536e-20,0.04678388363583238,0.9847929241172261,-2.190800264894996e-19,0.17373225552165916,-2.355770126603077e-19,4
0.1245000000000001,0.0002790378639637059,0.01732490144642913,-1.575216566076909e-20,0.04678392338387157,0.984792912854326,-2.1668625429373514e-19,0.17373231936485362,-2.3640965625990463e-19,4
0.12500000000000008,0.00027948004772770045,0.017325385208606235,-1.594877015184641e-20,0.046783959650694706,0.9847929017388021,-2.153261927311937e-19,0.17373238237263017,-2.3706396006601558e-19,4
0.12550000000000008,0.0002799221814961851,0.017325867673081214,-1.6146953809159428e-20,0.046783992498287644,0.984792890768986,-2.1350377308894213e-19,0.17373244455444553,-2.383253543866179e-19,4
0.12600000000000008,0.00028036426555464816,0.017326348862344566,-1.6344606694606268e-20,0.04678402198760781,0.9847928799432238,-2.15215804822354e-19,0.17373250591967693,-2.3886568187602926e-19,4
0.12650000000000008,0.0002808063001929114,0.017326828798522233,-1.6543492880527385e-20,0.04678404817859835,0.9847928692598754,-2.1739271652850446e-19,0.17373256647762222,-2.3914742542604738e-19,4
0.12700000000000009,0.0002812482857049818,0.017327307503380567,-1.6743176821599836e-20,0.04678407113020221,0.9847928587173144,-2.192262237351458e-19,0.17373262623750027,-2.396880831655744e-19,4
0.12750000000000009,0.00028169022238890495,0.01732778499833126,-1.6943030686770543e-20,0.046784090900376094,0.9847928483139287,-2.1969307107740393e-19,0.17373268520845112,-2.4063861057263043e-19,4
0.12800000000000009,0.00028213211054660495,0.017328261304436255,-1.714490540201139e-20,0.04678410754610445,0.9847928380481197,-2.211385677485877e-19,0.17373274339953634,-2.410942866333924e-19,4
0.1285000000000001,0.00028257395048374856,0.017328736442412614,-1.7345862781213197e-20,0.046784121123413236,0.9847928279183028,-2.202596004641942e-19,0.17373280081973924,-2.425490611794131e-19,4
0.1290000000000001,0.00028301574250958156,0.017329210432637354,-1.754817539903746e-20,0.046784131687383664,0.9847928179229072,-2.188005002341333e-19,0.17373285747796516,-2.4386701295627336e-19,4
0.1295000000000001,0.0002834574869367878,0.01732968329515225,-1.7750383868047728e-20,0.04678413929216583,0.9847928080603755,-2.180180652931935e-19,0.17373291338304167,-2.4502912068669883e-19,4
0.1300000000000001,0.00028389918408133004,0.01733015504966859,-1.7949724056343418e-20,0.04678414399099225,0.9847927983291643,-2.1284889350275517e-19,0.17373296854371897,-2.4690343613995625e-19,4
0.1305000000000001,0.00028434083426230735,0.01733062571557191,-1.814692343553811e-20,0.046784145836191254,0.9847927887277437,-2.0650574125866402e-19,0.17373302296867,-2.489308296883925e-19,4
0.1310000000000001,0.0002847824378017982,0.017331095311926677,-1.8347252504021857e-20,0.046784144879200344,0.9847927792545973,-1.998290867549961e-19,0.17373307666649082,-2.513913565342497e-19,4
0.1315000000000001,0.00028522399502471055,0.017331563857480924,-1.8545479861202218e-20,0.04678414117057935,0.9847927699082223,-1.9416170459660934e-19,0.17373312964570084,-2.5439855718665905e-19,4
0.1320000000000001,0.00028566550625863977,0.017332031370670863,-1.8742415826143674e-20,0.04678413476002352,0.9847927606871293,-1.8767990369229352e-19,0.17373318191474307,-2.5733273111342507e-19,4
0.1325000000000001,0.0002861069718337169,0.017332497869625447,-1.8938095885142416e-20,0.04678412569637651,0.9847927515898424,-1.8351744118516125e-19,0.1737332334819845,-2.5923976504476863e-19,4
0.1330000000000001,0.00028654839208247523,0.01733296337217089,-1.913138400903866e-20,0.046784114027643174,0.9847927426148989,-1.8010716775089508e-19,0.17373328435571622,-2.6108280483226003e-19,4
0.1335000000000001,0.0002869897673396836,0.017333427895835137,-1.9323330886768336e-20,0.04678409980100234,0.9847927337608496,-1.7592914338457834e-19,0.17373333454415382,-2.634065880208504e-19,4
0.1340000000000001,0.000287431097942224,0.017333891457852302,-1.9513596934148466e-20,0.046784083062819386,0.9847927250262587,-1.740754962365486e-19,0.17373338405543767,-2.653735139156203e-19,4
0.1345000000000001,0.00028787238422894293,0.017334354075167053,-1.970188259886111e-20,0.04678406385865867,0.9847927164097032,-1.7246906414693266e-19,0.17373343289763316,-2.680150997615162e-19,4
0.1350000000000001,0.0002883136265405127,0.01733481576443896,-1.988834418187726e-20,0.046784042233295936,0.9847927079097736,-1.725426130555373e-19,0.173733481078731,-2.7044322590842002e-19,4
0.1355000000000001,0.0002887548252193029,0.01733527654204679,-2.0070621733912914e-20,0.046784018230730445,0.9847926995250734,-1.701435936252211e-19,0.1737335286066476,-2.7302958476480843e-19,4
0.1360000000000001,0.00028919598060923234,0.017335736424092755,-2.0249978818115093e-20,0.046783991894197116,0.9847926912542193,-1.6409164948141314e-19,0.17373357548922522,-2.768053668117574e-19,4
0.1365000000000001,0.0002896370930556447,0.017336195426406725,-2.0428094087478777e-20,0.04678396326617844,0.9847926830958408,-1.5626818013729907e-19,0.17373362173423246,-2.802729695852655e-19,4
0.1370000000000001,0.000290078162905181,0.017336653564550386,-2.0604880898393195e-20,0.046783932388416286,0.9847926750485804,-1.4890326829015552e-19,0.1737336673493644,-2.8344803920878177e-19,4
0.1375000000000001,0.0002905191905056482,0.017337110853821353,-2.0776054175562733e-20,0.04678389930192359,0.9847926671110936,-1.4275189517250235e-19,0.17373371234224308,-2.8608368005908596e-19,4
0.1380000000000001,0.000290960176205892,0.017337567309257236,-2.0940135506220017e-20,0.04678386404699588,0.9847926592820486,-1.3441470853799726e-19,0.17373375672041766,-2.8922534571822026e-19,4
0.1385000000000001,0.0002914011203556783,0.017338022945639662,-2.1104566368406123e-20,0.046783826663222706,0.9847926515601266,-1.2550795985405246e-19,0.17373380049136483,-2.9283166328301207e-19,4
0.1390000000000001,0.00029184202330557216,0.017338477777498248,-2.1264814640901036e-20,0.046783787189498875,0.9847926439440213,-1.1937006271916432e-19,0.17373384366248915,-2.957740790119492e-19,4
0.1395000000000001,0.0002922828854068195,0.017338931819114528,-2.1419083698863015e-20,0.046783745664035606,0.9847926364324393,-1.104915943986559e-19,0.17373388624112335,-2.9904408390773908e-19,4
0.1400000000000001,0.00029272370701122923,0.01733938508452583,-2.157233742102004e-20,0.046783702124371516,0.9847926290240996,-1.022257131741768e-19,0.17373392823452866,-3.0246035117996586e-19,4
0.1405000000000001,0.00029316448847105945,0.017339837587529106,-2.172259029586549e-20,0.04678365660738349,0.9847926217177337,-9.751340943620458e-20,0.17373396964989518,-3.0572901573647605e-19,4
0.1410000000000001,0.0002936052301389148,0.01734028934168472,-2.1869234037973324e-20,0.04678360914929738,0.9847926145120859,-8.930336533828876e-20,0.17373401049434223,-3.092405230614689e-19,4
0.1415000000000001,0.0002940459323676378,0.017340740360320194,-2.2009860015136383e-20,0.04678355978569859,0.9847926074059126,-7.883527877954251e-20,0.17373405077491866,-3.127079594114984e-19,4
0.1420000000000001,0.0002944865955101908,0.01734119065653388,-2.214333038834065e-20,0.04678350855154257,0.9847926003979839,-6.806854408782021e-20,0.17373409049860347,-3.171667466928334e-19,4
0.1425000000000001,0.0002949272199195702,0.017341640243198616,-2.2270133476955603e-20,0.04678345548116506,0.9847925934870787,-5.800163027213146e-20,0.1737341296723053,-3.210971644187079e-19,4
0.1430000000000001,0.00029536780594869997,0.01734208913296533,-2.2389032697237534e-20,0.046783400608292315,0.9847925866719917,-4.598586010930596e-20,0.17373416830286406,-3.2478537173918785e-19,4
0.1435000000000001,0.00029580835395032906,0.017342537338266576,-2.2502578661756474e-20,0.04678334396605112,0.9847925799515282,-3.6772381772831125e-20,0.1737342063970504,-3.2733426470981397e-19,4
0.1440000000000001,0.0002962488642769478,0.017342984871320046,-2.2610682306966185e-20,0.0467832855869787,0.9847925733245062,-3.000701646331375e-20,0.1737342439615664,-3.2974972548209083e-19,4
0.1445000000000001,0.00029668933728068634,0.017343431744132026,-2.2710883665895372e-20,0.0467832255030325,0.9847925667897554,-1.877543843304772e-20,0.1737342810030459,-3.326571215112617e-19,4
0.1450000000000001,0.00029712977331323146,0.017343877968500815,-2.2801368823282164e-20,0.046783163745599814,0.9847925603461173,-6.822773888297642e-21,0.1737343175280548,-3.353831148956429e-19,4
0.1455000000000001,0.0002975701727257337,0.017344323556020075,-2.288475029261918e-20,0.04678310034550727,0.9847925539924457,4.355323719951819e-21,0.1737343535430916,-3.38095975643048e-19,4
0.1460000000000001,0.00029801053586872507,0.01734476851808217,-2.2962903209487544e-20,0.04678303533303024,0.9847925477276059,1.6587264816433524e-20,0.1737343890545877,-3.40757865378159e-19,4
0.1465000000000001,0.00029845086309204317,0.01734521286588143,-2.30369589816878e-20,0.046782968737902046,0.9847925415504754,2.5739193457765772e-20,0.1737344240689078,-3.4274250395533e-19,4
0.1470000000000001,0.0002988911547447414,0.017345656610417388,-2.310577650915012e-20,0.04678290058932308,0.9847925354599427,3.4333353610727133e-20,0.1737344585923502,-3.4368123837151647e-19,4
0.1475000000000001,0.00029933141117502335,0.017346099762497957,-2.3167681170408737e-20,0.04678283091596977,0.9847925294549088,4.4734025292064555e-20,0.17373449263114746,-3.444870516186379e-19,4
0.1480000000000001,0.0002997716327301597,0.017346542332742583,-2.3221055780913044e-20,0.04678275974600345,0.9847925235342856,5.275743086065743e-20,0.1737345261914665,-3.446889598949223e-19,4
0.1485000000000001,0.0003002118197564138,0.017346984331585328,-2.326189772141499e-20,0.04678268710707906,0.9847925176969965,6.285596407475861e-20,0.1737345592794092,-3.4567095445976923e-19,4
0.1490000000000001,0.00030065197259898624,0.01734742576927794,-2.3292088493804705e-20,0.046782613026353746,0.9847925119419767,7.242897710593777e-20,0.17373459190101273,-3.462294750364633e-19,4
0.1495000000000001,0.0003010920916019293,0.017347866655892843,-2.3315210606206922e-20,0.046782537530495334,0.9847925062681724,7.918259326644835e-20,0.17373462406225001,-3.465335262355659e-19,4
0.1500000000000001,0.0003015321771080917,0.017348307001326124,-2.3330222931695168e-20,0.046782460645690666,0.9847925006745412,8.685545524700955e-20,0.1737346557690301,-3.4774327930335523e-19,4
0.1505000000000001,0.0003019722294590556,0.01734874681530044,-2.333452750185394e-20,0.04678238239765381,0.9847924951600519,9.442716927576431e-20,0.17373468702719863,-3.4860276387342554e-19,4
0.1510000000000001,0.00030241224899507164,0.017349186107367912,-2.3325780022387612e-20,0.046782302811634174,0.9847924897236845,1.0343182906202011e-19,0.17373471784253816,-3.496160852005358e-19,4
0.1515000000000001,0.0003028522360550056,0.017349624886912957,-2.3307282019319014e-20,0.046782221912424454,0.9847924843644298,1.163120587074185e-19,0.1737347482207687,-3.515086581887976e-19,4
0.1520000000000001,0.00030329219097628197,0.017350063163155093,-2.327591297051646e-20,0.0467821397243685,0.9847924790812898,1.2971303807400646e-19,0.17373477816754807,-3.526530794261086e-19,4
0.1525000000000001,0.00030373211409482183,0.017350500945151684,-2.321957832609949e-20,0.04678205627136906,0.9847924738732771,1.4473650756905294e-19,0.17373480768847233,-3.551973704087047e-19,4
0.1530000000000001,0.00030417200574499873,0.01735093824180067,-2.3152723213989507e-20,0.04678197157689537,0.9847924687394154,1.5948026648082323e-19,0.17373483678907628,-3.5715106742536185e-19,4
0.1535000000000001,0.0003046118662595871,0.017351375061843234,-2.3078350034514063e-20,0.04678188566399067,0.9847924636787392,1.7286052960613527e-19,0.1737348654748338,-3.5901720067964225e-19,4
0.1540000000000001,0.00030505169596971375,0.017351811413866443,-2.2993864469630547e-20,0.04678179855527958,0.9847924586902933,1.8214141661342805e-19,0.17373489375115836,-3.603646356688876e-19,4
0.1545000000000001,0.00030549149520480936,0.017352247306305836,-2.2900021558210812e-20,0.04678171027297536,0.9847924537731334,1.8933740921040914e-19,0.17373492162340337,-3.6182997852213973e-19,4
0.1550000000000001,0.0003059312642925622,0.017352682747447987,-2.2796713928339113e-20,0.046781620838887095,0.9847924489263256,1.9250146336880521e-19,0.17373494909686274,-3.6319710005772784e-19,4
0.1555000000000001,0.00030637100355888555,0.01735311774543302,-2.2679928219555018e-20,0.04678153027442668,0.9847924441489465,1.9881184990130832e-19,0.17373497617677125,-3.646634587778004e-19,4
0.1560000000000001,0.00030681071332786615,0.017353552308257088,-2.255149053284106e-20,0.0467814386006158,0.9847924394400829,2.049883073354399e-19,0.17373500286830493,-3.6589891666480304e-19,4
0.1565000000000001,0.00030725039392173596,0.017353986443774824,-2.2413434828669024e-20,0.04678134583809274,0.9847924347988319,2.1108738700621222e-19,0.17373502917658162,-3.674745738351745e-19,4
0.1570000000000001,0.0003076900456608229,0.01735442015970173,-2.2263944524390768e-20,0.04678125200711909,0.984792430224301,2.190767163450557e-19,0.17373505510666135,-3.697523787394029e-19,4
0.1575000000000001,0.0003081296688635294,0.017354853463616555,-2.2106319328849612e-20,0.04678115712758635,0.9847924257156074,2.286892611895342e-19,0.17373508066354681,-3.7149085721870574e-19,4
0.1580000000000001,0.0003085692638462853,0.01735528636296362,-2.1940743042584834e-20,0.04678106121902243,0.9847924212718789,2.3695368155558444e-19,0.1737351058521838,-3.736254455738357e-19,4
0.1585000000000001,0.00030900883092352806,0.01735571886505511,-2.1766176940603402e-20,0.04678096430059806,0.9847924168922528,2.418534709949287e-19,0.1737351306774616,-3.7513544931457075e-19,4
0.1590000000000001,0.0003094483704076689,0.01735615097707335,-2.1587759734647052e-20,0.046780866391133075,0.9847924125758765,2.455674832713187e-19,0.17373515514421356,-3.7636315824968377e-19,4
0.15950000000000011,0.0003098878826090598,0.017356582706073,-2.1399213940929886e-20,0.04678076750910259,0.9847924083219071,2.489313517549368e-19,0.17373517925721743,-3.7762574895751484e-19,4
0.16000000000000011,0.0003103273678359663,0.017357014058983263,-2.1197956537865187e-20,0.04678066767264311,0.9847924041295114,2.52988118286689e-19,0.17373520302119588,-3.7897543415073177e-19,4
0.16050000000000011,0.0003107668263945496,0.017357445042610033,-2.0992365442700162e-20,0.04678056689955854,0.984792399997866,2.5568016041190936e-19,0.1737352264408169,-3.798329900857423e-19,4
0.16100000000000012,0.0003112062585888365,0.01735787566363801,-2.0776939363334178e-20,0.046780465207326025,0.9847923959261572,2.615807573974674e-19,0.17373524952069433,-3.817672860269348e-19,4
0.16150000000000012,0.00031164566472069606,0.017358305928632797,-2.0554104354283752e-20,0.04678036261310179,0.9847923919135803,2.682206264513755e-19,0.17373527226538815,-3.8383199537020737e-19,4
0.16200000000000012,0.00031208504508982644,0.01735873584404294,-2.0325945596370765e-20,0.046780259133726826,0.9847923879593401,2.7347378604952096e-19,0.17373529467940516,-3.8608464139250626e-19,4
0.16250000000000012,0.00031252439999372,0.01735916541620195,-2.0084561226430297e-20,0.0467801547857325,0.9847923840626511,2.805549119111137e-19,0.1737353167671992,-3.882920275044966e-19,4
0.16300000000000012,0.000312963729727661,0.017359594651330305,-1.983420385459827e-20,0.04678004958534607,0.9847923802227369,2.8533613883877512e-19,0.1737353385331718,-3.90347044698881e-19,4
0.16350000000000012,0.0003134030345846994,0.017360023555537382,-1.9576327693772828e-20,0.0467799435484961,0.9847923764388299,2.9065121441108875e-19,0.1737353599816725,-3.9252584084021416e-19,4
0.16400000000000012,0.0003138423148556344,0.0173604521348234,-1.9313102439375706e-20,0.04677983669081782,0.9847923727101721,2.93141057461088e-19,0.17373538111699935,-3.946000051186765e-19,4
0.16450000000000012,0.00031428157082900366,0.017360880395081303,-1.903943469797027e-20,0.04677972902765832,0.9847923690360141,2.956649877059107e-19,0.17373540194339937,-3.961887410549116e-19,4
0.16500000000000012,0.0003147208027910667,0.017361308342098623,-1.875831402192854e-20,0.046779620574081755,0.9847923654156157,2.9783074127921927e-19,0.17373542246506898,-3.9731380303211134e-19,4
0.16550000000000012,0.00031516001102579365,0.017361735981559316,-1.8470027343830006e-20,0.046779511344874396,0.9847923618482454,2.993976351876377e-19,0.17373544268615446,-3.982755297538191e-19,4
0.16600000000000012,0.00031559919581485853,0.017362163319045564,-1.817297183766232e-20,0.046779401354549596,0.9847923583331805,3.002053148710778e-19,0.17373546261075237,-3.9913345257010576e-19,4
0.16650000000000012,0.00031603835743761633,0.01736259036003954,-1.7872487855651744e-20,0.046779290617352726,0.984792354869707,2.9971113767379563e-19,0.17373548224291008,-3.9987641527974445e-19,4
0.16700000000000012,0.00031647749617110356,0.017363017109925157,-1.7562001654006228e-20,0.04677917914726596,0.9847923514571195,3.009154767486981e-19,0.17373550158662612,-4.0110260377473274e-19,4
0.16750000000000012,0.00031691661229003485,0.01736344357398979,-1.7246741564443532e-20,0.04677906695801303,0.9847923480947212,2.996504821488346e-19,0.17373552064585068,-4.0189671772452913e-19,4
0.16800000000000012,0.0003173557060667847,0.017363869757425945,-1.6926098945798803e-20,0.04677895406306387,0.9847923447818235,2.980451706207982e-19,0.17373553942448608,-4.0285522815790064e-19,4
0.16850000000000012,0.0003177947777713856,0.017364295665332936,-1.6598839601829162e-20,0.0467788404756392,0.9847923415177466,2.968926440533387e-19,0.17373555792638712,-4.0363312683197256e-19,4
0.16900000000000012,0.0003182338276715229,0.017364721302718503,-1.6265861764269612e-20,0.046778726208715,0.9847923383018187,2.954314598995819e-19,0.17373557615536164,-4.046990729566953e-19,4
0.16950000000000012,0.0003186728560325354,0.017365146674500426,-1.5925445769907894e-20,0.046778611275026985,0.9847923351333762,2.9497393638278126e-19,0.17373559411517092,-4.056192524720748e-19,4
0.17000000000000012,0.00031911186311740146,0.017365571785508096,-1.5578892468715214e-20,0.046778495687074886,0.9847923320117636,2.934258600887998e-19,0.1737356118095301,-4.061204961067556e-19,4
0.17050000000000012,0.0003195508491867506,0.017365996640484074,-1.5226433120654994e-20,0.046778379457126755,0.9847923289363337,2.904707744536926e-19,0.17373562924210856,-4.0649215835216134e-19,4
0.17100000000000012,0.0003199898144988458,0.017366421244085606,-1.4853134624756478e-20,0.04677826259722316,0.984792325906447,2.922965907110592e-19,0.17373564641653055,-4.0786053623067316e-19,4
0.17150000000000012,0.0003204287593095911,0.01736684560088613,-1.4476387621094033e-20,0.04677814511918131,0.9847923229214722,2.969338538661988e-19,0.17373566333637544,-4.0990706107167373e-19,4
0.17200000000000013,0.00032086768387253327,0.017367269715376756,-1.4097680335963272e-20,0.046778027034599094,0.9847923199807855,3.027787845522163e-19,0.17373568000517825,-4.124901520221338e-19,4
0.17250000000000013,0.0003213065884388627,0.0173676935919677,-1.3721190454383495e-20,0.046777908354859066,0.9847923170837712,3.042840384331699e-19,0.17373569642643005,-4.141515974509165e-19,4
0.17300000000000013,0.00032174547325740724,0.01736811723498973,-1.3344701200639341e-20,0.04677778909113238,0.984792314229821,3.055030214019133e-19,0.17373571260357845,-4.156003028119174e-19,4
0.17350000000000013,0.00032218433857464227,0.017368540648695557,-1.2954360951551331e-20,0.04677766925438261,0.9847923114183343,3.0567648447355074e-19,0.17373572854002792,-4.1764223220896125e-19,4
0.17400000000000013,0.00032262318463468327,0.017368963837261206,-1.2562231861528973e-20,0.04677754885536956,0.984792308648718,3.0340722373454306e-19,0.17373574423914032,-4.199400684067281e-19,4
0.17450000000000013,0.0003230620116793099,0.01736938680478739,-1.2172762472435954e-20,0.046777427904652925,0.9847923059203865,2.998793319597193e-19,0.1737357597042353,-4.2229943915448465e-19,4
0.17500000000000013,0.0003235008199479396,0.017369809555300823,-1.1779311079915764e-20,0.046777306412596,0.9847923032327615,2.962529692893314e-19,0.17373577493859071,-4.2386135248014203e-19,4
0.17550000000000013,0.0003239396096776656,0.017370232092755546,-1.1382289812053966e-20,0.0467771843893692,0.984792300585272,2.9173348636552136e-19,0.17373578994544306,-4.247729557781175e-19,4
0.17600000000000013,0.0003243783811032324,0.0173706544210342,-1.0985495653667947e-20,0.046777061844953664,0.9847922979773543,2.888026445143824e-19,0.17373580472798786,-4.247824064154614e-19,4
0.17650000000000013,0.0003248171344570615,0.0173710765439493,-1.0586317600806099e-20,0.04677693878914463,0.9847922954084519,2.854391111356146e-19,0.17373581928938014,-4.2544450666772225e-19,4
0.17700000000000013,0.0003252558699692493,0.01737149846524448,-1.0190616991690945e-20,0.04677681523155488,0.9847922928780152,2.8183754929430317e-19,0.17373583363273484,-4.2651304384080057e-19,4
0.17750000000000013,0.00032569458786757126,0.017371920188595704,-9.794464673093619e-21,0.04677669118161808,0.9847922903855016,2.7866378199452597e-19,0.1737358477611272,-4.270537578354305e-19,4
0.17800000000000013,0.00032613328837750416,0.017372341717612483,-9.397461437987191e-21,0.046776566648592026,0.9847922879303757,2.7584171509865653e-19,0.1737358616775931,-4.273474652675739e-19,4
0.17850000000000013,0.000326571971722214,0.017372763055839045,-9.001588839342843e-21,0.04677644164156192,0.9847922855121085,2.7269312061176856e-19,0.17373587538512972,-4.2781153625911985e-19,4
0.17900000000000013,0.00032701063812257407,0.017373184206755498,-8.607892364466289e-21,0.04677631616944348,0.9847922831301783,2.677366679096201e-19,0.17373588888669564,-4.27963710287437e-19,4
0.17950000000000013,0.0003274492877971801,0.017373605173778978,-8.211438811169235e-21,0.04677619024098608,0.9847922807840698,2.662707690894214e-19,0.17373590218521145,-4.2865221353992256e-19,4
0.18000000000000013,0.0003278879209623461,0.01737402596026476,-7.814621515092813e-21,0.04677606386477581,0.9847922784732743,2.6579872858789885e-19,0.1737359152835601,-4.2950652041415874e-19,4
0.18050000000000013,0.0003283265378321247,0.01737444656950737,-7.419563466956295e-21,0.04677593704923845,0.9847922761972899,2.6156219458432177e-19,0.1737359281845873,-4.292331604670266e-19,4
0.18100000000000013,0.00032876513861831004,0.017374867004741657,-7.028284057777953e-21,0.04677580980264243,0.9847922739556211,2.539592374749613e-19,0.17373594089110186,-4.279285773978314e-19,4
0.18150000000000013,0.00032920372353045346,0.01737528726914387,-6.637738840723048e-21,0.046775682133101744,0.9847922717477786,2.4633808117972453e-19,0.17373595340587625,-4.2720625928019393e-19,4
0.18200000000000013,0.00032964229277587006,0.01737570736583269,-6.24692133271071e-21,0.04677555404857874,0.9847922695732798,2.3828460429144093e-19,0.17373596573164682,-4.265695484822578e-19,4
0.18250000000000013,0.000330080846559658,0.017376127297870275,-5.858542306383948e-21,0.04677542555688696,0.9847922674316483,2.2654927837300803e-19,0.17373597787111428,-4.2526023763654267e-19,4
0.18300000000000013,0.00033051938508469865,0.017376547068263255,-5.474037173847766e-21,0.046775296665693876,0.9847922653224137,2.1295761058812352e-19,0.17373598982694405,-4.2432578045484714e-19,4
0.18350000000000014,0.0003309579085516717,0.01737696667996373,-5.0943066174052194e-21,0.046775167382523554,0.984792263245112,1.978329037515913e-19,0.17373600160176672,-4.2270824916014195e-19,4
0.18400000000000014,0.00033139641715907185,0.01737738613587024,-4.715033850092589e-21,0.04677503771475933,0.9847922611992853,1.83392997953623e-19,0.17373601319817836,-4.2180100915941643e-19,4
0.18450000000000014,0.0003318349111032186,0.017377805438828744,-4.338541558425353e-21,0.046774907669646384,0.9847922591844815,1.7110348989727043e-19,0.1737360246187409,-4.2125182672393933e-19,4
0.18500000000000014,0.00033227339057827047,0.017378224591633535,-3.9673307579530306e-21,0.04677477725429431,0.9847922572002548,1.5902609004938907e-19,0.17373603586598257,-4.2122770621001246e-19,4
0.18550000000000014,0.00033271185577623397,0.01737864359702818,-3.597447986009552e-21,0.0467746464756796,0.9847922552461648,1.481328143486186e-19,0.17373604694239825,-4.212257112213644e-19,4
0.18600000000000014,0.0003331503068869751,0.017379062457706422,-3.2378776089053154e-21,0.04677451534064813,0.9847922533217773,1.342041287576074e-19,0.17373605785044982,-4.2078563628057574e-19,4
0.18650000000000014,0.000333588744098246,0.017379481176313088,-2.882882499414128e-21,0.04677438385591754,0.9847922514266638,1.2200244823127536e-19,0.17373606859256654,-4.2028735770822326e-19,4
0.18700000000000014,0.0003340271675956804,0.017379899755444947,-2.5317150085532774e-21,0.046774252028079645,0.9847922495604013,1.0643977186207295e-19,0.17373607917114545,-4.193135304019185e-19,4
0.18750000000000014,0.00033446557756282243,0.01738031819765159,-2.1904046873472072e-21,0.046774119863602734,0.9847922477225727,9.094698703367019e-20,0.17373608958855172,-4.1812496668503487e-19,4
0.18800000000000014,0.00033490397418113236,0.01738073650543626,-1.8590808329385257e-21,0.04677398736883387,0.9847922459127663,7.46086148620224e-20,0.173736099847119,-4.169764574361947e-19,4
0.18850000000000014,0.0003353423576300003,0.0173811546812567,-1.5340848474698063e-21,0.04677385455000113,0.9847922441305758,6.232614055433566e-20,0.17373610994914973,-4.1605422257786704e-19,4
0.18900000000000014,0.00033578072808676404,0.01738157272752596,-1.218636412122922e-21,0.04677372141321583,0.9847922423756004,5.0276628647313276e-20,0.17373611989691565,-4.1529520377674025e-19,4
0.18950000000000014,0.00033621908572672743,0.017381990646613214,-9.098552348857195e-22,0.046773587964474644,0.9847922406474447,3.847517416190555e-20,0.173736129692658,-4.1413842118888936e-19,4
0.19000000000000014,0.0003366574307231652,0.01738240844084453,-6.120950285577137e-22,0.04677345420966179,0.9847922389457188,2.8191620771185895e-20,0.17373613933858795,-4.131181338696285e-19,4
0.19050000000000014,0.0003370957632473458,0.01738282611250366,-3.215712882767023e-22,0.04677332015455106,0.9847922372700376,1.8652552589919206e-20,0.17373614883688693,-4.12623199965401e-19,4
0.19100000000000014,0.00033753408346854226,0.0173832436638328,-3.9280373636623965e-23,0.046773185804807924,0.9847922356200216,9.811699687926226e-21,0.17373615818970697,-4.1248149079085676e-19,4
0.19150000000000014,0.00033797239155404935,0.017383661097033334,2.2933768019162264e-22,0.04677305116599149,0.9847922339952963,-2.1803901728643457e-21,0.1737361673991711,-4.1213394928640516e-19,4
0.19200000000000014,0.0003384106876691984,0.017384078414266573,4.899843075767438e-22,0.04677291624355651,0.9847922323954921,-1.1220694016501727e-20,0.17373617646737358,-4.1281595500980096e-19,4
0.19250000000000014,0.0003388489719773707,0.017384495617654473,7.398023636910111e-22,0.04677278104285533,0.9847922308202446,-1.876294083152894e-20,0.17373618539638033,-4.1426970886420404e-19,4
0.19300000000000014,0.0003392872446400149,0.01738491270928035,9.788660185567787e-22,0.04677264556913976,0.9847922292691943,-2.6117740947311726e-20,0.17373619418822925,-4.148035794460009e-19,4
0.19350000000000014,0.0003397255058166645,0.01738532969118957,1.2088472834125934e-21,0.04677250982756295,0.9847922277419865,-3.5051081796883095e-20,0.1737362028449305,-4.1529923765058475e-19,4
0.19400000000000014,0.00034016375566494846,0.017385746565390242,1.4335968578873292e-21,0.04677237382318127,0.9847922262382715,-4.1836470531489047e-20,0.1737362113684669,-4.161021612119885e-19,4
0.19450000000000014,0.00034060199434061007,0.01738616333385389,1.6486393417804224e-21,0.04677223756095606,0.9847922247577041,-4.861082013564496e-20,0.17373621976079423,-4.17113485063625e-19,4
0.19500000000000015,0.0003410402219975273,0.017386579998516102,1.8526628423785188e-21,0.04677210104575541,0.9847922232999442,-5.640344730198313e-20,0.17373622802384153,-4.174752279775453e-19,4
0.19550000000000015,0.0003414784387877153,0.017386996561277193,2.0450358295797422e-21,0.046771964282355916,0.9847922218646561,-6.283339670719367e-20,0.17373623615951145,-4.181620124412088e-19,4
0.19600000000000015,0.0003419166448613568,0.017387413024002835,2.22740817090829e-21,0.04677182727544437,0.9847922204515086,-6.973051155583833e-20,0.17373624416968053,-4.1818100082737556e-19,4
0.19650000000000015,0.00034235484036680854,0.017387829388524685,2.398885691724021e-21,0.046771690029619443,0.9847922190601753,-7.613176607676377e-20,0.1737362520561996,-4.1801490192754843e-19,4
0.19700000000000015,0.0003427930254506212,0.017388245656641,2.562291182509369e-21,0.046771552549393317,0.9847922176903342,-8.155971125871453e-20,0.173736259820894,-4.1819406041096226e-19,4
0.19750000000000015,0.00034323120025755603,0.017388661830117235,2.714708963075501e-21,0.046771414839193295,0.9847922163416676,-8.743004887686795e-20,0.17373626746556392,-4.183532930160276e-19,4
0.19800000000000015,0.0003436693649305943,0.01738907791068665,2.8611682473511157e-21,0.04677127690336341,0.9847922150138624,-9.159563753624855e-20,0.17373627499198474,-4.1868010539359483e-19,4
0.19850000000000015,0.00034410751961096636,0.017389493900050883,2.9984993107428476e-21,0.04677113874616595,0.9847922137066096,-9.683666122190541e-20,0.17373628240190728,-4.189545480235787e-19,4
0.19900000000000015,0.0003445456644381531,0.01738990979988052,3.1328379954996902e-21,0.046771000371783,0.9847922124196048,-9.9236754894621e-20,0.17373628969705812,-4.2009612063889053e-19,4
0.19950000000000015,0.0003449837995499137,0.01739032561181567,3.260282109272872e-21,0.04677086178431793,0.9847922111525474,-1.0245706416022611e-19,0.17373629687913994,-4.206816271451099e-19,4
0.20000000000000015,0.00034542192508228877,0.017390741337466493,3.3816177964073552e-21,0.04677072298779687,0.9847922099051414,-1.0678568181987211e-19,0.17373630394983178,-4.2107451382810525e-19,4
0.20050000000000015,0.0003458600411696327,0.017391156978413775,3.4944438098509094e-21,0.04677058398617017,0.9847922086770945,-1.0868781287709095e-19,0.17373631091078928,-4.219996485813047e-19,4
0.20100000000000015,0.000346298147944618,0.017391572536209435,3.597565451911284e-21,0.04677044478331378,0.9847922074681188,-1.1094590303395155e-19,0.1737363177636451,-4.21964472238126e-19,4
0.20150000000000015,0.0003467362455382507,0.017391988012377055,3.692738317784907e-21,0.046770305383030675,0.9847922062779302,-1.1639889839950054e-19,0.17373632451000903,-4.2186054882471154e-19,4
0.20200000000000015,0.00034717433407989976,0.017392403408412402,3.780210888424003e-21,0.04677016578905219,0.9847922051062488,-1.1877584684396177e-19,0.1737363311514685,-4.222594729986125e-19,4
0.20250000000000015,0.0003476124136972928,0.01739281872578392,3.8632377598335456e-21,0.046770026005039385,0.9847922039527983,-1.203944489538946e-19,0.17373633768958863,-4.2289852084919124e-19,4
0.20300000000000015,0.00034805048451654275,0.01739323396593323,3.9395869728777384e-21,0.04676988603458436,0.9847922028173066,-1.2052107155254648e-19,0.17373634412591266,-4.2460643062495316e-19,4
0.20350000000000015,0.00034848854666217266,0.017393649130275628,4.010802607053815e-21,0.04676974588121152,0.9847922016995052,-1.2167353531657733e-19,0.17373635046196217,-4.2595316628948957e-19,4
0.20400000000000015,0.000348926600257115,0.017394064220200543,4.077946877288799e-21,0.04676960554837887,0.9847922005991295,-1.2332163188752479e-19,0.17373635669923737,-4.2700953925612394e-19,4
0.20450000000000015,0.00034936464542274,0.017394479237072023,4.136449460262842e-21,0.04676946503947923,0.9847921995159186,-1.25987596523893e-19,0.17373636283921737,-4.2835948215412114e-19,4
0.20500000000000015,0.00034980268227885936,0.017394894182229184,4.191365264445047e-21,0.04676932435784149,0.984792198449615,-1.2929853785209818e-19,0.17373636888336041,-4.290777052129222e-19,4
0.20550000000000015,0.00035024071094375643,0.017395309056986673,4.2398441896964794e-21,0.04676918350673177,0.9847921973999653,-1.2989308864501384e-19,0.1737363748331042,-4.3062085228825255e-19,4
0.20600000000000016,0.00035067873153419313,0.01739572386263511,4.2840519008912e-21,0.04676904248935463,0.9847921963667193,-1.2756945835338994e-19,0.1737363806898661,-4.3241351609930404e-19,4
0.20650000000000016,0.0003511167441654215,0.017396138600441518,4.3201695998270284e-21,0.046768901308854215,0.9847921953496306,-1.2546212336521684e-19,0.17373638645504344,-4.3365396928046513e-19,4
0.20700000000000016,0.0003515547489512077,0.017396553271649753,4.350012469552674e-21,0.046768759968315365,0.9847921943484561,-1.286607690111795e-19,0.17373639213001374,-4.34207316782127e-19,4
0.20750000000000016,0.0003519927460038454,0.017396967877480938,4.376314866630118e-21,0.04676861847076476,0.9847921933629563,-1.3048219906631892e-19,0.173736397716135,-4.350004891496307e-19,4
0.20800000000000016,0.0003524307354341726,0.017397382419133862,4.3953869012901275e-21,0.04676847681917198,0.984792192392895,-1.349165188523675e-19,0.1737364032147459,-4.358931076875856e-19,4
0.20850000000000016,0.0003528687173515794,0.01739779689778539,4.4104833478199935e-21,0.04676833501645059,0.9847921914380393,-1.393615357694644e-19,0.1737364086271661,-4.36948198068894e-19,4
0.20900000000000016,0.0003533066918640338,0.017398211314590867,4.420375307769319e-21,0.04676819306545921,0.9847921904981598,-1.4319180933936488e-19,0.17373641395469644,-4.379089741946214e-19,4
0.20950000000000016,0.00035374465907808813,0.017398625670684502,4.4246166053577996e-21,0.0467680509690025,0.9847921895730303,-1.4420942295343508e-19,0.17373641919861924,-4.389521553154312e-19,4
0.21000000000000016,0.00035418261909889864,0.017399039967179755,4.427628076736873e-21,0.046767908729832226,0.9847921886624277,-1.4237349676426344e-19,0.17373642436019848,-4.4005472971976395e-19,4
0.21050000000000016,0.0003546205720302373,0.017399454205169716,4.4290702166713315e-21,0.046767766350648214,0.9847921877661323,-1.4123947964785182e-19,0.1737364294406801,-4.409761408722311e-19,4
0.21100000000000016,0.0003550585179745166,0.017399868385727484,4.427839601518451e-21,0.04676762383409934,0.9847921868839274,-1.3571763731100238e-19,0.1737364344412922,-4.426873665938597e-19,4
0.21150000000000016,0.00035549645703278907,0.01740028250990651,4.423354663730089e-21,0.04676748118278448,0.9847921860155995,-1.2887117355266153e-19,0.1737364393632452,-4.444475829647242e-19,4
0.21200000000000016,0.0003559343893047761,0.017400696578740976,4.414759945200977e-21,0.04676733839925347,0.984792185160938,-1.240041262879177e-19,0.17373644420773227,-4.458495373375852e-19,4
0.21250000000000016,0.00035637231488887407,0.017401110593246134,4.402454650001571e-21,0.04676719548600799,0.9847921843197356,-1.2001326802696702e-19,0.17373644897592933,-4.463618566804672e-19,4
0.21300000000000016,0.0003568102338821705,0.017401524554418655,4.3885962158003866e-21,0.046767052445502506,0.9847921834917877,-1.1619727861674263e-19,0.17373645366899543,-4.473589979909598e-19,4
0.21350000000000016,0.00035724814638046407,0.01740193846323697,4.37373298699543e-21,0.04676690928014514,0.9847921826768927,-1.1258205760852233e-19,0.1737364582880729,-4.478609612938267e-19,4
0.21400000000000016,0.00035768605247827044,0.01740235232066159,4.3603001047198635e-21,0.04676676599229854,0.9847921818748522,-1.0873011570220693e-19,0.17373646283428762,-4.479635929967047e-19,4
0.21450000000000016,0.00035812395226884165,0.01740276612763545,4.342326880879526e-21,0.04676662258428073,0.9847921810854703,-1.0553996756128475e-19,0.1737364673087492,-4.478434339587879e-19,4
0.21500000000000016,0.00035856184584418373,0.017403179885084222,4.323439029677218e-21,0.04676647905836597,0.9847921803085541,-1.0372616683733459e-19,0.1737364717125512,-4.47503458472497e-19,4
0.21550000000000016,0.0003589997332950604,0.017403593593916623,4.301621757371472e-21,0.04676633541678557,0.9847921795439134,-1.0202030705584041e-19,0.17373647604677134,-4.47335922583573e-19,4
0.21600000000000016,0.00035943761471102264,0.017404007255024733,4.277897948688146e-21,0.04676619166172867,0.9847921787913609,-1.0192523021567899e-19,0.17373648031247177,-4.46947801729007e-19,4
0.21650000000000016,0.000359875490180403,0.017404420869284294,4.256820444961151e-21,0.04676604779534308,0.9847921780507121,-9.796888294223445e-20,0.1737364845106992,-4.476789263347545e-19,4
0.21700000000000016,0.0003603133597903522,0.017404834437555014,4.236605994773503e-21,0.04676590381973602,0.9847921773217847,-9.110156815335106e-20,0.17373648864248512,-4.491814835031001e-19,4
0.21750000000000017,0.00036075122362683014,0.01740524796068085,4.215905048158867e-21,0.04676575973697491,0.9847921766043995,-8.462779470789632e-20,0.17373649270884603,-4.507250656836942e-19,4
0.21800000000000017,0.000361189081774636,0.0174056614394903,4.193640943753269e-21,0.0467656155490881,0.98479217589838,-8.266297519778949e-20,0.17373649671078364,-4.518823010055865e-19,4
0.21850000000000017,0.00036162693431741877,0.017406074874796694,4.172017610447792e-21,0.046765471258065607,0.9847921752035517,-8.011493886614312e-20,0.17373650064928506,-4.527450454740843e-19,4
0.21900000000000017,0.000362064781337683,0.017406488267398452,4.1508485969770664e-21,0.04676532686585986,0.9847921745197432,-7.767147427784443e-20,0.17373650452532297,-4.529400001023285e-19,4
0.21950000000000017,0.0003625026229168114,0.01740690161807937,4.127370180577927e-21,0.04676518237438637,0.9847921738467854,-7.548964262148961e-20,0.17373650833985588,-4.528323637028006e-19,4
0.22000000000000017,0.00036294045913507156,0.01740731492760889,4.105994409839394e-21,0.04676503778552447,0.9847921731845116,-7.26387483123093e-20,0.17373651209382826,-4.528793528397969e-19,4
0.22050000000000017,0.00036337829007163574,0.017407728196742345,4.0881293881156094e-21,0.04676489310111794,0.9847921725327576,-6.941558056558245e-20,0.17373651578817076,-4.532367362766532e-19,4
0.22100000000000017,0.00036381611580458634,0.017408141426221237,4.069895608179098e-21,0.046764748322975745,0.9847921718913618,-6.930762704658748e-20,0.17373651942380036,-4.530332644817938e-19,4
0.22150000000000017,0.0003642539364109333,0.017408554616773472,4.05222939420532e-21,0.04676460345287262,0.9847921712601635,-7.091119032967995e-20,0.17373652300162046,-4.523692384404747e-19,4
0.22200000000000017,0.0003646917519666257,0.017408967769113617,4.035347820049975e-21,0.046764458492549774,0.9847921706390079,-7.347898305028883e-20,0.17373652652252172,-4.513862884600635e-19,4
0.22250000000000017,0.000365129562546568,0.01740938088394315,4.0224776445251986e-21,0.04676431344371548,0.9847921700277392,-7.604041718265869e-20,0.17373652998738115,-4.503083474710406e-19,4
0.22300000000000017,0.0003655673682246265,0.017409793961950686,4.010845061543765e-21,0.04676416830804574,0.9847921694262048,-7.790581711716388e-20,0.17373653339706302,-4.498283460801231e-19,4
0.22350000000000017,0.0003660051690736446,0.017410207003812215,3.999942023515135e-21,0.046764023087184824,0.9847921688342547,-7.765946325109997e-20,0.17373653675241887,-4.495172005842932e-19,4
0.22400000000000017,0.000366442965165462,0.017410620010191346,3.988738834010061e-21,0.04676387778274595,0.9847921682517407,-7.722608207430889e-20,0.17373654005428774,-4.494690318395108e-19,4
0.22450000000000017,0.0003668807565709138,0.017411032981739512,3.976517107538435e-21,0.0467637323963118,0.984792167678517,-7.485535357615074e-20,0.1737365433034962,-4.496705867693532e-19,4
0.22500000000000017,0.0003673185433598553,0.017411445919096213,3.966238685149339e-21,0.04676358692943514,0.9847921671144398,-7.068232695632278e-20,0.17373654650085862,-4.503540350418447e-19,4
0.22550000000000017,0.0003677563256011628,0.017411858822889217,3.95615462722531e-21,0.04676344138363938,0.9847921665593679,-6.736226768976794e-20,0.17373654964717736,-4.508809418320592e-19,4
0.22600000000000017,0.00036819410336275474,0.017412271693734785,3.9455339124237395e-21,0.04676329576041909,0.9847921660131616,-6.527695597493112e-20,0.17373655274324287,-4.515672649154535e-19,4
0.22650000000000017,0.0003686318767116,0.01741268453223788,3.929373320453424e-21,0.0467631500612406,0.9847921654756835,-6.871610280009598e-20,0.1737365557898339,-4.514209180383608e-19,4
0.22700000000000017,0.00036906964571373,0.01741309733899237,3.9155612137835984e-21,0.04676300428754248,0.9847921649467983,-7.187745351353872e-20,0.17373655878771765,-4.517153057177293e-19,4
0.22750000000000017,0.0003695074104342476,0.017413510114581237,3.904214713476881e-21,0.046762858440736105,0.9847921644263727,-7.523189148723985e-20,0.1737365617376499,-4.516319077526493e-19,4
0.22800000000000017,0.00036994517093734565,0.017413922859576766,3.892748002661659e-21,0.04676271252220614,0.9847921639142754,-8.075508009636697e-20,0.1737365646403752,-4.517625045961161e-19,4
0.22850000000000018,0.00037038292728631137,0.01741433557454075,3.882671613170116e-21,0.046762566533311054,0.9847921634103768,-8.53463621674966e-20,0.17373656749662703,-4.52621597341727e-19,4
0.22900000000000018,0.00037082067954354205,0.017414748260024683,3.873274293456083e-21,0.04676242047538362,0.9847921629145495,-8.947220476664091e-20,0.1737365703071279,-4.533536348731614e-19,4
0.22950000000000018,0.0003712584277705478,0.017415160916569934,3.864178737451542e-21,0.0467622743497314,0.984792162426668,-9.330746625317954e-20,0.17373657307258966,-4.540989842905593e-19,4
0.23000000000000018,0.00037169617202798227,0.017415573544707953,3.8546376271380026e-21,0.04676212815763721,0.9847921619466086,-9.97940519125247e-20,0.17373657579371343,-4.544595851613176e-19,4
0.23050000000000018,0.00037213391237563053,0.017415986144960434,3.844186034283548e-21,0.04676198190035958,0.9847921614742494,-1.0450141286028592e-19,0.17373657847118987,-4.551011502176273e-19,4
0.23100000000000018,0.00037257164887243206,0.017416398717839506,3.8333660417055256e-21,0.04676183557913325,0.9847921610094704,-1.1086937110181755e-19,0.17373658110569937,-4.554867724522016e-19,4
0.23150000000000018,0.0003730093815764929,0.017416811263847903,3.823748582871587e-21,0.04676168919516958,0.9847921605521535,-1.1433160010181703e-19,0.17373658369791206,-4.566310893958162e-19,4
0.23200000000000018,0.00037344711054509224,0.017417223783479135,3.810928961474886e-21,0.046761542749657,0.984792160102182,-1.1817571015679201e-19,0.1737365862484881,-4.572640211396864e-19,4
0.23250000000000018,0.00037388483583468873,0.017417636277217655,3.799084347147174e-21,0.046761396243761466,0.9847921596594413,-1.2218744033053176e-19,0.1737365887580777,-4.577333249351157e-19,4
0.23300000000000018,0.0003743225575009473,0.01741804874553904,3.782969276335448e-21,0.046761249678626854,0.9847921592238185,-1.2448228725855377e-19,0.17373659122732138,-4.585997314132543e-19,4
0.23350000000000018,0.0003747602755987257,0.017418461188910123,3.764074531690192e-21,0.0467611030553754,0.9847921587952021,-1.2859325059153555e-19,0.17373659365684996,-4.594983032130194e-19,4
0.23400000000000018,0.00037519799018210907,0.017418873607789192,3.746618910197707e-21,0.04676095637510808,0.9847921583734827,-1.2999691113071167e-19,0.17373659604728484,-4.609154838832509e-19,4
0.23450000000000018,0.0003756357013044,0.01741928600262611,3.729987749993177e-21,0.04676080963890506,0.9847921579585521,-1.3037160561731393e-19,0.17373659839923802,-4.628549531303294e-19,4
0.23500000000000018,0.00037607340901814215,0.017419698373862494,3.7143333091680655e-21,0.04676066284782603,0.9847921575503041,-1.3128397741054657e-19,0.17373660071331232,-4.649969650430165e-19,4
0.23550000000000018,0.0003765111133751199,0.017420110721931854,3.694783414508276e-21,0.04676051600291065,0.984792157148634,-1.3365586054714984e-19,0.17373660299010144,-4.661675870274911e-19,4
0.23600000000000018,0.00037694881442637914,0.017420523047259745,3.676942186558533e-21,0.046760369105178876,0.9847921567534386,-1.3772720574385838e-19,0.17373660523019016,-4.66950100027712e-19,4
0.23650000000000018,0.00037738651222222753,0.017420935350263914,3.657101619713521e-21,0.04676022215563136,0.9847921563646161,-1.422752693924293e-19,0.17373660743415442,-4.678520017752246e-19,4
0.23700000000000018,0.0003778242068122494,0.01742134763135444,3.6369639468155824e-21,0.04676007515524982,0.9847921559820667,-1.453427104750942e-19,0.17373660960256146,-4.694810221434108e-19,4
0.23750000000000018,0.0003782618982453127,0.01742175989093388,3.614616412119405e-21,0.04675992810499738,0.9847921556056917,-1.4577272516609018e-19,0.1737366117359699,-4.717458274022291e-19,4
0.23800000000000018,0.00037869958656957766,0.017422172129397395,3.589016028946369e-21,0.04675978100581893,0.984792155235394,-1.495747136305868e-19,0.17373661383492997,-4.729256635985996e-19,4
0.23850000000000018,0.00037913727183251243,0.0174225843471329,3.563643702384176e-21,0.04675963385864147,0.9847921548710781,-1.5035424276747776e-19,0.1737366158999835,-4.750688115665784e-19,4
0.23900000000000018,0.0003795749540808994,0.01742299654452119,3.537072114791929e-21,0.046759486664374454,0.9847921545126498,-1.474512514286583e-19,0.17373661793166412,-4.774633818387331e-19,4
0.23950000000000018,0.00038001263336083307,0.017423408721936068,3.509034590169846e-21,0.046759339423910105,0.9847921541600164,-1.4360796803350027e-19,0.1737366199304974,-4.800328693511973e-19,4
0.24000000000000019,0.0003804503097177478,0.017423820879744475,3.476019433088623e-21,0.04675919213812376,0.9847921538130867,-1.4532800982092686e-19,0.17373662189700093,-4.818459649364203e-19,4
0.24050000000000019,0.0003808879831964134,0.017424233018306617,3.440410263543476e-21,0.04675904480787418,0.9847921534717706,-1.4720989280716164e-19,0.17373662383168437,-4.830783914699539e-19,4
0.2410000000000002,0.000381325653840949,0.01742464513797609,3.401776300314285e-21,0.046758897434003854,0.9847921531359797,-1.490612432599423e-19,0.17373662573504967,-4.843777582052251e-19,4
0.2415000000000002,0.0003817633216948325,0.0174250572391,3.362391583187795e-21,0.04675875001733933,0.9847921528056267,-1.5171017559989688e-19,0.17373662760759112,-4.853923484810703e-19,4
0.2420000000000002,0.0003822009868009047,0.017425469322019077,3.3174717748067157e-21,0.046758602558691506,0.9847921524806258,-1.5188518051954722e-19,0.1737366294497955,-4.869955325148753e-19,4
0.2425000000000002,0.00038263864920137975,0.017425881387067795,3.268738231649281e-21,0.04675845505885591,0.9847921521608923,-1.5241503061695902e-19,0.1737366312621422,-4.881310117154651e-19,4
0.2430000000000002,0.00038307630893785635,0.01742629343457449,3.217665692260247e-21,0.04675830751861301,0.9847921518463431,-1.5061171174649946e-19,0.1737366330451032,-4.895033578951699e-19,4
0.2435000000000002,0.0003835139660513281,0.017426705464861473,3.1591010151156555e-21,0.0467581599387285,0.984792151536896,-1.5381254903833256e-19,0.17373663479914334,-4.898787477253239e-19,4
0.2440000000000002,0.00038395162058218053,0.01742711747824513,3.1033010519021116e-21,0.04675801231995355,0.9847921512324704,-1.5427093777638937e-19,0.17373663652472032,-4.909374851573126e-19,4
0.2445000000000002,0.00038438927257021305,0.017427529475036046,3.0470771721165625e-21,0.04675786466302513,0.9847921509329868,-1.5392468123811052e-19,0.17373663822228488,-4.916515387969814e-19,4
0.2450000000000002,0.0003848269220546371,0.0174279414555391,2.987238298979557e-21,0.046757716968666235,0.9847921506383668,-1.5371418354139564e-19,0.17373663989228083,-4.920527525919166e-19,4
0.2455000000000002,0.0003852645690740844,0.017428353420053565,2.9255233407083115e-21,0.04675756923758617,0.9847921503485333,-1.5525888779806188e-19,0.1737366415351452,-4.917061859325274e-19,4
0.2460000000000002,0.0003857022136666238,0.017428765368873236,2.864685490272891e-21,0.046757421470480814,0.9847921500634105,-1.5640940179662777e-19,0.17373664315130832,-4.909391221165634e-19,4
0.2465000000000002,0.00038613985586976256,0.017429177302286502,2.8020444456846907e-21,0.046757273668032846,0.9847921497829235,-1.582410112475614e-19,0.17373664474119388,-4.900861205302191e-19,4
0.2470000000000002,0.00038657749572045116,0.017429589220576455,2.740499583193065e-21,0.04675712583091202,0.9847921495069988,-1.5968278855525494e-19,0.17373664630521912,-4.892272042271737e-19,4
0.2475000000000002,0.00038701513325509527,0.017430001124020995,2.6760257871903573e-21,0.046756977959775424,0.9847921492355639,-1.5983402033199177e-19,0.17373664784379483,-4.891003260539551e-19,4
0.2480000000000002,0.00038745276850956403,0.017430413012892915,2.6128839882318995e-21,0.046756830055267665,0.9847921489685474,-1.5921548355995332e-19,0.1737366493573255,-4.887761477109552e-19,4
0.2485000000000002,0.0003878904015191941,0.01743082488746,2.5499032489501897e-21,0.04675668211802116,0.9847921487058791,-1.5870842738987753e-19,0.17373665084620937,-4.882106715936486e-19,4
0.2490000000000002,0.00038832803231880026,0.017431236747985114,2.4846730654193216e-21,0.04675653414865635,0.9847921484474897,-1.6114768450320573e-19,0.1737366523108386,-4.868824718933608e-19,4
0.2495000000000002,0.0003887656609426744,0.017431648594726297,2.4196761708882442e-21,0.0467563861477819,0.9847921481933113,-1.6177202619709015e-19,0.17373665375159925,-4.85698165096765e-19,4
0.25000000000000017,0.00038920328742460757,0.01743206042793685,2.3547615304653046e-21,0.04675623811599497,0.9847921479432766,-1.6325414394336408e-19,0.1737366551688715,-4.841355477102601e-19,4
0.25050000000000017,0.00038964091179788797,0.01743247224786542,2.2907665349195444e-21,0.046756090053881386,0.9847921476973198,-1.6382058297513716e-19,0.17373665656302956,-4.824451608690031e-19,4
0.25100000000000017,0.000390078534095304,0.01743288405475609,2.223881662310603e-21,0.046755941962015886,0.9847921474553758,-1.6362327723921448e-19,0.17373665793444196,-4.8065061041875175e-19,4
0.25150000000000017,0.0003905161543491555,0.017433295848848458,2.1526998055938167e-21,0.04675579384096232,0.9847921472173805,-1.6604369718262669e-19,0.17373665928347148,-4.784489797972149e-19,4
0.25200000000000017,0.00039095377259126655,0.017433707630377722,2.0819658607608486e-21,0.04675564569127384,0.984792146983271,-1.6812227438633e-19,0.17373666061047532,-4.763956134189413e-19,4
0.25250000000000017,0.0003913913888529824,0.01743411939957476,2.0123753659911354e-21,0.046755497513493144,0.9847921467529852,-1.7052585774126903e-19,0.1737366619158051,-4.743850850147305e-19,4
0.25300000000000017,0.0003918290031651791,0.01743453115666621,1.9416198770537223e-21,0.04675534930815263,0.9847921465264621,-1.7386679177560664e-19,0.17373666319980707,-4.724558773396736e-19,4
0.25350000000000017,0.00039226661555827054,0.017434942901874546,1.8674194681013582e-21,0.04675520107577461,0.9847921463036414,-1.7630920575940394e-19,0.17373666446282207,-4.706159253751049e-19,4
0.25400000000000017,0.0003927042260622204,0.017435354635418156,1.791847402382989e-21,0.046755052816871506,0.9847921460844641,-1.7893286552718049e-19,0.17373666570518564,-4.686951132795131e-19,4
0.25450000000000017,0.0003931418347065385,0.017435766357511418,1.7137712503533577e-21,0.04675490453194603,0.9847921458688718,-1.786933592166603e-19,0.17373666692722817,-4.67985195981455e-19,4
0.25500000000000017,0.00039357944152029723,0.017436178068364772,1.6373923507972609e-21,0.046754756221491355,0.9847921456568072,-1.7781203213262096e-19,0.17373666812927485,-4.67705598434036e-19,4
0.25550000000000017,0.00039401704653212595,0.01743658976818479,1.5608471405278701e-21,0.046754607885991326,0.9847921454482137,-1.7704755619681594e-19,0.17373666931164589,-4.678814941764373e-19,4
0.25600000000000017,0.00039445464977022577,0.017437001457174247,1.4837495369817493e-21,0.04675445952592062,0.9847921452430358,-1.7360634963245107e-19,0.17373667047465646,-4.682762754092371e-19,4
0.2565000000000002,0.0003948922512623798,0.017437413135532202,1.4035043209266755e-21,0.0467543111417449,0.9847921450412187,-1.692368323476833e-19,0.17373667161861686,-4.687944597116018e-19,4
0.2570000000000002,0.00039532985103594596,0.01743782480345405,1.3178782217593523e-21,0.04675416273392103,0.9847921448427086,-1.6495638239209404e-19,0.17373667274383256,-4.695135873932149e-19,4
0.2575000000000002,0.00039576744911787266,0.0174382364611316,1.232309211972657e-21,0.046754014302897204,0.9847921446474523,-1.6187015143902898e-19,0.17373667385060426,-4.693771686489654e-19,4
0.2580000000000002,0.00039620504553470085,0.017438648108753136,1.14574829961323e-21,0.046753865849113126,0.9847921444553978,-1.6175688938777077e-19,0.17373667493922798,-4.686092152383393e-19,4
0.2585000000000002,0.00039664264031257374,0.01743905974650348,1.0569163529148343e-21,0.04675371737300016,0.9847921442664934,-1.6466254511331973e-19,0.1737366760099951,-4.671400010891543e-19,4
0.2590000000000002,0.00039708023347723696,0.017439471374564065,9.708275994106916e-22,0.046753568874981506,0.9847921440806887,-1.6794838388885361e-19,0.17373667706319249,-4.651780613806115e-19,4
0.2595000000000002,0.000397517825054048,0.017439882993112985,8.851602123577195e-22,0.046753420355472336,0.9847921438979338,-1.7225338157386978e-19,0.1737366780991025,-4.637684733202756e-19,4
0.2600000000000002,0.00039795541506797974,0.017440294602325063,7.998151312643158e-22,0.04675327181487996,0.9847921437181797,-1.7692437628495512e-19,0.17373667911800314,-4.62332003326436e-19,4
0.2605000000000002,0.00039839300354363075,0.017440706202371918,7.151130187497664e-22,0.04675312325360397,0.9847921435413781,-1.804354402350416e-19,0.17373668012016796,-4.61401275149929e-19,4
0.2610000000000002,0.0003988305905052189,0.017441117793422004,6.235744546984035e-22,0.04675297467203639,0.9847921433674816,-1.8523808423774153e-19,0.17373668110586635,-4.600025074161559e-19,4
0.2615000000000002,0.0003992681759765988,0.017441529375640686,5.31967077426639e-22,0.0467528260705618,0.9847921431964433,-1.8805635851050035e-19,0.17373668207536339,-4.593664263536051e-19,4
0.2620000000000002,0.00039970575998126665,0.017441940949190292,4.3826922445201775e-22,0.046752677449557495,0.9847921430282172,-1.9300017208351826e-19,0.17373668302892004,-4.582896242169666e-19,4
0.2625000000000002,0.0004001433425423562,0.017442352514230163,3.4612395030765847e-22,0.04675252880939363,0.984792142862758,-1.9646229435804382e-19,0.17373668396679318,-4.577543054006016e-19,4
0.2630000000000002,0.0004005809236826528,0.01744276407091672,2.498397345629846e-22,0.04675238015043334,0.984792142700021,-2.0274181023425849e-19,0.17373668488923566,-4.56885019754781e-19,4
0.2635000000000002,0.00040101850342459276,0.017443175619403502,1.514496942404699e-22,0.04675223147303288,0.9847921425399624,-2.0571481357470052e-19,0.17373668579649637,-4.56437193665394e-19,4
0.2640000000000002,0.00040145608179027086,0.01744358715984123,4.861972670713111e-23,0.04675208277754175,0.9847921423825389,-2.0884493938857568e-19,0.17373668668882025,-4.559973686773917e-19,4
0.2645000000000002,0.0004018936588014442,0.017443998692377855,-5.264601107622602e-23,0.046751934064302815,0.9847921422277081,-2.094217784357381e-19,0.17373668756644842,-4.565618234252078e-19,4
0.2650000000000002,0.00040233123447954095,0.01744441021715861,-1.5529332620600947e-22,0.046751785333652464,0.984792142075428,-2.1024957231873595e-19,0.17373668842961823,-4.575667416230997e-19,4
0.2655000000000002,0.00040276880884566093,0.017444821734326064,-2.5924704542074026e-22,0.0467516365859207,0.9847921419256573,-2.11095394032379e-19,0.17373668927856326,-4.587139957979436e-19,4
0.2660000000000002,0.00040320638192057977,0.01744523324402016,-3.6558893109133617e-22,0.04675148782143127,0.9847921417783557,-2.1117135667259067e-19,0.17373669011351342,-4.597413803543621e-19,4
0.2665000000000002,0.0004036439537247551,0.017445644746378268,-4.737378914099468e-22,0.04675133904050179,0.9847921416334832,-2.0876114676587905e-19,0.17373669093469502,-4.609332000580182e-19,4
0.2670000000000002,0.0004040815242783315,0.017446056241535238,-5.821910453075853e-22,0.04675119024344385,0.9847921414910004,-2.0420939609372991e-19,0.17373669174233078,-4.6258030061475325e-19,4
0.2675000000000002,0.00040451909360114815,0.017446467729623442,-6.964783959732153e-22,0.04675104143056314,0.9847921413508686,-2.042282168644954e-19,0.17373669253663993,-4.634121788232616e-19,4
0.2680000000000002,0.0004049566617127384,0.01744687921077282,-8.151762947599142e-22,0.046750892602159554,0.9847921412130498,-2.0650237457014008e-19,0.17373669331783823,-4.63415385858202e-19,4
0.2685000000000002,0.0004053942286323344,0.017447290685110924,-9.35644817579737e-22,0.046750743758527294,0.9847921410775066,-2.076060093911788e-19,0.173736694086138,-4.6368969907780655e-19,4
0.2690000000000002,0.0004058317943788744,0.017447702152762957,-1.0611077379785023e-21,0.046750594899955,0.9847921409442021,-2.108883675348382e-19,0.1737366948417483,-4.630020649316036e-19,4
0.2695000000000002,0.0004062693589710018,0.017448113613851828,-1.1889785223770162e-21,0.04675044602672584,0.9847921408131,-2.1265217422539314e-19,0.1737366955848748,-4.619721464136898e-19,4
0.2700000000000002,0.0004067069224270825,0.017448525068498186,-1.3312003754433414e-21,0.046750297139117596,0.9847921406841645,-2.137254061918625e-19,0.17373669631571997,-4.608877568420842e-19,4
0.2705000000000002,0.00040714448476518683,0.017448936516820456,-1.4788567511188051e-21,0.04675014823740281,0.9847921405573606,-2.174016006471694e-19,0.17373669703448302,-4.596889679245518e-19,4
0.2710000000000002,0.00040758204600311796,0.017449347958934897,-1.628021703691815e-21,0.04674999932184885,0.9847921404326536,-2.199858888799817e-19,0.17373669774136005,-4.584733805751886e-19,4
0.2715000000000002,0.0004080196061584,0.017449759394955626,-1.7798187540217384e-21,0.046749850392718,0.9847921403100095,-2.2429969676353163e-19,0.17373669843654405,-4.569880240044892e-19,4
0.2720000000000002,0.0004084571652482868,0.017450170824994664,-1.9294013146211206e-21,0.0467497014502676,0.9847921401893948,-2.292829523860992e-19,0.17373669912022494,-4.558141348420082e-19,4
0.2725000000000002,0.00040889472328976703,0.01745058224916197,-2.0800026572977888e-21,0.04674955249475009,0.9847921400707764,-2.3427710433889215e-19,0.17373669979258963,-4.540603410920727e-19,4
0.2730000000000002,0.0004093322802995633,0.017450993667565487,-2.2296902441466817e-21,0.04674940352641313,0.984792139954122,-2.3774497330902544e-19,0.17373670045382208,-4.523425755109879e-19,4
0.2735000000000002,0.0004097698362941444,0.01745140508031117,-2.3828769986802016e-21,0.0467492545454997,0.9847921398393995,-2.4204200513410663e-19,0.17373670110410333,-4.503073701385621e-19,4
0.2740000000000002,0.00041020739128972496,0.017451816487503033,-2.535479825092469e-21,0.04674910555224815,0.9847921397265776,-2.463148425987359e-19,0.17373670174361153,-4.479871420450074e-19,4
0.2745000000000002,0.00041064494530226365,0.017452227889243173,-2.6906726057249767e-21,0.04674895654689234,0.9847921396156255,-2.5027825849397005e-19,0.173736702372522,-4.461846716299643e-19,4
0.2750000000000002,0.00041108249834747657,0.017452639285631812,-2.8486381586385466e-21,0.04674880752966167,0.9847921395065126,-2.5627723224575064e-19,0.1737367029910073,-4.441259940538952e-19,4
0.2755000000000002,0.0004115200504408309,0.017453050676767327,-3.0071491508935522e-21,0.046748658500781214,0.9847921393992088,-2.5877075857706093e-19,0.1737367035992372,-4.429880225488592e-19,4
0.2760000000000002,0.0004119576015975591,0.017453462062746294,-3.165934023885844e-21,0.046748509460471765,0.9847921392936849,-2.5927083007802966e-19,0.17373670419737883,-4.423305003360176e-19,4
0.2765000000000002,0.00041239515183265536,0.01745387344366351,-3.326953304769472e-21,0.046748360408949946,0.9847921391899117,-2.613238698392211e-19,0.17373670478559658,-4.410777215283349e-19,4
0.2770000000000002,0.00041283270116088046,0.017454284819612028,-3.489543963347382e-21,0.04674821134642825,0.9847921390878608,-2.6217161044581205e-19,0.17373670536405228,-4.40282811397335e-19,4
0.2775000000000002,0.00041327024959676614,0.017454696190683194,-3.667651032364017e-21,0.04674806227311517,0.984792138987504,-2.61396994607386e-19,0.17373670593290516,-4.395259987773821e-19,4
0.2780000000000002,0.0004137077971546181,0.01745510755696667,-3.850252156173081e-21,0.04674791318921522,0.9847921388888136,-2.6151404851587153e-19,0.17373670649231193,-4.39107708123047e-19,4
0.2785000000000002,0.0004141453438485177,0.01745551891855048,-4.0320413558630434e-21,0.04674776409492906,0.9847921387917625,-2.5834716701527773e-19,0.1737367070424268,-4.397718729939456e-19,4
0.2790000000000002,0.00041458288969233075,0.017455930275521017,-4.2147362942431976e-21,0.04674761499045354,0.984792138696324,-2.5479718287181057e-19,0.17373670758340148,-4.409147188219874e-19,4
0.2795000000000002,0.00041502043469970353,0.0174563416279631,-4.397152892360193e-21,0.04674746587598177,0.9847921386024716,-2.5179233044373606e-19,0.1737367081153853,-4.415686132028214e-19,4
0.2800000000000002,0.0004154579788840715,0.017456752975959975,-4.578562383580583e-21,0.046747316751703204,0.9847921385101794,-2.466396124368187e-19,0.17373670863852517,-4.424307106236127e-19,4
0.2805000000000002,0.0004158955222586594,0.01745716431959337,-4.762474923106417e-21,0.04674716761780371,0.984792138419422,-2.417265233773243e-19,0.17373670915296568,-4.434542326235833e-19,4
0.2810000000000002,0.0004163330648364834,0.017457575658943503,-4.9457373456315094e-21,0.046747018474465635,0.9847921383301742,-2.3637740035515244e-19,0.1737367096588491,-4.44097770793793e-19,4
0.2815000000000002,0.00041677060663036086,0.017457986994089122,-5.132073218412589e-21,0.046746869321867855,0.9847921382424114,-2.3424603320751523e-19,0.17373671015631542,-4.438861319053919e-19,4
0.2820000000000002,0.00041720814765290517,0.017458398325107524,-5.317919326940944e-21,0.04674672016018587,0.9847921381561092,-2.3091275897091807e-19,0.1737367106455024,-4.446513037734525e-19,4
0.2825000000000002,0.0004176456879165349,0.017458809652074588,-5.504508062451426e-21,0.04674657098959184,0.9847921380712438,-2.30480865521589e-19,0.17373671112654557,-4.441882731619819e-19,4
0.2830000000000002,0.00041808322743347405,0.017459220975064797,-5.686766166285926e-21,0.04674642181025467,0.9847921379877915,-2.3026241270840144e-19,0.1737367115995783,-4.4389006639168585e-19,4
0.2835000000000002,0.00041852076621574967,0.017459632294151265,-5.867382943498284e-21,0.046746272622340074,0.9847921379057293,-2.3026940689370183e-19,0.17373671206473182,-4.428331066492845e-19,4
0.2840000000000002,0.00041895830427520793,0.017460043609405763,-6.047315970339568e-21,0.0467461234260106,0.9847921378250343,-2.2932685312317767e-19,0.1737367125221353,-4.423487063766883e-19,4
0.2845000000000002,0.00041939584162350654,0.017460454920898743,-6.226273667660285e-21,0.046745974221425735,0.9847921377456842,-2.2957327102127976e-19,0.17373671297191576,-4.419681341617802e-19,4
0.2850000000000002,0.000419833378272117,0.01746086622869936,-6.4061093484757836e-21,0.046745825008741936,0.9847921376676568,-2.317485243005536e-19,0.17373671341419822,-4.413762781384148e-19,4
0.2855000000000002,0.00042027091423233837,0.0174612775328755,-6.586935885253879e-21,0.04674567578811269,0.9847921375909305,-2.313603946779881e-19,0.17373671384910572,-4.411716977857361e-19,4
0.2860000000000002,0.0004207084495152821,0.0174616888334938,-6.774511131950933e-21,0.046745526559688576,0.984792137515484,-2.3636238706808183e-19,0.17373671427675927,-4.401023773023633e-19,4
0.2865000000000002,0.0004211459841318899,0.017462100130619673,-6.9611527972867e-21,0.04674537732361733,0.9847921374412962,-2.397852408746787e-19,0.17373671469727794,-4.390920414990687e-19,4
0.2870000000000002,0.00042158351809293683,0.017462511424317328,-7.148337774244085e-21,0.046745228080043874,0.9847921373683465,-2.427036923736406e-19,0.17373671511077896,-4.387489289396899e-19,4
0.2875000000000002,0.0004220210514090177,0.017462922714649793,-7.337513131217562e-21,0.04674507882911039,0.9847921372966145,-2.4368349136177777e-19,0.17373671551737757,-4.387405778992896e-19,4
0.2880000000000002,0.0004224585840905651,0.01746333400167894,-7.527860508072458e-21,0.046744929570956356,0.9847921372260803,-2.456339724376758e-19,0.17373671591718723,-4.3878895181495525e-19,4
0.2885000000000002,0.0004228961161478495,0.0174637452854655,-7.716369451490029e-21,0.046744780305718624,0.984792137156724,-2.460268034644736e-19,0.17373671631031953,-4.392862956688339e-19,4
0.2890000000000002,0.00042333364759097614,0.017464156566069096,-7.907961116899085e-21,0.046744631033531436,0.9847921370885263,-2.473205914116483e-19,0.17373671669688429,-4.392942585784132e-19,4
0.2895000000000002,0.0004237711784298942,0.017464567843548245,-8.100856832939126e-21,0.046744481754526494,0.9847921370214683,-2.503697736803144e-19,0.17373671707698954,-4.388786445104577e-19,4
0.2900000000000002,0.00042420870867439323,0.017464979117960393,-8.29368888523579e-21,0.046744332468833,0.984792136955531,-2.522222399479842e-19,0.17373671745074157,-4.385406343222983e-19,4
0.2905000000000002,0.00042464623833411035,0.017465390389361932,-8.48798177019805e-21,0.04674418317657771,0.9847921368906962,-2.5265913623325987e-19,0.17373671781824498,-4.386069485518379e-19,4
0.2910000000000002,0.0004250837674185283,0.017465801657808214,-8.682830897947393e-21,0.046744033877884984,0.9847921368269457,-2.52104681729263e-19,0.17373671817960265,-4.388774604245296e-19,4
0.2915000000000002,0.00042552129593697875,0.017466212923353572,-8.877876215394574e-21,0.046743884572876815,0.9847921367642615,-2.537622637898512e-19,0.17373671853491582,-4.389259927255367e-19,4
0.2920000000000002,0.00042595882389864743,0.017466624186051345,-9.071551301010966e-21,0.046743735261672886,0.984792136702626,-2.527348275166441e-19,0.1737367188842841,-4.398424679495875e-19,4
0.2925000000000002,0.00042639635131257414,0.017467035445953887,-9.26579396153023e-21,0.04674358594439062,0.984792136642022,-2.517591243409581e-19,0.17373671922780545,-4.400985568531608e-19,4
0.2930000000000002,0.00042683387818765676,0.017467446703112594,-9.46278226922254e-21,0.0467434366211452,0.9847921365824326,-2.504033660690295e-19,0.1737367195655763,-4.406834747817675e-19,4
0.2935000000000002,0.0004272714045326513,0.017467857957577913,-9.657319674315336e-21,0.04674328729204963,0.9847921365238409,-2.500254832008993e-19,0.17373671989769146,-4.410675057911191e-19,4
0.2940000000000002,0.00042770893035617356,0.017468269209399364,-9.853082171143438e-21,0.04674313795721478,0.9847921364662305,-2.513897942310057e-19,0.1737367202242443,-4.409500856309262e-19,4
0.2945000000000002,0.0004281464556667074,0.01746868045862556,-1.0044315125179451e-20,0.0467429886167494,0.9847921364095853,-2.5081705629458554e-19,0.17373672054532657,-4.411130039308596e-19,4
0.2950000000000002,0.000428583980472595,0.01746909170530422,-1.0236067787575124e-20,0.04674283927076021,0.9847921363538893,-2.5406122392330795e-19,0.1737367208610286,-4.400023628829727e-19,4
0.2955000000000002,0.0004290215047820497,0.01746950294948218,-1.0426910364986632e-20,0.046742689919351876,0.9847921362991268,-2.5637735136246886e-19,0.17373672117143923,-4.3912262548185185e-19,4
0.2960000000000002,0.0004294590286031575,0.017469914191205426,-1.0617843675717239e-20,0.0467425405626271,0.9847921362452823,-2.607891420985409e-19,0.1737367214766459,-4.372057458244566e-19,4
0.2965000000000002,0.0004298965519438677,0.017470325430519084,-1.0808104401297356e-20,0.04674239120068662,0.9847921361923407,-2.6537994694314427e-19,0.17373672177673458,-4.351484045804769e-19,4
0.2970000000000002,0.00043033407481201454,0.017470736667467464,-1.0998988881042013e-20,0.04674224183362928,0.9847921361402872,-2.6857891506006143e-19,0.17373672207178986,-4.336680621314071e-19,4
0.2975000000000002,0.00043077159721529554,0.01747114790209405,-1.1192560621458817e-20,0.046742092461552046,0.9847921360891069,-2.736723489343626e-19,0.173736722361895,-4.317704743234388e-19,4
0.2980000000000002,0.0004312091191612927,0.01747155913444154,-1.1385772643796253e-20,0.04674194308455004,0.9847921360387855,-2.7745397655339826e-19,0.17373672264713183,-4.296129929369081e-19,4
0.2985000000000002,0.0004316466406574652,0.01747197036455183,-1.1581925558745835e-20,0.04674179370271659,0.9847921359893087,-2.850402205790391e-19,0.1737367229275809,-4.2701931155988944e-19,4
0.2990000000000002,0.0004320841617111545,0.01747238159246606,-1.1780591250065332e-20,0.04674164431614325,0.9847921359406626,-2.9563683478877153e-19,0.1737367232033215,-4.2431491850747036e-19,4
0.2995000000000002,0.00043252168232958384,0.01747279281822461,-1.1981162378162289e-20,0.04674149492491984,0.9847921358928334,-3.046025385287502e-19,0.17373672347443153,-4.2264391601877737e-19,4
0.3000000000000002,0.00043295920251986314,0.017473204041867117,-1.2183139267978934e-20,0.04674134552913447,0.9847921358458077,-3.1490445589436345e-19,0.1737367237409877,-4.207045729049464e-19,4
0.3005000000000002,0.0004333967222889835,0.017473615263432482,-1.2387683995595412e-20,0.04674119612887359,0.984792135799572,-3.2424387248635836e-19,0.17373672400306542,-4.195478281552538e-19,4
0.3010000000000002,0.00043383424164383083,0.017474026482958902,-1.259290708091388e-20,0.04674104672422201,0.9847921357541134,-3.298497269226382e-19,0.1737367242607389,-4.187816348246358e-19,4
0.3015000000000002,0.00043427176059117746,0.017474437700483868,-1.2815574376030967e-20,0.04674089731526293,0.9847921357094188,-3.369846990811688e-19,0.17373672451408115,-4.171312912310227e-19,4
0.3020000000000002,0.00043470927913768793,0.01747484891604418,-1.3043724992522266e-20,0.046740747902077974,0.9847921356654757,-3.4335834719874672e-19,0.17373672476316396,-4.161311430027735e-19,4
0.3025000000000002,0.00043514679728992047,0.01747526012967596,-1.3272511084726451e-20,0.046740598484747216,0.9847921356222716,-3.511579081462669e-19,0.173736725008058,-4.14744398279302e-19,4
0.3030000000000002,0.0004355843150543303,0.017475671341414672,-1.3503265777699541e-20,0.04674044906334921,0.9847921355797943,-3.5548088927284336e-19,0.17373672524883274,-4.137010034928109e-19,4
0.3035000000000002,0.00043602183243726515,0.017476082551295125,-1.3737950830457865e-20,0.04674029963796104,0.9847921355380316,-3.5832834115846412e-19,0.17373672548555655,-4.1262488958945393e-19,4
0.3040000000000002,0.0004364593494449727,0.017476493759351484,-1.397627461783703e-20,0.0467401502086583,0.9847921354969716,-3.5971244993411032e-19,0.17373672571829665,-4.119539938062204e-19,4
0.3045000000000002,0.0004368968660836019,0.01747690496561729,-1.4219240409233512e-20,0.04674000077551517,0.9847921354566028,-3.5999709043457206e-19,0.17373672594711922,-4.114269378442557e-19,4
0.3050000000000002,0.0004373343823592017,0.017477316170125465,-1.4468205906757466e-20,0.04673985133860442,0.9847921354169137,-3.622836197534725e-19,0.1737367261720893,-4.103210776244734e-19,4
0.3055000000000002,0.0004377718982777249,0.01747772737290833,-1.4720737681331844e-20,0.04673970189799744,0.9847921353778929,-3.63382614817685e-19,0.1737367263932709,-4.104472914471172e-19,4
0.3060000000000002,0.00043820941384502667,0.017478138573997607,-1.4977559338417313e-20,0.046739552453764266,0.9847921353395294,-3.669197097583857e-19,0.17373672661072695,-4.1023502284334866e-19,4
0.3065000000000002,0.00043864692906687167,0.01747854977342444,-1.524036806911305e-20,0.04673940300597361,0.9847921353018122,-3.708409067953498e-19,0.1737367268245194,-4.101695076948049e-19,4
0.3070000000000002,0.00043908444394892874,0.01747896097121939,-1.550778168144141e-20,0.046739253554692876,0.9847921352647305,-3.745340357121234e-19,0.1737367270347092,-4.101768877931101e-19,4
0.3075000000000002,0.00043952195849677843,0.017479372167412473,-1.5777549862233898e-20,0.046739104099988195,0.9847921352282739,-3.778804509362196e-19,0.17373672724135622,-4.1019882029346555e-19,4
0.3080000000000002,0.00043995947271591016,0.01747978336203314,-1.6052335892560465e-20,0.04673895464192444,0.9847921351924319,-3.8064205839803793e-19,0.17373672744451943,-4.099120088649138e-19,4
0.3085000000000002,0.00044039698661172403,0.0174801945551103,-1.6330487747107443e-20,0.046738805180565265,0.9847921351571943,-3.8429332486830837e-19,0.1737367276442568,-4.088277670471515e-19,4
0.3090000000000002,0.0004408345001895349,0.01748060574667234,-1.6613307348665298e-20,0.046738655715973104,0.984792135122551,-3.884826987477705e-19,0.17373672784062533,-4.074012519306076e-19,4
0.3095000000000002,0.0004412720134545714,0.017481016936747116,-1.6900431940160796e-20,0.046738506248209216,0.9847921350884922,-3.914541951943613e-19,0.17373672803368115,-4.059436817507645e-19,4
0.3100000000000002,0.0004417095264119758,0.017481428125361978,-1.719398504388419e-20,0.0467383567773337,0.9847921350550081,-3.979543756315756e-19,0.1737367282234794,-4.043432530403567e-19,4
0.3105000000000002,0.0004421470390668094,0.017481839312543768,-1.7491542882597713e-20,0.046738207303405506,0.9847921350220891,-4.0308373937972566e-19,0.1737367284100744,-4.029652752138341e-19,4
0.3110000000000002,0.00044258455142405344,0.01748225049831884,-1.779660551538166e-20,0.04673805782648248,0.9847921349897257,-4.1048981926523016e-19,0.1737367285935195,-4.012421650893546e-19,4
0.3115000000000002,0.00044302206348860673,0.017482661682713056,-1.8105672259543738e-20,0.04673790834662136,0.9847921349579088,-4.1649767610457555e-19,0.17373672877386717,-4.0007842218254377e-19,4
0.3120000000000002,0.00044345957526529037,0.017483072865751813,-1.8422309745105404e-20,0.046737758863877814,0.9847921349266293,-4.241925802827759e-19,0.17373672895116912,-3.9820357097645364e-19,4
0.3125000000000002,0.0004438970867588482,0.017483484047460033,-1.8751839650103547e-20,0.046737609378306455,0.9847921348958781,-4.2984353358946938e-19,0.1737367291254761,-3.9690186534424303e-19,4
0.3130000000000002,0.00044433459797394196,0.01748389522786218,-1.9088254964283226e-20,0.046737459889960864,0.9847921348656465,-4.392021399911288e-19,0.17373672929683812,-3.9511937807660077e-19,4
0.3135000000000002,0.0004447721089151671,0.017484306406982272,-1.9430771237034696e-20,0.046737310398893596,0.9847921348359258,-4.49272363149688e-19,0.17373672946530427,-3.927236753825599e-19,4
0.3140000000000002,0.00044520961958703555,0.017484717584843882,-1.9778778761622413e-20,0.04673716090515622,0.9847921348067074,-4.590081273905668e-19,0.1737367296309229,-3.9036979653890413e-19,4
0.3145000000000002,0.00044564712999399297,0.017485128761470153,-2.0129522770559504e-20,0.04673701140879933,0.9847921347779829,-4.67754644797409e-19,0.17373672979374158,-3.879597998618442e-19,4
0.3150000000000002,0.00044608464014041053,0.0174855399368838,-2.048288049291838e-20,0.04673686190987255,0.9847921347497441,-4.752050374901233e-19,0.17373672995380704,-3.859995942772132e-19,4
0.3155000000000002,0.00044652215003058526,0.01748595111110712,-2.0842892576153618e-20,0.04673671240842457,0.984792134721983,-4.819429028065422e-19,0.17373673011116528,-3.8402031359252636e-19,4
0.3160000000000002,0.0004469596596687542,0.017486362284162,-2.1212730483282633e-20,0.046736562904503155,0.9847921346946915,-4.896283966748912e-19,0.1737367302658615,-3.8161498378314313e-19,4
0.3165000000000002,0.00044739716905907564,0.01748677345606993,-2.1585753208116872e-20,0.046736413398155166,0.9847921346678619,-4.929236771185923e-19,0.17373673041794024,-3.7973865085240216e-19,4
0.3170000000000002,0.00044783467820564657,0.017487184626851997,-2.1962069149320334e-20,0.04673626388942658,0.9847921346414862,-4.943865632464175e-19,0.17373673056744524,-3.784414187175762e-19,4
0.3175000000000002,0.0004482721871124938,0.017487595796528903,-2.2343465577591913e-20,0.046736114378362496,0.984792134615557,-4.943239752570133e-19,0.17373673071441953,-3.7752070990821765e-19,4
0.3180000000000002,0.0004487096957835814,0.017488006965120973,-2.2730214512992644e-20,0.04673596486500716,0.9847921345900669,-4.9614213887194005e-19,0.17373673085890545,-3.762241170978871e-19,4
0.3185000000000002,0.0004491472042228055,0.01748841813264815,-2.312081346166694e-20,0.046735815349403985,0.9847921345650084,-4.979889251172714e-19,0.17373673100094464,-3.7497550210968744e-19,4
0.31900000000000023,0.00044958471243400767,0.017488829299130024,-2.3519618266354953e-20,0.046735665831595545,0.9847921345403743,-5.009193469474427e-19,0.17373673114057803,-3.734340322340355e-19,4
0.31950000000000023,0.0004500222204209578,0.01748924046458581,-2.3923238426766576e-20,0.04673551631162363,0.9847921345161575,-5.025883939102516e-19,0.17373673127784586,-3.7166908349690305e-19,4
0.32000000000000023,0.0004504597281873663,0.01748965162903438,-2.4333632364315708e-20,0.04673536678952922,0.9847921344923511,-5.056166818709011e-19,0.17373673141278778,-3.6980958629068934e-19,4
0.32050000000000023,0.0004508972357368889,0.01749006279249425,-2.4748082622220268e-20,0.04673521726535253,0.9847921344689482,-5.050905769627827e-19,0.17373673154544272,-3.6842770619229206e-19,4
0.32100000000000023,0.0004513347430731147,0.01749047395498361,-2.5164159993240804e-20,0.046735067739133,0.9847921344459419,-4.980024575016302e-19,0.17373673167584902,-3.6819453228472095e-19,4
0.32150000000000023,0.0004517722501995756,0.017490885116520295,-2.5585466004811547e-20,0.046734918210909346,0.9847921344233258,-4.889891269992832e-19,0.1737367318040443,-3.6821487119860843e-19,4
0.32200000000000023,0.0004522097571197516,0.01749129627712183,-2.6010210591103926e-20,0.04673476868071952,0.9847921344010931,-4.788117340807269e-19,0.17373673193006567,-3.6832384523241978e-19,4
0.32250000000000023,0.0004526472638370616,0.01749170743680541,-2.6440615122523466e-20,0.046734619148600776,0.9847921343792376,-4.723565507839714e-19,0.17373673205394954,-3.6764124897569927e-19,4
0.32300000000000023,0.00045308477035487156,0.017492118595587917,-2.687667701407226e-20,0.04673446961458965,0.9847921343577528,-4.685321352765618e-19,0.1737367321757318,-3.666616158551656e-19,4
0.32350000000000023,0.0004535222766764896,0.01749252975348592,-2.731775003857e-20,0.046734320078722,0.9847921343366326,-4.647739390808355e-19,0.17373673229544764,-3.6533107142431004e-19,4
0.32400000000000023,0.0004539597828051663,0.01749294091051568,-2.776328661422329e-20,0.04673417054103299,0.9847921343158708,-4.597752332021381e-19,0.17373673241313176,-3.644679795741798e-19,4
0.32450000000000023,0.0004543972887441089,0.017493352066693165,-2.820769532137574e-20,0.04673402100155712,0.9847921342954614,-4.573693424058596e-19,0.17373673252881822,-3.634243796072537e-19,4
0.32500000000000023,0.000454834794496467,0.01749376322203405,-2.865416187588536e-20,0.04673387146032825,0.9847921342753986,-4.55399661259824e-19,0.17373673264254058,-3.6217068349241933e-19,4
0.32550000000000023,0.000455272300065338,0.017494174376553717,-2.910101580146595e-20,0.04673372191737958,0.9847921342556764,-4.512409181982474e-19,0.1737367327543318,-3.608252684809516e-19,4
0.32600000000000023,0.0004557098054537681,0.017494585530267264,-2.954482101541088e-20,0.04673357237274369,0.9847921342362892,-4.440504784100653e-19,0.1737367328642243,-3.598540600312931e-19,4
0.32650000000000023,0.0004561473106647601,0.01749499668318952,-2.998919162734236e-20,0.04673342282645254,0.9847921342172313,-4.347847058931439e-19,0.17373673297225,-3.5941804678109283e-19,4
0.32700000000000023,0.0004565848157012596,0.017495407835335035,-3.0437615739835693e-20,0.04673327327853749,0.9847921341984973,-4.2883111405917486e-19,0.17373673307844026,-3.58290230915675e-19,4
0.32750000000000024,0.00045702232056616824,0.01749581898671809,-3.0886257894473405e-20,0.0467331237290293,0.9847921341800816,-4.2426199348688746e-19,0.17373673318282587,-3.565559573097783e-19,4
0.32800000000000024,0.00045745982526234263,0.017496230137352707,-3.133435089774241e-20,0.04673297417795814,0.984792134161979,-4.2091759897323086e-19,0.1737367332854372,-3.550360890661034e-19,4
0.32850000000000024,0.00045789732979258606,0.01749664128725265,-3.1780826508189073e-20,0.04673282462535362,0.9847921341441841,-4.176774483150419e-19,0.1737367333863041,-3.5374806466623225e-19,4
0.32900000000000024,0.00045833483415965944,0.017497052436431425,-3.22269646127876e-20,0.046732675071244796,0.9847921341266918,-4.133469775603863e-19,0.17373673348545587,-3.523120807853346e-19,4
0.32950000000000024,0.00045877233836628213,0.017497463584902298,-3.2672123809231547e-20,0.04673252551566015,0.984792134109497,-4.112054469933841e-19,0.17373673358292138,-3.505008002507807e-19,4
0.33000000000000024,0.0004592098424151222,0.017497874732678286,-3.3112904736873216e-20,0.04673237595862765,0.9847921340925946,-4.0782294690744534e-19,0.173736733678729,-3.4898459345681394e-19,4
0.33050000000000024,0.00045964734630881034,0.017498285879772167,-3.3551385392387455e-20,0.04673222640017471,0.9847921340759798,-4.056018442550122e-19,0.1737367337729066,-3.4729908281584415e-19,4
0.33100000000000024,0.00046008485004992887,0.017498697026196483,-3.3987706702936757e-20,0.046732076840328235,0.9847921340596477,-4.001449376091357e-19,0.17373673386548164,-3.460333914277703e-19,4
0.33150000000000024,0.0004605223536410212,0.01749910817196355,-3.442221859966787e-20,0.046731927279114634,0.9847921340435937,-3.9494973205761206e-19,0.1737367339564811,-3.4503657453716096e-19,4
0.33200000000000024,0.0004609598570845883,0.017499519317085453,-3.485594778428549e-20,0.04673177771655979,0.9847921340278128,-3.8845845640795326e-19,0.17373673404593148,-3.448412714142388e-19,4
0.33250000000000024,0.0004613973603830883,0.017499930461574054,-3.5290414308237336e-20,0.046731628152689116,0.9847921340123007,-3.8035254876207984e-19,0.1737367341338589,-3.4512112555412793e-19,4
0.33300000000000024,0.000461834863538941,0.017500341605441,-3.572309821291148e-20,0.04673147858752753,0.9847921339970527,-3.7363563490516346e-19,0.173736734220289,-3.448143723533987e-19,4
0.33350000000000024,0.0004622723665545232,0.01750075274869772,-3.615062113708536e-20,0.046731329021099485,0.9847921339820644,-3.6459817815262746e-19,0.17373673430524705,-3.45137759712474e-19,4
0.33400000000000024,0.00046270986943217974,0.01750116389135544,-3.6577312984898046e-20,0.04673117945342897,0.9847921339673315,-3.5652288479575072e-19,0.1737367343887578,-3.4525075682046497e-19,4
0.33450000000000024,0.0004631473721742142,0.017501575033425178,-3.7000912656507916e-20,0.04673102988453952,0.9847921339528495,-3.500740145164073e-19,0.1737367344708457,-3.4561084206318944e-19,4
0.33500000000000024,0.00046358487478288714,0.01750198617491774,-3.741775852062663e-20,0.046730880314454215,0.9847921339386143,-3.4235637558035253e-19,0.1737367345515347,-3.461781290475376e-19,4
0.33550000000000024,0.00046402237726042307,0.017502397315843743,-3.7829701498936813e-20,0.04673073074319572,0.9847921339246218,-3.363847205576386e-19,0.17373673463084843,-3.472472071714304e-19,4
0.33600000000000024,0.00046445987960901553,0.017502808456213603,-3.8236346854660476e-20,0.04673058117078624,0.9847921339108678,-3.2973749332497637e-19,0.17373673470881007,-3.486728446856483e-19,4
0.33650000000000024,0.00046489738183081895,0.01750321959603755,-3.8635584234529304e-20,0.04673043159724758,0.9847921338973484,-3.2113431805839543e-19,0.17373673478544244,-3.50708368291093e-19,4
0.33700000000000024,0.00046533488392795164,0.017503630735325622,-3.903502651921803e-20,0.046730282022601134,0.9847921338840595,-3.1444995164958165e-19,0.17373673486076796,-3.5329141559376746e-19,4
0.33750000000000024,0.00046577238590249847,0.017504041874087675,-3.9429992903307924e-20,0.04673013244686788,0.9847921338709973,-3.073835143659658e-19,0.1737367349348087,-3.559352016509812e-19,4
0.33800000000000024,0.0004662098877565074,0.01750445301233338,-3.9819741724543113e-20,0.046729982870068396,0.9847921338581579,-2.9950844869194733e-19,0.17373673500758635,-3.5881077606925375e-19,4
0.33850000000000025,0.00046664738949199534,0.017504864150072234,-4.020222817329358e-20,0.04672983329222288,0.9847921338455375,-2.9455133559345796e-19,0.17373673507912224,-3.613315870956152e-19,4
0.33900000000000025,0.0004670848911109472,0.01750527528731356,-4.058054490018895e-20,0.04672968371335115,0.9847921338331326,-2.885588533070721e-19,0.17373673514943735,-3.63756109068778e-19,4
0.33950000000000025,0.0004675223926153092,0.0175056864240665,-4.095596186775708e-20,0.04672953413347263,0.9847921338209393,-2.865424304986849e-19,0.17373673521855232,-3.6563472599592546e-19,4
0.34000000000000025,0.00046795989400700037,0.01750609756034004,-4.132648883780001e-20,0.0467293845526064,0.9847921338089543,-2.8895890640568047e-19,0.1737367352864874,-3.669017186237879e-19,4
0.34050000000000025,0.00046839739528791016,0.017506508696142998,-4.1692153655442786e-20,0.04672923497077115,0.9847921337971738,-2.9023954766127066e-19,0.17373673535326253,-3.685543007175628e-19,4
0.34100000000000025,0.0004688348964598888,0.017506919831484023,-4.206463674233406e-20,0.04672908538798525,0.9847921337855945,-2.913805696546981e-19,0.17373673541889734,-3.704252956031093e-19,4
0.34150000000000025,0.00046927239752476773,0.017507330966371616,-4.24301428163297e-20,0.046728935804266694,0.984792133774213,-2.919211306844323e-19,0.1737367354834111,-3.7234960671507823e-19,4
0.34200000000000025,0.0004697098984843357,0.01750774210081411,-4.2794651461186126e-20,0.046728786219633146,0.984792133763026,-2.933615603296969e-19,0.17373673554682278,-3.7392498487634787e-19,4
0.34250000000000025,0.0004701473993403609,0.017508153234819693,-4.315365262828927e-20,0.046728636634101935,0.98479213375203,-2.923708615583811e-19,0.173736735609151,-3.7618272992288706e-19,4
0.34300000000000025,0.0004705849000945737,0.017508564368396397,-4.3508563954969893e-20,0.046728487047690066,0.984792133741222,-2.925400626391136e-19,0.17373673567041414,-3.7842311106564525e-19,4
0.34350000000000025,0.00047102240074868514,0.017508975501552112,-4.385614342010677e-20,0.046728337460414215,0.9847921337305987,-2.900079386624207e-19,0.17373673573063017,-3.8083216142266835e-19,4
0.34400000000000025,0.0004714599013043759,0.01750938663429458,-4.419763181213006e-20,0.046728187872290744,0.9847921337201571,-2.8611775148006957e-19,0.17373673578981685,-3.8345487716145736e-19,4
0.34450000000000025,0.00047189740176329314,0.017509797766631398,-4.4532475857739064e-20,0.0467280382833357,0.9847921337098939,-2.8021566845217614e-19,0.1737367358479916,-3.8653930641432724e-19,4
0.34500000000000025,0.00047233490212706243,0.017510208898570027,-4.4864613636588956e-20,0.04672788869356484,0.9847921336998062,-2.748043407220125e-19,0.17373673590517152,-3.8894360646624713e-19,4
0.34550000000000025,0.0004727724023972808,0.01751062003011779,-4.5191053047799693e-20,0.04672773910299361,0.984792133689891,-2.6885499243911353e-19,0.1737367359613735,-3.911342317285339e-19,4
0.34600000000000025,0.00047320990257551947,0.017511031161281877,-4.5512936004928116e-20,0.04672758951163716,0.9847921336801455,-2.6445002874616334e-19,0.1737367360166141,-3.931343713935898e-19,4
0.34650000000000025,0.0004736474026633214,0.01751144229206934,-4.583244428632959e-20,0.04672743991951037,0.9847921336705667,-2.6113386942202957e-19,0.17373673607090961,-3.946689401435437e-19,4
0.34700000000000025,0.00047408490266220545,0.017511853422487105,-4.614985805032513e-20,0.04672729032662783,0.9847921336611518,-2.614494131020376e-19,0.17373673612427604,-3.9538458682249816e-19,4
0.34750000000000025,0.00047452240257366565,0.017512264552541974,-4.646433108048912e-20,0.04672714073300384,0.9847921336518981,-2.6377013975576846e-19,0.17373673617672913,-3.9578783445142804e-19,4
0.34800000000000025,0.00047495990239917356,0.01751267568224062,-4.677240659539423e-20,0.046726991138652446,0.9847921336428027,-2.650039817702836e-19,0.17373673622828437,-3.964261895783219e-19,4
0.34850000000000025,0.00047539740214016797,0.01751308681158959,-4.7078223927593727e-20,0.04672684154358743,0.9847921336338631,-2.6469901489757467e-19,0.173736736278957,-3.972134255654126e-19,4
0.34900000000000025,0.00047583490179807264,0.01751349794059532,-4.737941756116763e-20,0.0467266919478223,0.9847921336250766,-2.664606622789082e-19,0.17373673632876196,-3.983453975398667e-19,4
0.34950000000000025,0.0004762724013742882,0.01751390906926412,-4.768071832916143e-20,0.04672654235137031,0.9847921336164405,-2.6879601072574927e-19,0.173736736377714,-3.9914863275914684e-19,4
0.35000000000000026,0.00047670990087018435,0.017514320197602185,-4.7978091427560975e-20,0.04672639275424447,0.9847921336079523,-2.674033892573506e-19,0.17373673642582757,-4.005020129258473e-19,4
0.35050000000000026,0.000477147400287115,0.0175147313256156,-4.827124158312438e-20,0.04672624315645754,0.9847921335996095,-2.636524030818398e-19,0.1737367364731169,-4.016683730012375e-19,4
0.35100000000000026,0.0004775848996264066,0.01751514245331033,-4.856179619663286e-20,0.04672609355802204,0.9847921335914097,-2.58242332056762e-19,0.173736736519596,-4.031384882879147e-19,4
0.35150000000000026,0.00047802239888936814,0.017515553580692244,-4.8850682072895255e-20,0.04672594395895025,0.9847921335833504,-2.5604114620352e-19,0.17373673656527863,-4.044781766083993e-19,4
0.35200000000000026,0.0004784598980772819,0.017515964707767086,-4.9135907708857924e-20,0.04672579435925422,0.9847921335754292,-2.541023684730219e-19,0.17373673661017827,-4.055127092900296e-19,4
0.35250000000000026,0.0004788973971914147,0.01751637583454051,-4.941443486292487e-20,0.046725644758945764,0.9847921335676437,-2.508746498984205e-19,0.17373673665430825,-4.074780627024519e-19,4
0.35300000000000026,0.00047933489623300745,0.017516786961018056,-4.969210080492386e-20,0.046725495158036486,0.9847921335599918,-2.519862986254438e-19,0.17373673669768164,-4.090130318684041e-19,4
0.35350000000000026,0.00047977239520328,0.017517198087205164,-4.996771105693948e-20,0.04672534555653776,0.9847921335524711,-2.5310305363650603e-19,0.17373673674031131,-4.1089644271744636e-19,4
0.35400000000000026,0.000480209894103437,0.017517609213107178,-5.024251630856421e-20,0.04672519595446075,0.9847921335450793,-2.5479776323177675e-19,0.17373673678220988,-4.1268688411711694e-19,4
0.35450000000000026,0.0004806473929346596,0.01751802033872934,-5.0512408028949894e-20,0.0467250463518164,0.9847921335378144,-2.555506881416111e-19,0.17373673682338978,-4.145888672265085e-19,4
0.35500000000000026,0.0004810848916981099,0.017518431464076795,-5.077634565656163e-20,0.04672489674861546,0.9847921335306741,-2.5725792765488985e-19,0.17373673686386323,-4.158871467950958e-19,4
0.35550000000000026,0.0004815223903949287,0.017518842589154596,-5.103843076737525e-20,0.04672474714486847,0.9847921335236562,-2.58608623089928e-19,0.17373673690364225,-4.1704152704610575e-19,4
0.35600000000000026,0.00048195988902624223,0.017519253713967703,-5.129845275784536e-20,0.046724597540585756,0.9847921335167589,-2.6043179873536183e-19,0.1737367369427386,-4.1781716137177674e-19,4
0.35650000000000026,0.0004823973875931548,0.017519664838520983,-5.1554074143075794e-20,0.04672444793577747,0.9847921335099799,-2.615102094563761e-19,0.17373673698116396,-4.188966407795128e-19,4
0.35700000000000026,0.00048283488609675567,0.017520075962819216,-5.180816591414096e-20,0.046724298330453565,0.9847921335033172,-2.638365082467186e-19,0.17373673701892972,-4.200262901307879e-19,4
0.35750000000000026,0.0004832723845381104,0.01752048708686709,-5.20614549975246e-20,0.0467241487246238,0.984792133496769,-2.646144660773991e-19,0.17373673705604709,-4.214647006353198e-19,4
0.35800000000000026,0.00048370988291826766,0.01752089821066921,-5.23135233082137e-20,0.046723999118297756,0.9847921334903332,-2.642816644431648e-19,0.1737367370925271,-4.2250517701456406e-19,4
0.35850000000000026,0.0004841473812382647,0.017521309334230097,-5.256390332510836e-20,0.046723849511484825,0.984792133484008,-2.6338764613424117e-19,0.17373673712838061,-4.2389153816486846e-19,4
0.35900000000000026,0.00048458487949911474,0.017521720457554187,-5.280913581084344e-20,0.046723699904194234,0.9847921334777914,-2.6141276813605497e-19,0.17373673716361832,-4.2553665442593527e-19,4
0.35950000000000026,0.0004850223777018195,0.017522131580645833,-5.3051157138115004e-20,0.04672355029643502,0.9847921334716816,-2.602404379151504e-19,0.17373673719825067,-4.2715947176873676e-19,4
0.36000000000000026,0.00048545987584736023,0.017522542703509312,-5.3290678936226266e-20,0.04672340068821605,0.9847921334656767,-2.566732519412445e-19,0.173736737232288,-4.291203576442643e-19,4
0.36050000000000026,0.0004858973739367,0.017522953826148817,-5.352862917478131e-20,0.046723251079546044,0.9847921334597751,-2.5646519467502566e-19,0.17373673726574043,-4.2999839078242644e-19,4
0.36100000000000027,0.00048633487197079293,0.01752336494856847,-5.3765021691154825e-20,0.04672310147043353,0.9847921334539749,-2.576909643788878e-19,0.1737367372986179,-4.304859045281612e-19,4
0.36150000000000027,0.0004867723699505703,0.017523776070772313,-5.3999429263345425e-20,0.04672295186088689,0.9847921334482743,-2.584735519839682e-19,0.17373673733093026,-4.3100243389275235e-19,4
0.36200000000000027,0.00048720986787695173,0.017524187192764315,-5.423792029791794e-20,0.04672280225091434,0.9847921334426718,-2.620925040297065e-19,0.1737367373626871,-4.309085561116977e-19,4
0.36250000000000027,0.00048764736575083534,0.01752459831454837,-5.447629539201815e-20,0.04672265264052395,0.9847921334371657,-2.6731755146506093e-19,0.17373673739389792,-4.302299243478165e-19,4
0.36300000000000027,0.00048808486357311705,0.017525009436128305,-5.471129988934343e-20,0.046722503029723625,0.9847921334317541,-2.697964853051601e-19,0.17373673742457202,-4.304599799130472e-19,4
0.36350000000000027,0.0004885223613446657,0.017525420557507873,-5.49578567890788e-20,0.04672235341852113,0.9847921334264357,-2.7143249523110147e-19,0.17373673745471854,-4.316092750093929e-19,4
0.36400000000000027,0.00048895985906634,0.01752583167869076,-5.520395500893332e-20,0.04672220380692407,0.9847921334212087,-2.727988929743114e-19,0.17373673748434648,-4.3262983826056635e-19,4
0.36450000000000027,0.0004893973567389845,0.01752624279968058,-5.544662422715137e-20,0.04672205419493993,0.9847921334160717,-2.7320019222242965e-19,0.1737367375134647,-4.338600901712296e-19,4
0.36500000000000027,0.0004898348543634307,0.017526653920480886,-5.568810689184007e-20,0.046721904582576024,0.9847921334110231,-2.722985995863901e-19,0.17373673754208188,-4.351464288195057e-19,4
0.36550000000000027,0.0004902723519404938,0.017527065041095163,-5.592989419267731e-20,0.046721754969839546,0.9847921334060613,-2.6963428995908984e-19,0.1737367375702066,-4.364530787609171e-19,4
0.36600000000000027,0.000490709849470975,0.017527476161526834,-5.617372749093562e-20,0.046721605356737556,0.984792133401185,-2.681660508116349e-19,0.17373673759784725,-4.3756387180683685e-19,4
0.36650000000000027,0.0004911473469556664,0.017527887281779255,-5.641490728062273e-20,0.04672145574327696,0.9847921333963926,-2.643034865854275e-19,0.17373673762501207,-4.396045782899475e-19,4
0.36700000000000027,0.0004915848443953417,0.017528298401855723,-5.665390255659862e-20,0.04672130612946456,0.9847921333916827,-2.5981644651010273e-19,0.17373673765170922,-4.419719387980207e-19,4
0.36750000000000027,0.0004920223417907612,0.017528709521759472,-5.689117350666909e-20,0.04672115651530701,0.9847921333870538,-2.57549388995753e-19,0.17373673767794665,-4.436088418115899e-19,4
0.36800000000000027,0.0004924598391426758,0.01752912064149368,-5.712488191738884e-20,0.04672100690081085,0.9847921333825047,-2.5537864014900204e-19,0.17373673770373224,-4.452858264936028e-19,4
0.36850000000000027,0.0004928973364518256,0.017529531761061465,-5.735730059977957e-20,0.046720857285982485,0.984792133378034,-2.5202830006286046e-19,0.1737367377290737,-4.467628441230996e-19,4
0.36900000000000027,0.0004933348337189362,0.017529942880465887,-5.758412586314631e-20,0.0467207076708282,0.9847921333736402,-2.4801573779134843e-19,0.1737367377539786,-4.477631199780431e-19,4
0.3695000000000003,0.000493772330944722,0.017530353999709956,-5.780961080894004e-20,0.04672055805535417,0.9847921333693223,-2.4519691147887517e-19,0.17373673777845444,-4.48852525655553e-19,4
0.3700000000000003,0.0004942098281298813,0.017530765118796615,-5.803472508192898e-20,0.046720408439566444,0.9847921333650786,-2.431943873297388e-19,0.17373673780250853,-4.489827832707782e-19,4
0.3705000000000003,0.0004946473252751019,0.01753117623772876,-5.825737547602851e-20,0.046720258823470966,0.9847921333609082,-2.3940149958247273e-19,0.17373673782614807,-4.493484440396889e-19,4
0.3710000000000003,0.0004950848223810657,0.017531587356509233,-5.847819527588579e-20,0.046720109207073555,0.9847921333568096,-2.387887758746105e-19,0.17373673784938015,-4.495430274878309e-19,4
0.3715000000000003,0.0004955223194484353,0.017531998475140823,-5.869702082443423e-20,0.04671995959037993,0.9847921333527816,-2.3806227240592336e-19,0.17373673787221175,-4.502761549946788e-19,4
0.3720000000000003,0.0004959598164778662,0.01753240959362627,-5.891473807855918e-20,0.046719809973395705,0.9847921333488231,-2.3831130505438616e-19,0.17373673789464972,-4.511483503440048e-19,4
0.3725000000000003,0.0004963973134700047,0.017532820711968256,-5.912999737950319e-20,0.04671966035612637,0.9847921333449329,-2.346377602053181e-19,0.17373673791670077,-4.518403808495479e-19,4
0.3730000000000003,0.000496834810425483,0.017533231830169426,-5.934446354434223e-20,0.04671951073857732,0.9847921333411097,-2.308852401380858e-19,0.17373673793837155,-4.52570430498296e-19,4
0.3735000000000003,0.0004972723073449258,0.01753364294823237,-5.955403622569384e-20,0.046719361120753866,0.9847921333373525,-2.2603766845222047e-19,0.17373673795966857,-4.534627739963506e-19,4
0.3740000000000003,0.0004977098042289442,0.017534054066159627,-5.976256585566891e-20,0.04671921150266119,0.9847921333336601,-2.2357724129450564e-19,0.1737367379805982,-4.535931873838696e-19,4
0.3745000000000003,0.0004981473010781381,0.01753446518395369,-5.996806618361463e-20,0.046719061884304386,0.9847921333300315,-2.203525342003731e-19,0.17373673800116674,-4.537983597765997e-19,4
0.3750000000000003,0.0004985847978931005,0.017534876301617014,-6.017024584764496e-20,0.04671891226568846,0.9847921333264654,-2.1648582245881446e-19,0.17373673802138037,-4.543995936869957e-19,4
0.3755000000000003,0.000499022294674416,0.017535287419152,-6.037039459081937e-20,0.04671876264681831,0.9847921333229609,-2.117668254630586e-19,0.17373673804124518,-4.551707248818607e-19,4
0.3760000000000003,0.0004994597914226512,0.01753569853656101,-6.056772112043427e-20,0.04671861302769876,0.9847921333195169,-2.0815509459703012e-19,0.17373673806076712,-4.558633252412493e-19,4
0.3765000000000003,0.0004998972881383735,0.01753610965384636,-6.075935991710036e-20,0.04671846340833452,0.9847921333161322,-2.0202770460818732e-19,0.17373673807995207,-4.574345217328458e-19,4
0.3770000000000003,0.0005003347848221355,0.017536520771010325,-6.094767953600289e-20,0.046718313788730224,0.9847921333128061,-1.9283138956440594e-19,0.1737367380988058,-4.598770979371477e-19,4
0.3775000000000003,0.0005007722814744765,0.017536931888055135,-6.11337759260323e-20,0.04671816416889042,0.9847921333095374,-1.820711048673867e-19,0.173736738117334,-4.625316647212872e-19,4
0.3780000000000003,0.0005012097780959389,0.017537343004982987,-6.131694021105345e-20,0.04671801454881956,0.9847921333063251,-1.7235498210841748e-19,0.17373673813554225,-4.65557589146278e-19,4
0.3785000000000003,0.0005016472746870434,0.017537754121796027,-6.149839496444039e-20,0.04671786492852202,0.9847921333031683,-1.6440128699795939e-19,0.17373673815343602,-4.684590115366214e-19,4
0.3790000000000003,0.0005020847712483055,0.017538165238496366,-6.167256258108421e-20,0.04671771530800209,0.984792133300066,-1.5503038707059711e-19,0.1737367381710207,-4.720122455207213e-19,4
0.3795000000000003,0.0005025222677802343,0.01753857635508608,-6.1841079548937e-20,0.04671756568726398,0.9847921332970173,-1.454767336594463e-19,0.17373673818830157,-4.750428983575836e-19,4
0.3800000000000003,0.0005029597642833314,0.0175389874715672,-6.20061218195507e-20,0.046717416066311815,0.9847921332940213,-1.3628379578183428e-19,0.17373673820528387,-4.781460047187441e-19,4
0.3805000000000003,0.0005033972607580855,0.017539398587941728,-6.216357366505024e-20,0.046717266445149654,0.9847921332910771,-1.2933362370797794e-19,0.17373673822197272,-4.801198609431335e-19,4
0.3810000000000003,0.0005038347572049787,0.01753980970421162,-6.231651086643034e-20,0.04671711682378147,0.9847921332881837,-1.2412877209992837e-19,0.17373673823837316,-4.821845400218287e-19,4
0.3815000000000003,0.0005042722536244891,0.017540220820378802,-6.246292373269373e-20,0.046716967202211156,0.9847921332853403,-1.183162464032828e-19,0.1737367382544901,-4.837301297590356e-19,4
0.3820000000000003,0.0005047097500170801,0.017540631936445162,-6.260620576106852e-20,0.04671681758044254,0.9847921332825461,-1.143347200257425e-19,0.17373673827032843,-4.852379299740078e-19,4
0.3825000000000003,0.0005051472463832121,0.017541043052412556,-6.27449674861513e-20,0.04671666795847938,0.9847921332798002,-1.0603848183071778e-19,0.17373673828589292,-4.882374070795574e-19,4
0.3830000000000003,0.0005055847427233389,0.017541454168282806,-6.28807800542495e-20,0.046716518336325355,0.9847921332771018,-9.574835414903283e-20,0.1737367383011883,-4.9146189796028465e-19,4
0.3835000000000003,0.0005060222390378998,0.017541865284057694,-6.301368669878808e-20,0.046716368713984074,0.98479213327445,-8.683405582922085e-20,0.17373673831621916,-4.950543756810057e-19,4
0.3840000000000003,0.0005064597353273317,0.017542276399738977,-6.314204178274127e-20,0.04671621909145909,0.9847921332718441,-7.79076750589605e-20,0.17373673833099004,-4.986841694315821e-19,4
0.3845000000000003,0.0005068972315920627,0.017542687515328375,-6.32664528131783e-20,0.04671606946875387,0.9847921332692833,-6.902540289790456e-20,0.17373673834550543,-5.023344470444154e-19,4
0.3850000000000003,0.0005073347278325151,0.017543098630827578,-6.338446310915675e-20,0.046715919845871826,0.9847921332667667,-6.144046195175979e-20,0.1737367383597697,-5.056715305811548e-19,4
0.3855000000000003,0.0005077722240491012,0.017543509746238244,-6.349257326260969e-20,0.04671577022281631,0.9847921332642938,-5.35691548085515e-20,0.17373673837378714,-5.091980219861895e-19,4
0.3860000000000003,0.0005082097202422308,0.017543920861562003,-6.359317262447163e-20,0.046715620599590606,0.9847921332618637,-4.4808702314484794e-20,0.17373673838756204,-5.125874167698095e-19,4
0.3865000000000003,0.0005086472164123021,0.017544331976800453,-6.369045618936816e-20,0.04671547097619793,0.9847921332594756,-3.772299057430825e-20,0.17373673840109852,-5.158809851460387e-19,4
0.3870000000000003,0.0005090847125597125,0.017544743091955164,-6.377533059312319e-20,0.04671532135264144,0.9847921332571288,-2.759326071715391e-20,0.1737367384144007,-5.197706783872568e-19,4
0.3875000000000003,0.0005095222086848453,0.017545154207027673,-6.384782350747947e-20,0.04671517172892424,0.9847921332548226,-1.3342754254464805e-20,0.17373673842747261,-5.242002594153575e-19,4
0.3880000000000003,0.0005099597047880859,0.017545565322019497,-6.390821792100022e-20,0.04671502210504937,0.9847921332525564,1.0650426489943398e-21,0.1737367384403182,-5.283393533480858e-19,4
0.3885000000000003,0.0005103972008697999,0.017545976436932113,-6.395554685328458e-20,0.04671487248101981,0.9847921332503294,1.8878247636987197e-20,0.17373673845294135,-5.324152568599393e-19,4
0.3890000000000003,0.000510834696930361,0.017546387551766983,-6.399481674286769e-20,0.046714722856838496,0.9847921332481411,3.6879807217753675e-20,0.1737367384653459,-5.369789190353059e-19,4
0.3895000000000003,0.0005112721929701298,0.017546798666525535,-6.402406183822669e-20,0.04671457323250829,0.9847921332459906,5.542973099990869e-20,0.17373673847753562,-5.410953219757891e-19,4
0.3900000000000003,0.0005117096889894608,0.017547209781209175,-6.404780414849877e-20,0.046714423608032025,0.9847921332438773,7.311028213686268e-20,0.17373673848951418,-5.445572906392275e-19,4
0.3905000000000003,0.0005121471849887029,0.017547620895819276,-6.406482662009905e-20,0.04671427398341245,0.9847921332418006,8.837393614206666e-20,0.17373673850128524,-5.47399000652095e-19,4
0.3910000000000003,0.0005125846809682004,0.017548032010357196,-6.40694534661395e-20,0.046714124358652284,0.9847921332397599,1.0235927305110937e-19,0.17373673851285235,-5.497057670698534e-19,4
0.3915000000000003,0.0005130221769282925,0.01754844312482426,-6.406461593537374e-20,0.04671397473375418,0.9847921332377546,1.1350986375287364e-19,0.17373673852421903,-5.511651214136502e-19,4
0.3920000000000003,0.0005134596728693097,0.01754885423922177,-6.404839835668891e-20,0.046713825108720755,0.9847921332357841,1.2451604152227e-19,0.1737367385353887,-5.522231749989163e-19,4
0.3925000000000003,0.0005138971687915766,0.017549265353551006,-6.40212235209669e-20,0.04671367548355457,0.9847921332338476,1.3783712303728258e-19,0.1737367385463648,-5.533194537146548e-19,4
0.3930000000000003,0.000514334664695414,0.017549676467813222,-6.397970301195099e-20,0.04671352585825813,0.9847921332319448,1.5232641409633842e-19,0.1737367385571506,-5.542044860363303e-19,4
0.3935000000000003,0.0005147721605811377,0.017550087582009655,-6.392496120864953e-20,0.04671337623283391,0.984792133230075,1.6796964864798276e-19,0.17373673856774943,-5.549777909296909e-19,4
0.3940000000000003,0.0005152096564490589,0.01755049869614151,-6.385738521393297e-20,0.046713226607284324,0.9847921332282376,1.8372224101330035e-19,0.1737367385781645,-5.562534744517553e-19,4
0.3945000000000003,0.0005156471522994816,0.01755090981020998,-6.37762406760763e-20,0.04671307698161174,0.984792133226432,1.9981285238997603e-19,0.17373673858839894,-5.573719220671181e-19,4
0.3950000000000003,0.0005160846481327062,0.017551320924216227,-6.368315596558028e-20,0.046712927355818494,0.9847921332246578,2.1361331834694465e-19,0.1737367385984559,-5.582792897656623e-19,4
0.3955000000000003,0.0005165221439490248,0.017551732038161395,-6.357961618163454e-20,0.04671277772990686,0.9847921332229143,2.2743767618560785e-19,0.17373673860833844,-5.593086975662335e-19,4
0.3960000000000003,0.0005169596397487269,0.017552143152046607,-6.346205705316044e-20,0.046712628103879085,0.9847921332212011,2.434332129869531e-19,0.17373673861804953,-5.602447586176968e-19,4
0.3965000000000003,0.0005173971355321003,0.01755255426587297,-6.333147524608414e-20,0.046712478477737365,0.9847921332195175,2.5773339842127037e-19,0.17373673862759215,-5.606379787883295e-19,4
0.3970000000000003,0.0005178346312994231,0.017552965379641565,-6.318838936633355e-20,0.04671232885148385,0.9847921332178632,2.749680799931088e-19,0.1737367386369692,-5.615284621604865e-19,4
0.3975000000000003,0.0005182721270509691,0.01755337649335345,-6.303205176502257e-20,0.046712179225120665,0.9847921332162376,2.890389434744074e-19,0.17373673864618353,-5.616067566492272e-19,4
0.3980000000000003,0.0005187096227870101,0.017553787607009673,-6.286179961838942e-20,0.046712029598649875,0.9847921332146402,3.02157219363438e-19,0.17373673865523795,-5.616635384895704e-19,4
0.3985000000000003,0.0005191471185078102,0.017554198720611255,-6.267815308169127e-20,0.046711879972073524,0.9847921332130706,3.1545317496670934e-19,0.1737367386641352,-5.621557170859292e-19,4
0.3990000000000003,0.0005195846142136314,0.017554609834159202,-6.248262090784683e-20,0.04671173034539361,0.9847921332115281,3.2726047271020638e-19,0.173736738672878,-5.625805805402197e-19,4
0.3995000000000003,0.0005200221099047324,0.0175550209476545,-6.227071197740908e-20,0.04671158071861208,0.9847921332100125,3.398477734915426e-19,0.17373673868146902,-5.630426477364939e-19,4
0.4000000000000003,0.0005204596055813633,0.01755543206109812,-6.20452500025397e-20,0.04671143109173087,0.9847921332085231,3.509055361439802e-19,0.17373673868991088,-5.63463565077943e-19,4
0.4005000000000003,0.0005208971012437718,0.017555843174491007,-6.180523048531486e-20,0.04671128146475186,0.9847921332070596,3.6349507803582314e-19,0.17373673869820613,-5.646503268103815e-19,4
0.4010000000000003,0.0005213345968922013,0.017556254287834097,-6.155599819476885e-20,0.04671113183767691,0.9847921332056215,3.751845148821678e-19,0.17373673870635734,-5.654802692152911e-19,4
0.4015000000000003,0.000521772092526893,0.017556665401128307,-6.129187292363965e-20,0.046710982210507825,0.9847921332042084,3.8454292337210702e-19,0.17373673871436696,-5.656414769458565e-19,4
0.4020000000000003,0.0005222095881480839,0.017557076514374534,-6.101355744806052e-20,0.04671083258324638,0.9847921332028199,3.9424608772066005e-19,0.17373673872223744,-5.658729727528143e-19,4
0.4025000000000003,0.0005226470837560047,0.017557487627573663,-6.072171275217862e-20,0.04671068295589434,0.9847921332014555,4.023504712911622e-19,0.1737367387299712,-5.65887472934925e-19,4
0.4030000000000003,0.0005230845793508812,0.01755789874072656,-6.040376382873022e-20,0.04671053332845341,0.9847921332001148,4.0880261162339138e-19,0.17373673873757056,-5.652181567403708e-19,4
0.4035000000000003,0.0005235220749329401,0.01755830985383407,-6.007272254521797e-20,0.04671038370092526,0.9847921331987974,4.149931691204908e-19,0.17373673874503787,-5.648436288576713e-19,4
0.4040000000000003,0.0005239595705023999,0.017558720966897035,-5.972947049785682e-20,0.04671023407331156,0.9847921331975029,4.180992011839195e-19,0.1737367387523754,-5.647690689348676e-19,4
0.4045000000000003,0.0005243970660594771,0.01755913207991627,-5.936880117686407e-20,0.04671008444561392,0.9847921331962309,4.2266881895226724e-19,0.17373673875958542,-5.648203988027303e-19,4
0.4050000000000003,0.0005248345616043845,0.01755954319289258,-5.8997894488448e-20,0.04670993481783393,0.984792133194981,4.262352458239573e-19,0.1737367387666701,-5.648884286605327e-19,4
0.4055000000000003,0.0005252720571373307,0.017559954305826755,-5.861206296380112e-20,0.04670978518997314,0.9847921331937529,4.3178144229168375e-19,0.1737367387736316,-5.649363986721238e-19,4
0.4060000000000003,0.0005257095526585213,0.01756036541871957,-5.821670521863217e-20,0.046709635562033086,0.9847921331925461,4.365523863632094e-19,0.17373673878047208,-5.644343749522453e-19,4
0.4065000000000003,0.0005261470481681579,0.017560776531571787,-5.78096222654453e-20,0.04670948593401527,0.9847921331913603,4.430684051954404e-19,0.17373673878719362,-5.646379848408714e-19,4
0.4070000000000003,0.0005265845436664383,0.01756118764438415,-5.739472316170321e-20,0.04670933630592116,0.9847921331901951,4.449270976844948e-19,0.17373673879379825,-5.643116571081556e-19,4
0.4075000000000003,0.0005270220391535598,0.017561598757157394,-5.696853275583277e-20,0.0467091866777522,0.9847921331890501,4.464069279767645e-19,0.17373673880028803,-5.637435774438528e-19,4
0.4080000000000003,0.0005274595346297157,0.017562009869892238,-5.653153347482973e-20,0.0467090370495098,0.9847921331879251,4.486156584946957e-19,0.1737367388066649,-5.630759848764121e-19,4
0.4085000000000003,0.0005278970300950884,0.017562420982589387,-5.608505076255088e-20,0.04670888742119536,0.9847921331868197,4.519353017446596e-19,0.17373673881293086,-5.6295723799627e-19,4
0.4090000000000003,0.0005283345255498671,0.017562832095249534,-5.563120081025776e-20,0.046708737792810234,0.9847921331857334,4.536451019988317e-19,0.1737367388190878,-5.626427915921187e-19,4
0.4095000000000003,0.000528772020994236,0.017563243207873364,-5.516768441662377e-20,0.04670858816435576,0.9847921331846662,4.546466925637663e-19,0.1737367388251376,-5.6208936526129215e-19,4
0.4100000000000003,0.0005292095164283702,0.01756365432046154,-5.469299110642987e-20,0.04670843853583326,0.9847921331836175,4.553559965224903e-19,0.17373673883108212,-5.620818284624124e-19,4
0.4105000000000003,0.0005296470118524493,0.01756406543301472,-5.420659594933435e-20,0.046708288907244,0.984792133182587,4.551582826731062e-19,0.17373673883692317,-5.618586016294035e-19,4
0.4110000000000003,0.000530084507266642,0.017564476545533548,-5.37134815703599e-20,0.046708139278589265,0.9847921331815744,4.548027712567222e-19,0.17373673884266255,-5.619743458321581e-19,4
0.4115000000000003,0.0005305220026711225,0.017564887658018655,-5.3215522571316404e-20,0.04670798964987028,0.9847921331805796,4.538320934421539e-19,0.17373673884830204,-5.613594980443743e-19,4
0.4120000000000003,0.0005309594980660536,0.01756529877047066,-5.270914916270044e-20,0.04670784002108827,0.984792133179602,4.533396607769535e-19,0.17373673885384336,-5.611392217223751e-19,4
0.4125000000000003,0.000531396993451603,0.017565709882890173,-5.2195708101503986e-20,0.04670769039224442,0.9847921331786414,4.524969287345477e-19,0.17373673885928817,-5.603992206561576e-19,4
0.4130000000000003,0.0005318344888279305,0.017566120995277792,-5.167600758807462e-20,0.046707540763339904,0.9847921331776976,4.492681836007974e-19,0.17373673886463817,-5.596939448447394e-19,4
0.4135000000000003,0.0005322719841951956,0.017566532107634102,-5.115063937415244e-20,0.046707391134375865,0.9847921331767703,4.458516938344542e-19,0.17373673886989502,-5.591622140552967e-19,4
0.4140000000000003,0.0005327094795535548,0.01756694321995968,-5.0619852881274047e-20,0.04670724150535343,0.984792133175859,4.475745989569502e-19,0.1737367388750603,-5.591684329035338e-19,4
0.4145000000000003,0.0005331469749031599,0.017567354332255092,-5.008488126344415e-20,0.046707091876273706,0.9847921331749636,4.498533162070731e-19,0.1737367388801356,-5.58726528340026e-19,4
0.4150000000000003,0.0005335844702441624,0.01756776544452089,-4.954572367443069e-20,0.04670694224713778,0.9847921331740839,4.515647447044833e-19,0.1737367388851225,-5.580141912432497e-19,4
0.4155000000000003,0.000534021965576711,0.017568176556757624,-4.9001462462431835e-20,0.046706792617946705,0.9847921331732195,4.537382030824487e-19,0.1737367388900225,-5.578095797968081e-19,4
0.4160000000000003,0.0005344594609009518,0.017568587668965824,-4.8452693382077106e-20,0.04670664298870153,0.98479213317237,4.566583935247581e-19,0.17373673889483712,-5.579481213034045e-19,4
0.4165000000000003,0.0005348969562170289,0.017568998781146018,-4.7900584204657525e-20,0.04670649335940328,0.9847921331715355,4.586219830591128e-19,0.17373673889956787,-5.575819950394782e-19,4
0.4170000000000003,0.0005353344515250812,0.01756940989329872,-4.734186795880486e-20,0.04670634373005296,0.9847921331707155,4.620571579195929e-19,0.17373673890421615,-5.574967508533483e-19,4
0.4175000000000003,0.0005357719468252462,0.017569821005424435,-4.677834909119085e-20,0.04670619410065155,0.9847921331699097,4.648489155487368e-19,0.1737367389087834,-5.569646459732395e-19,4
0.4180000000000003,0.0005362094421176614,0.01757023211752366,-4.6212547789609283e-20,0.04670604447120002,0.984792133169118,4.666466689940204e-19,0.17373673891327107,-5.557712581273564e-19,4
0.4185000000000003,0.0005366469374024606,0.01757064322959688,-4.5643499320484586e-20,0.04670589484169931,0.98479213316834,4.687536715197341e-19,0.1737367389176805,-5.54786624043483e-19,4
0.4190000000000003,0.000537084432679773,0.017571054341644576,-4.5070508766696015e-20,0.04670574521215037,0.9847921331675756,4.711797938554748e-19,0.17373673892201302,-5.545997652437637e-19,4
0.4195000000000003,0.0005375219279497305,0.017571465453667216,-4.4487896965181585e-20,0.046705595582554084,0.9847921331668246,4.767158013389342e-19,0.17373673892627,-5.551277179659696e-19,4
0.4200000000000003,0.0005379594232124581,0.01757187656566526,-4.3899147014556393e-20,0.046705445952911366,0.9847921331660866,4.839795201491445e-19,0.17373673893045277,-5.556757230879537e-19,4
0.4205000000000003,0.0005383969184680783,0.017572287677639162,-4.3307448771626487e-20,0.046705296323223094,0.9847921331653615,4.8861386686234e-19,0.17373673893456257,-5.557888354549864e-19,4
0.4210000000000003,0.0005388344137167195,0.017572698789589367,-4.2710026464828495e-20,0.04670514669349012,0.9847921331646491,4.9247478648057855e-19,0.1737367389386007,-5.555456138597874e-19,4
0.4215000000000003,0.0005392719089584975,0.01757310990151631,-4.210684859895217e-20,0.046704997063713304,0.9847921331639491,4.991576783990987e-19,0.1737367389425684,-5.555863783766565e-19,4
0.4220000000000003,0.000539709404193531,0.017573521013420416,-4.1501249819494945e-20,0.046704847433893464,0.9847921331632613,5.038472837723996e-19,0.17373673894646685,-5.550583035074174e-19,4
0.4225000000000003,0.0005401468994219397,0.01757393212530211,-4.089386197556494e-20,0.046704697804031414,0.9847921331625855,5.106046829396268e-19,0.1737367389502973,-5.551407933806456e-19,4
0.4230000000000003,0.0005405843946438334,0.0175743432371618,-4.0283633744721617e-20,0.04670454817412796,0.9847921331619215,5.164333548227434e-19,0.1737367389540609,-5.556189706268081e-19,4
0.4235000000000003,0.0005410218898593276,0.017574754348999893,-3.966702519267363e-20,0.04670439854418388,0.9847921331612691,5.233838402984898e-19,0.17373673895775882,-5.562606477312307e-19,4
0.4240000000000003,0.0005414593850685305,0.017575165460816784,-3.9046541408325796e-20,0.04670424891419994,0.9847921331606281,5.283836454352945e-19,0.1737367389613922,-5.569339019487919e-19,4
0.4245000000000003,0.0005418968802715543,0.017575576572612866,-3.841943664492643e-20,0.046704099284176896,0.9847921331599983,5.329286371850522e-19,0.17373673896496217,-5.5768796923069235e-19,4
0.4250000000000003,0.0005423343754685035,0.01757598768438852,-3.778708823332084e-20,0.046703949654115486,0.9847921331593794,5.367354594932974e-19,0.1737367389684698,-5.5786024298947555e-19,4
0.4255000000000003,0.0005427718706594846,0.017576398796144123,-3.715386645781547e-20,0.04670380002401644,0.9847921331587713,5.401469789367568e-19,0.17373673897191622,-5.586798876060829e-19,4
0.4260000000000003,0.0005432093658445975,0.01757680990788004,-3.651434550677897e-20,0.04670365039388046,0.9847921331581739,5.427912258344369e-19,0.17373673897530245,-5.594873711977419e-19,4
0.4265000000000003,0.0005436468610239449,0.017577221019596637,-3.586741603144927e-20,0.04670350076370826,0.984792133157587,5.460709209316025e-19,0.17373673897862957,-5.6057975044647485e-19,4
0.4270000000000003,0.0005440843561976278,0.01757763213129427,-3.520351387292868e-20,0.04670335113350051,0.9847921331570102,5.484822435339025e-19,0.17373673898189856,-5.612905125009463e-19,4
0.4275000000000003,0.0005445218513657442,0.017578043242973285,-3.453222798059328e-20,0.04670320150325789,0.9847921331564435,5.539962582288826e-19,0.17373673898511047,-5.623604859514201e-19,4
0.4280000000000003,0.0005449593465283892,0.017578454354634027,-3.3857180309925556e-20,0.046703051872981065,0.9847921331558868,5.589443680875704e-19,0.17373673898826628,-5.62865646539729e-19,4
0.4285000000000003,0.0005453968416856551,0.01757886546627683,-3.3180853966333784e-20,0.04670290224267067,0.9847921331553398,5.609981283837677e-19,0.17373673899136696,-5.625753191393335e-19,4
0.4290000000000003,0.0005458343368376388,0.017579276577902023,-3.2500496528914774e-20,0.04670275261232735,0.9847921331548023,5.622293714599843e-19,0.17373673899441347,-5.625107385191185e-19,4
0.4295000000000003,0.0005462718319844298,0.017579687689509932,-3.1817989281128593e-20,0.04670260298195172,0.9847921331542743,5.606995262684384e-19,0.17373673899740677,-5.619193765346311e-19,4
0.4300000000000003,0.0005467093271261193,0.017580098801100875,-3.1132949616318815e-20,0.04670245335154439,0.9847921331537555,5.58001603784557e-19,0.17373673900034775,-5.61296548657698e-19,4
0.4305000000000003,0.0005471468222627911,0.017580509912675162,-3.044476980295544e-20,0.04670230372110597,0.9847921331532457,5.558682101759745e-19,0.17373673900323733,-5.607487877344035e-19,4
0.4310000000000003,0.0005475843173945359,0.0175809210242331,-2.9753076154840186e-20,0.046702154090637035,0.9847921331527448,5.5579445387064785e-19,0.17373673900607642,-5.603500802170601e-19,4
0.4315000000000003,0.0005480218125214404,0.017581332135774994,-2.905968182200798e-20,0.04670200446013817,0.9847921331522527,5.542791713156598e-19,0.17373673900886588,-5.598649290265048e-19,4
0.43200000000000033,0.0005484593076435871,0.017581743247301135,-2.836275135405659e-20,0.04670185482960994,0.9847921331517692,5.554280738002929e-19,0.17373673901160658,-5.595636665242333e-19,4
0.43250000000000033,0.0005488968027610567,0.017582154358811813,-2.765420597018144e-20,0.046701705199052895,0.9847921331512941,5.573384627041211e-19,0.17373673901429937,-5.588680099696572e-19,4
0.43300000000000033,0.0005493342978739291,0.017582565470307312,-2.6944779714824633e-20,0.04670155556846759,0.9847921331508274,5.565656302453764e-19,0.17373673901694509,-5.578601631683933e-19,4
0.43350000000000033,0.000549771792982288,0.017582976581787913,-2.622488341365483e-20,0.04670140593785455,0.9847921331503687,5.587409434090706e-19,0.17373673901954453,-5.573780076543863e-19,4
0.43400000000000033,0.0005502092880862073,0.017583387693253887,-2.5503053625769295e-20,0.046701256307214306,0.9847921331499182,5.614227792843357e-19,0.17373673902209852,-5.569595808110359e-19,4
0.43450000000000033,0.0005506467831857657,0.017583798804705505,-2.4780765491429497e-20,0.046701106676547366,0.9847921331494756,5.619912067984196e-19,0.17373673902460784,-5.565248836259685e-19,4
0.43500000000000033,0.0005510842782810409,0.017584209916143033,-2.4056290793935898e-20,0.04670095704585424,0.9847921331490406,5.623788810071179e-19,0.1737367390270733,-5.554572591738546e-19,4
0.43550000000000033,0.0005515217733721035,0.01758462102756673,-2.3328868959280495e-20,0.04670080741513542,0.9847921331486132,5.642840252244315e-19,0.1737367390294956,-5.545877145691638e-19,4
0.43600000000000033,0.0005519592684590274,0.017585032138976844,-2.2598557135039234e-20,0.0467006577843914,0.9847921331481934,5.67150875393007e-19,0.17373673903187556,-5.541382324186235e-19,4
0.43650000000000033,0.000552396763541884,0.01758544325037363,-2.186788029447399e-20,0.046700508153622644,0.9847921331477808,5.690364617448004e-19,0.17373673903421386,-5.534519251721633e-19,4
0.43700000000000033,0.0005528342586207456,0.017585854361757334,-2.1136606533299923e-20,0.046700358522829624,0.9847921331473755,5.685774788885064e-19,0.17373673903651124,-5.525306695840629e-19,4
0.43750000000000033,0.0005532717536956812,0.017586265473128197,-2.0406452416586844e-20,0.046700208892012804,0.9847921331469772,5.696217002791946e-19,0.17373673903876843,-5.518448791913335e-19,4
0.43800000000000033,0.0005537092487667576,0.01758667658448645,-1.9674680845564905e-20,0.04670005926117263,0.984792133146586,5.70152208601879e-19,0.17373673904098613,-5.511567444418811e-19,4
0.43850000000000033,0.0005541467438340412,0.01758708769583233,-1.8940769371392207e-20,0.04669990963030954,0.9847921331462016,5.73199683723234e-19,0.173736739043165,-5.509604196654569e-19,4
0.43900000000000033,0.0005545842388975978,0.017587498807166063,-1.820650654683613e-20,0.046699759999423975,0.9847921331458239,5.740547137359738e-19,0.17373673904530573,-5.500394447692735e-19,4
0.43950000000000033,0.0005550217339574911,0.01758790991848787,-1.7470482999033712e-20,0.04669961036851636,0.9847921331454529,5.748297184071883e-19,0.173736739047409,-5.496150074427117e-19,4
0.44000000000000034,0.0005554592290137899,0.017588321029797977,-1.6732337382580368e-20,0.0466994607375871,0.9847921331450883,5.762318192330453e-19,0.17373673904947545,-5.493920883977528e-19,4
0.44050000000000034,0.0005558967240665507,0.017588732141096592,-1.5993438032896086e-20,0.046699311106636616,0.9847921331447301,5.755618432367753e-19,0.17373673905150572,-5.488011544536353e-19,4
0.44100000000000034,0.0005563342191158378,0.01758914325238393,-1.5251130344068805e-20,0.04669916147566531,0.9847921331443782,5.763948716492437e-19,0.17373673905350043,-5.48034464530387e-19,4
0.44150000000000034,0.0005567717141617108,0.0175895543636602,-1.4506642902227603e-20,0.046699011844673566,0.9847921331440325,5.777454916857863e-19,0.17373673905546022,-5.471760575505027e-19,4
0.44200000000000034,0.0005572092092042292,0.0175899654749256,-1.3760008201186743e-20,0.046698862213661776,0.9847921331436927,5.774816313699749e-19,0.17373673905738568,-5.459491469538056e-19,4
0.44250000000000034,0.000557646704243448,0.017590376586180335,-1.3012282968871985e-20,0.04669871258263032,0.984792133143359,5.776006674268684e-19,0.17373673905927742,-5.448676587781382e-19,4
0.44300000000000034,0.0005580841992794275,0.017590787697424597,-1.2263946225242716e-20,0.04669856295157957,0.9847921331430312,5.766214138316245e-19,0.17373673906113604,-5.442017533914294e-19,4
0.44350000000000034,0.0005585216943122246,0.017591198808658583,-1.1516591910366607e-20,0.04669841332050989,0.984792133142709,5.735071724012051e-19,0.1737367390629621,-5.42950835276294e-19,4
0.44400000000000034,0.000558959189341894,0.01759160991988248,-1.0766602388271728e-20,0.046698263689421635,0.9847921331423924,5.704446605861406e-19,0.17373673906475617,-5.4166224503891955e-19,4
0.44450000000000034,0.0005593966843684878,0.017592021031096472,-1.0019210084245526e-20,0.04669811405831516,0.9847921331420815,5.659875637780438e-19,0.1737367390665188,-5.398631235758359e-19,4
0.44500000000000034,0.000559834179392063,0.017592432142300746,-9.269352018619446e-21,0.046697964427190805,0.9847921331417759,5.613547943185259e-19,0.17373673906825055,-5.38132112912199e-19,4
0.44550000000000034,0.000560271674412669,0.017592843253495475,-8.518753922710056e-21,0.04669781479604891,0.9847921331414757,5.558144848512347e-19,0.17373673906995193,-5.359638674128644e-19,4
0.44600000000000034,0.0005607091694303581,0.017593254364680837,-7.768324958238472e-21,0.04669766516488981,0.9847921331411809,5.535293306873594e-19,0.1737367390716235,-5.34033614370996e-19,4
0.44650000000000034,0.0005611466644451817,0.017593665475857004,-7.012659474189728e-21,0.046697515533713825,0.9847921331408911,5.526478986516076e-19,0.1737367390732658,-5.32368989326709e-19,4
0.44700000000000034,0.0005615841594571905,0.017594076587024148,-6.2595727433784255e-21,0.04669736590252128,0.9847921331406064,5.528040424607037e-19,0.1737367390748793,-5.308462493241389e-19,4
0.44750000000000034,0.0005620216544664307,0.01759448769818243,-5.5058404904489334e-21,0.04669721627131248,0.9847921331403268,5.502688843044509e-19,0.1737367390764645,-5.277443405535977e-19,4
0.44800000000000034,0.0005624591494729522,0.01759489880933202,-4.750406938957235e-21,0.04669706664008774,0.984792133140052,5.480605810072894e-19,0.17373673907802192,-5.245312989778988e-19,4
0.44850000000000034,0.0005628966444767996,0.01759530992047307,-3.982638404763669e-21,0.046696917008847365,0.9847921331397821,5.464671964312461e-19,0.17373673907955203,-5.222557141419639e-19,4
0.44900000000000034,0.0005633341394780232,0.01759572103160574,-3.2154331954465148e-21,0.04669676737759164,0.9847921331395169,5.448528808106428e-19,0.17373673908105533,-5.195121367405583e-19,4
0.44950000000000034,0.0005637716344766668,0.017596132142730186,-2.452400905150102e-21,0.046696617746320855,0.9847921331392563,5.391797491337952e-19,0.17373673908253226,-5.157311066520179e-19,4
0.45000000000000034,0.0005642091294727741,0.017596543253846558,-1.6936544878195738e-21,0.046696468115035306,0.9847921331390003,5.326645673069774e-19,0.1737367390839833,-5.116852227613485e-19,4
0.45050000000000034,0.0005646466244663894,0.017596954364955,-9.340281819248384e-22,0.04669631848373526,0.9847921331387488,5.283457128777208e-19,0.17373673908540888,-5.086875674449398e-19,4
0.45100000000000035,0.0005650841194575583,0.017597365476055667,-1.7416836098194952e-22,0.046696168852421,0.9847921331385017,5.225725005811799e-19,0.17373673908680945,-5.058483869427019e-19,4
0.45150000000000035,0.0005655216144463215,0.017597776587148697,5.984181865209543e-22,0.04669601922109279,0.9847921331382589,5.170785034719408e-19,0.17373673908818546,-5.027367549980767e-19,4
0.45200000000000035,0.0005659591094327195,0.01759818769823423,1.3683859189321454e-21,0.046695869589750895,0.9847921331380204,5.133281138442723e-19,0.17373673908953732,-5.003445823918414e-19,4
0.45250000000000035,0.0005663966044167949,0.017598598809312402,2.135496412691612e-21,0.046695719958395575,0.9847921331377861,5.108278211081064e-19,0.17373673909086546,-4.979691939878446e-19,4
0.45300000000000035,0.0005668340993985892,0.01759900992038335,2.897063076218374e-21,0.04669557032702708,0.984792133137556,5.083206592594257e-19,0.1737367390921703,-4.951431463524984e-19,4
0.45350000000000035,0.0005672715943781418,0.017599421031447213,3.65490922721401e-21,0.04669542069564566,0.9847921331373298,5.0747234433356955e-19,0.17373673909345225,-4.922316896175813e-19,4
0.45400000000000035,0.0005677090893554927,0.017599832142504115,4.407020294809601e-21,0.04669527106425156,0.9847921331371077,5.066255723639488e-19,0.17373673909471168,-4.890760229510773e-19,4
0.45450000000000035,0.0005681465843306772,0.017600243253554186,5.1570163934058536e-21,0.04669512143284502,0.9847921331368894,5.047377829278042e-19,0.17373673909594903,-4.859428731695397e-19,4
0.45500000000000035,0.0005685840793037343,0.01760065436459755,5.908449523482346e-21,0.04669497180142628,0.9847921331366749,5.027348747399745e-19,0.17373673909716464,-4.829177909190955e-19,4
0.45550000000000035,0.0005690215742746996,0.01760106547563433,6.6555875491413884e-21,0.04669482216999556,0.9847921331364642,4.998457866868935e-19,0.17373673909835893,-4.801133716529903e-19,4
0.45600000000000035,0.0005694590692436123,0.01760147658666465,7.397339654674522e-21,0.0466946725385531,0.9847921331362572,4.954373643775935e-19,0.17373673909953224,-4.766002880979019e-19,4
0.45650000000000035,0.0005698965642105073,0.017601887697688626,8.13585751405774e-21,0.046694522907099106,0.9847921331360538,4.9306279120203125e-19,0.17373673910068496,-4.736145927986451e-19,4
0.45700000000000035,0.0005703340591754161,0.017602298808706375,8.875211578324236e-21,0.04669437327563381,0.984792133135854,4.927863284086529e-19,0.17373673910181744,-4.710463381596647e-19,4
0.45750000000000035,0.0005707715541383787,0.017602709919718015,9.617726722110166e-21,0.04669422364415742,0.9847921331356577,4.920110415941685e-19,0.17373673910293003,-4.676291017649773e-19,4
0.45800000000000035,0.0005712090490994279,0.017603121030723656,1.0356465049683727e-20,0.046694074012670145,0.9847921331354649,4.912999412875399e-19,0.17373673910402307,-4.645563732880648e-19,4
0.45850000000000035,0.0005716465440585936,0.017603532141723405,1.1093765508287557e-20,0.04669392438117219,0.9847921331352755,4.888458661982047e-19,0.17373673910509693,-4.613693616286212e-19,4
0.45900000000000035,0.0005720840390159115,0.017603943252717375,1.182808604072114e-20,0.046693774749663755,0.9847921331350894,4.876695989232669e-19,0.17373673910615192,-4.579667194892511e-19,4
0.45950000000000035,0.0005725215339714137,0.017604354363705672,1.2562098892762e-20,0.046693625118145045,0.9847921331349065,4.8626016430449365e-19,0.1737367391071884,-4.542154873255438e-19,4
0.46000000000000035,0.0005729590289251283,0.017604765474688398,1.3288949306476527e-20,0.04669347548661625,0.9847921331347269,4.842687738857591e-19,0.17373673910820667,-4.506105033117781e-19,4
0.46050000000000035,0.000573396523877089,0.017605176585665655,1.4011471214882138e-20,0.046693325855077565,0.9847921331345504,4.848484976468492e-19,0.17373673910920703,-4.4762091287329675e-19,4
0.46100000000000035,0.0005738340188273296,0.01760558769663755,1.4728321645841507e-20,0.04669317622352917,0.984792133134377,4.8137638211792755e-19,0.17373673911018983,-4.437984933733261e-19,4
0.46150000000000035,0.0005742715137758764,0.017605998807604172,1.5437215619693478e-20,0.04669302659197125,0.9847921331342067,4.773766955753736e-19,0.17373673911115536,-4.402685273376525e-19,4
0.46200000000000035,0.00057470900872276,0.017606409918565626,1.6141600946210894e-20,0.04669287696040399,0.9847921331340393,4.709453953507525e-19,0.1737367391121039,-4.363437651090196e-19,4
0.46250000000000036,0.0005751465036680087,0.017606821029522005,1.684267854653398e-20,0.04669272732882756,0.9847921331338749,4.656191440516524e-19,0.1737367391130358,-4.3271956956110523e-19,4
0.46300000000000036,0.0005755839986116484,0.017607232140473397,1.7540247517022114e-20,0.04669257769724214,0.9847921331337134,4.618992235008272e-19,0.17373673911395132,-4.291952342037338e-19,4
0.46350000000000036,0.0005760214935537132,0.0176076432514199,1.8234472944297184e-20,0.04669242806564789,0.9847921331335547,4.593333722833766e-19,0.17373673911485074,-4.262815073454071e-19,4
0.46400000000000036,0.0005764589884942276,0.017608054362361604,1.8924427775324702e-20,0.046692278434044984,0.9847921331333989,4.552086339782749e-19,0.17373673911573434,-4.232106312902072e-19,4
0.46450000000000036,0.0005768964834332194,0.017608465473298595,1.9610260776126473e-20,0.046692128802433584,0.9847921331332458,4.520873546313391e-19,0.17373673911660242,-4.2056828043296547e-19,4
0.46500000000000036,0.00057733397837071,0.017608876584230958,2.02912663882269e-20,0.04669197917081386,0.9847921331330953,4.4880983704749535e-19,0.17373673911745524,-4.1756845760536307e-19,4
0.46550000000000036,0.0005777714733067312,0.01760928769515878,2.0966707717984876e-20,0.04669182953918595,0.9847921331329476,4.451070247847177e-19,0.17373673911829304,-4.1444651441803413e-19,4
0.46600000000000036,0.0005782089682413073,0.017609698806082145,2.163880990839521e-20,0.04669167990755003,0.9847921331328023,4.426633203161668e-19,0.17373673911911613,-4.1157105140194908e-19,4
0.46650000000000036,0.0005786464631744626,0.017610109917001134,2.230590110678518e-20,0.04669153027590623,0.9847921331326597,4.362455166583405e-19,0.17373673911992474,-4.073597802876513e-19,4
0.46700000000000036,0.0005790839581062209,0.017610521027915826,2.297051776677325e-20,0.04669138064425472,0.9847921331325196,4.3033490643357597e-19,0.17373673912071913,-4.0325603059156316e-19,4
0.46750000000000036,0.0005795214530366095,0.017610932138826304,2.3634344168740175e-20,0.046691231012595626,0.9847921331323819,4.2212793688907955e-19,0.17373673912149953,-3.9855372278336516e-19,4
0.46800000000000036,0.0005799589479656537,0.017611343249732646,2.4294083519104826e-20,0.0466910813809291,0.9847921331322467,4.1366384465561814e-19,0.17373673912226623,-3.9427471013051374e-19,4
0.46850000000000036,0.000580396442893372,0.017611754360634925,2.4959806195941773e-20,0.046690931749255295,0.9847921331321138,4.0349675593087763e-19,0.17373673912301943,-3.8969755808437965e-19,4
0.46900000000000036,0.000580833937819788,0.017612165471533214,2.562094599345769e-20,0.04669078211757433,0.9847921331319832,3.9269832466861997e-19,0.1737367391237594,-3.8524131222928487e-19,4
0.46950000000000036,0.0005812714327449282,0.01761257658242759,2.6275870877868133e-20,0.04669063248588635,0.984792133131855,3.8173577206418364e-19,0.17373673912448634,-3.813769219546415e-19,4
0.47000000000000036,0.0005817089276688135,0.017612987693318125,2.6927035083268515e-20,0.04669048285419148,0.984792133131729,3.7320256702468498e-19,0.1737367391252005,-3.7751427796166844e-19,4
0.47050000000000036,0.0005821464225914666,0.01761339880420489,2.756982088083734e-20,0.04669033322248985,0.9847921331316052,3.652859577602758e-19,0.17373673912590207,-3.745769736538648e-19,4
0.47100000000000036,0.0005825839175129074,0.01761380991508795,2.820563608286365e-20,0.0466901835907816,0.9847921331314836,3.5589160905590157e-19,0.1737367391265913,-3.7115722894510606e-19,4
0.47150000000000036,0.0005830214124331552,0.017614221025967377,2.8833686530922086e-20,0.046690033959066846,0.9847921331313642,3.456619068430537e-19,0.1737367391272684,-3.67843897870367e-19,4
0.47200000000000036,0.0005834589073522327,0.017614632136843236,2.9454434395739644e-20,0.046689884327345714,0.9847921331312468,3.334071217783051e-19,0.17373673912793358,-3.6435870467887415e-19,4
0.47250000000000036,0.0005838964022701611,0.017615043247715595,3.007013589128673e-20,0.04668973469561832,0.9847921331311316,3.2517325856684514e-19,0.17373673912858706,-3.6088852603581874e-19,4
0.47300000000000036,0.0005843338971869591,0.017615454358584515,3.068734387946521e-20,0.04668958506388479,0.9847921331310183,3.154639626267463e-19,0.17373673912922902,-3.5766971326677777e-19,4
0.47350000000000037,0.0005847713921026447,0.01761586546945006,3.129499635230511e-20,0.04668943543214524,0.9847921331309071,3.1107246850740855e-19,0.17373673912985968,-3.5565511625123964e-19,4
0.47400000000000037,0.0005852088870172422,0.017616276580312295,3.189413197663985e-20,0.04668928580039977,0.9847921331307977,3.107836417302132e-19,0.17373673913047924,-3.5553800291663547e-19,4
0.47450000000000037,0.0005856463819307689,0.01761668769117128,3.248494799894167e-20,0.046689136168648504,0.9847921331306904,3.105264573129021e-19,0.1737367391310879,-3.550427693706343e-19,4
0.47500000000000037,0.0005860838768432422,0.01761709880202707,3.3067843897303897e-20,0.04668898653689155,0.9847921331305849,3.10053899971927e-19,0.17373673913168583,-3.5471640923048585e-19,4
0.47550000000000037,0.0005865213717546797,0.01761750991287973,3.3645821207474256e-20,0.04668883690512901,0.9847921331304813,3.075810500296521e-19,0.17373673913227325,-3.5420045631782593e-19,4
0.47600000000000037,0.0005869588666651035,0.017617921023729315,3.421890613108132e-20,0.04668868727336099,0.9847921331303795,3.062247197353782e-19,0.17373673913285032,-3.5394836243865496e-19,4
0.47650000000000037,0.0005873963615745277,0.017618332134575882,3.477953479550238e-20,0.046688537641587605,0.9847921331302795,3.022883709849765e-19,0.17373673913341722,-3.530965333462135e-19,4
0.47700000000000037,0.0005878338564829714,0.017618743245419486,3.533333279824567e-20,0.04668838800980894,0.9847921331301812,2.9774297686171266e-19,0.17373673913397414,-3.528226877200921e-19,4
0.47750000000000037,0.0005882713513904512,0.017619154356260183,3.588258188750856e-20,0.04668823837802511,0.9847921331300847,2.948412317946425e-19,0.17373673913452126,-3.533221428219672e-19,4
0.47800000000000037,0.0005887088462969825,0.017619565467098024,3.6418791486441097e-20,0.04668808874623621,0.9847921331299899,2.8640259300959974e-19,0.17373673913505872,-3.5294877749209866e-19,4
0.47850000000000037,0.0005891463412025837,0.01761997657793306,3.694556222958046e-20,0.04668793911444232,0.9847921331298968,2.7811195026008017e-19,0.1737367391355867,-3.5240707471885725e-19,4
0.47900000000000037,0.0005895838361072702,0.017620387688765348,3.7464376287293305e-20,0.04668778948264355,0.9847921331298053,2.697889085846178e-19,0.1737367391361054,-3.522651380619241e-19,4
0.47950000000000037,0.0005900213310110578,0.017620798799594935,3.7976807007863437e-20,0.04668763985083999,0.9847921331297154,2.6073073672366697e-19,0.17373673913661497,-3.5298022722808112e-19,4
0.48000000000000037,0.0005904588259139637,0.017621209910421872,3.848531382819276e-20,0.04668749021903173,0.9847921331296271,2.5561112835407683e-19,0.17373673913711554,-3.5491989749824085e-19,4
0.48050000000000037,0.0005908963208160027,0.017621621021246207,3.8986186681713813e-20,0.04668734058721885,0.9847921331295404,2.501031997530471e-19,0.1737367391376073,-3.5673944072433915e-19,4
0.48100000000000037,0.0005913338157171894,0.017622032132067988,3.947777163844118e-20,0.04668719095540145,0.9847921331294551,2.449553121675128e-19,0.17373673913809037,-3.5784033419353656e-19,4
0.48150000000000037,0.0005917713106175413,0.017622443242887264,3.9965007685452986e-20,0.046687041323579606,0.9847921331293714,2.4079220134693533e-19,0.17373673913856494,-3.5962906477609845e-19,4
0.4820000000000004,0.0005922088055170663,0.017622854353704077,4.044477469886621e-20,0.04668689169175341,0.9847921331292891,2.3366078455870185e-19,0.17373673913903115,-3.613118288569391e-19,4
0.4825000000000004,0.0005926463004157841,0.017623265464518475,4.0934728417988887e-20,0.046686742059922945,0.9847921331292083,2.2862777992166233e-19,0.17373673913948914,-3.629897573867376e-19,4
0.4830000000000004,0.000593083795313711,0.017623676575330503,4.1415381118025335e-20,0.04668659242808828,0.9847921331291289,2.227468523480467e-19,0.17373673913993906,-3.6442592369708197e-19,4
0.4835000000000004,0.0005935212902108554,0.017624087686140204,4.189037539472306e-20,0.046686442796249505,0.984792133129051,2.184543516189949e-19,0.17373673914038104,-3.657952128155959e-19,4
0.4840000000000004,0.0005939587851072324,0.017624498796947618,4.235614414448095e-20,0.04668629316440669,0.9847921331289744,2.1333966313792115e-19,0.17373673914081522,-3.6694586436446046e-19,4
0.4845000000000004,0.0005943962800028584,0.01762490990775279,4.2811695399223045e-20,0.04668614353255992,0.9847921331288991,2.0682262000902926e-19,0.17373673914124177,-3.683132727847701e-19,4
0.4850000000000004,0.0005948337748977433,0.01762532101855576,4.326008221796214e-20,0.04668599390070926,0.9847921331288252,2.0113395041149393e-19,0.1737367391416608,-3.693490604133067e-19,4
0.4855000000000004,0.0005952712697919032,0.017625732129356572,4.3702466117364265e-20,0.04668584426885479,0.9847921331287526,1.9628471141343345e-19,0.1737367391420724,-3.711307280100717e-19,4
0.4860000000000004,0.000595708764685347,0.01762614324015526,4.4140029270181104e-20,0.04668569463699658,0.9847921331286812,1.9216120816728142e-19,0.17373673914247678,-3.7300402221435162e-19,4
0.4865000000000004,0.0005961462595780902,0.017626554350951867,4.4572656440049033e-20,0.0466855450051347,0.9847921331286111,1.8757300428370987e-19,0.17373673914287402,-3.7479626559338137e-19,4
0.4870000000000004,0.0005965837544701424,0.01762696546174643,4.500032203859483e-20,0.046685395373269226,0.9847921331285423,1.8382314030175857e-19,0.17373673914326423,-3.759974558132196e-19,4
0.4875000000000004,0.0005970212493615182,0.01762737657253899,4.5420554330229343e-20,0.04668524574140022,0.9847921331284747,1.7920012668145405e-19,0.17373673914364757,-3.778909650615419e-19,4
0.4880000000000004,0.0005974587442522288,0.017627787683329576,4.583259998288844e-20,0.04668509610952774,0.9847921331284083,1.727521069100949e-19,0.17373673914402415,-3.795783316630926e-19,4
0.4885000000000004,0.0005978962391422864,0.01762819879411823,4.623860987081776e-20,0.04668494647765187,0.984792133128343,1.6903349119760324e-19,0.17373673914439408,-3.8165161512880672e-19,4
0.4890000000000004,0.0005983337340316997,0.017628609904904988,4.663775785012894e-20,0.04668479684577266,0.984792133128279,1.6227520624933676e-19,0.17373673914475748,-3.8331372004728755e-19,4
0.4895000000000004,0.0005987712289204825,0.01762902101568988,4.703193890569335e-20,0.04668464721389018,0.984792133128216,1.5810475925570015e-19,0.17373673914511448,-3.853025248656319e-19,4
0.4900000000000004,0.000599208723808646,0.017629432126472947,4.741904456942863e-20,0.046684497582004485,0.9847921331281542,1.5342182586387966e-19,0.17373673914546517,-3.870088342599779e-19,4
0.4905000000000004,0.0005996462186961991,0.01762984323725422,4.7798962943530965e-20,0.04668434795011565,0.9847921331280934,1.4950857782672093e-19,0.17373673914580967,-3.8828888739876607e-19,4
0.4910000000000004,0.0006000837135831543,0.01763025434803373,4.8172824436652767e-20,0.046684198318223714,0.9847921331280337,1.4633167799684996e-19,0.1737367391461481,-3.8951602492322456e-19,4
0.4915000000000004,0.0006005212084695232,0.01763066545881151,4.8540275991425106e-20,0.04668404868632875,0.9847921331279751,1.4279662559405625e-19,0.17373673914648055,-3.904971131892353e-19,4
0.4920000000000004,0.0006009587033553103,0.01763107656958759,4.89037281138497e-20,0.046683899054430815,0.9847921331279175,1.3962521880434086e-19,0.17373673914680712,-3.910330307309106e-19,4
0.4925000000000004,0.0006013961982405315,0.017631487680362008,4.9260029371490555e-20,0.04668374942252996,0.9847921331278608,1.372952877915353e-19,0.17373673914712795,-3.9227429012287757e-19,4
0.4930000000000004,0.0006018336931251975,0.01763189879113479,4.9611654061267286e-20,0.04668359979062624,0.9847921331278052,1.3457172744166149e-19,0.17373673914744311,-3.9281555280881937e-19,4
0.4935000000000004,0.0006022711880093151,0.017632309901905965,4.9958237305188664e-20,0.046683450158719705,0.9847921331277506,1.3120454241168395e-19,0.1737367391477527,-3.9389965872786724e-19,4
0.4940000000000004,0.0006027086828928947,0.017632721012675566,5.02976660707659e-20,0.04668330052681042,0.984792133127697,1.267909823918749e-19,0.17373673914805682,-3.946193375117323e-19,4
0.4945000000000004,0.0006031461777759458,0.01763313212344362,5.0630780421791024e-20,0.046683150894898426,0.9847921331276442,1.215283040923513e-19,0.17373673914835558,-3.9541341954362386e-19,4
0.4950000000000004,0.0006035836726584756,0.017633543234210153,5.096341225246348e-20,0.04668300126298378,0.9847921331275925,1.1604443720596825e-19,0.17373673914864907,-3.9642068845791276e-19,4
0.4955000000000004,0.0006040211675404966,0.017633954344975198,5.1289793772733854e-20,0.04668285163106654,0.9847921331275417,1.1199486416506606e-19,0.17373673914893736,-3.9845227368921483e-19,4
0.4960000000000004,0.0006044586624220152,0.01763436545573878,5.160744185307536e-20,0.04668270199914674,0.9847921331274917,1.075512675361647e-19,0.17373673914922055,-4.0029656394930166e-19,4
0.4965000000000004,0.0006048961573030409,0.017634776566500924,5.1919692055756946e-20,0.046682552367224434,0.9847921331274426,1.0507846635885558e-19,0.17373673914949875,-4.026877966692647e-19,4
0.4970000000000004,0.0006053336521835797,0.017635187677261657,5.2227589947299664e-20,0.04668240273529967,0.9847921331273944,1.0351414897807663e-19,0.17373673914977203,-4.0517429744939784e-19,4
0.4975000000000004,0.0006057711470636469,0.01763559878802101,5.2527720947608713e-20,0.0466822531033725,0.984792133127347,1.0275062396203011e-19,0.17373673915004048,-4.0757849704236475e-19,4
0.4980000000000004,0.0006062086419432453,0.017636009898779,5.282070640265626e-20,0.04668210347144296,0.9847921331273005,1.0024290266358307e-19,0.1737367391503042,-4.095229155365784e-19,4
0.4985000000000004,0.0006066461368223846,0.01763642100953566,5.310968161139361e-20,0.0466819538395111,0.9847921331272548,9.731815239999926e-20,0.17373673915056323,-4.1156807779058706e-19,4
0.4990000000000004,0.0006070836317010721,0.017636832120291008,5.339396785501468e-20,0.046681804207576956,0.9847921331272099,9.321890115920381e-20,0.17373673915081772,-4.129648684112372e-19,4
0.4995000000000004,0.0006075211265793176,0.017637243231045072,5.3675119115610787e-20,0.04668165457564058,0.9847921331271658,8.918411705500595e-20,0.17373673915106772,-4.1420540793331327e-19,4
0.5000000000000003,0.0006079586214571297,0.017637654341797877,5.3951636859805656e-20,0.04668150494370201,0.9847921331271225,8.566016486669335e-20,0.17373673915131327,-4.15306219851661e-19,4
0.5005000000000003,0.0006083961163345134,0.017638065452549444,5.422499982776465e-20,0.04668135531176129,0.98479213312708,8.130334402790154e-20,0.1737367391515545,-4.1655867170878294e-19,4
0.5010000000000002,0.0006088336112114745,0.017638476563299792,5.450143427933337e-20,0.04668120567981846,0.9847921331270382,7.784025388263783e-20,0.17373673915179144,-4.1861856234763624e-19,4
0.5015000000000002,0.0006092711060880243,0.01763888767404895,5.477328902587451e-20,0.046681056047873565,0.9847921331269971,7.851545990008625e-20,0.17373673915202423,-4.21144439676291e-19,4
0.5020000000000001,0.0006097086009641677,0.017639298784796937,5.50407543056945e-20,0.046680906415926635,0.9847921331269568,7.936152164466016e-20,0.17373673915225288,-4.2321561096282447e-19,4
0.5025000000000001,0.0006101460958399129,0.017639709895543774,5.530177358322932e-20,0.04668075678397771,0.9847921331269172,7.973707906829274e-20,0.1737367391524775,-4.249302803187204e-19,4
0.503,0.000610583590715268,0.017640121006289484,5.556805041748834e-20,0.046680607152026835,0.9847921331268782,8.026362746573574e-20,0.17373673915269816,-4.266094449182814e-19,4
0.5035,0.0006110210855902372,0.017640532117034084,5.583181566255549e-20,0.046680457520074034,0.98479213312684,8.355022531193213e-20,0.1737367391529149,-4.2848652849295025e-19,4
0.5039999999999999,0.0006114585804648289,0.017640943227777598,5.609254636000374e-20,0.04668030788811935,0.9847921331268025,8.54332737261178e-20,0.17373673915312782,-4.305387561463303e-19,4
0.5044999999999998,0.0006118960753390479,0.017641354338520043,5.63473229034413e-20,0.046680158256162826,0.9847921331267656,8.405434201229976e-20,0.17373673915333696,-4.318569381480103e-19,4
0.5049999999999998,0.000612333570212905,0.017641765449261444,5.659952364524913e-20,0.04668000862420449,0.9847921331267294,8.319768535806747e-20,0.1737367391535424,-4.32959476429754e-19,4
0.5054999999999997,0.0006127710650864012,0.017642176560001815,5.684568144170796e-20,0.046679858992244375,0.9847921331266938,8.070980262525447e-20,0.1737367391537442,-4.3314000550790046e-19,4
0.5059999999999997,0.0006132085599595469,0.017642587670741176,5.709009807739783e-20,0.04667970936028251,0.9847921331266588,7.806134291791697e-20,0.17373673915394247,-4.331957522934641e-19,4
0.5064999999999996,0.0006136460548323472,0.017642998781479548,5.732913622768809e-20,0.04667955972831894,0.9847921331266245,7.593079749008607e-20,0.1737367391541372,-4.3321224010078487e-19,4
0.5069999999999996,0.0006140835497048057,0.017643409892216945,5.756459091763192e-20,0.04667941009635369,0.9847921331265908,6.982593890107186e-20,0.1737367391543285,-4.322725415584073e-19,4
0.5074999999999995,0.0006145210445769325,0.017643821002953388,5.779621267368543e-20,0.04667926046438679,0.9847921331265576,6.330792664710467e-20,0.1737367391545164,-4.317012282026099e-19,4
0.5079999999999995,0.0006149585394487296,0.017644232113688894,5.80250125859461e-20,0.04667911083241828,0.984792133126525,5.87255442410382e-20,0.17373673915470098,-4.3156142487949565e-19,4
0.5084999999999994,0.0006153960343202062,0.01764464322442348,5.8251399370841e-20,0.046678961200448184,0.984792133126493,5.330491548241563e-20,0.1737367391548823,-4.3060521207339026e-19,4
0.5089999999999993,0.0006158335291913668,0.017645054335157166,5.847408371705346e-20,0.04667881156847653,0.9847921331264616,4.8095004608248796e-20,0.1737367391550604,-4.2992534326914563e-19,4
0.5094999999999993,0.0006162710240622149,0.017645465445889963,5.869180267140758e-20,0.04667866193650335,0.9847921331264308,4.3363060189120845e-20,0.17373673915523538,-4.295782910493789e-19,4
0.5099999999999992,0.0006167085189327606,0.017645876556621892,5.890478402630868e-20,0.04667851230452867,0.9847921331264005,4.026631361044845e-20,0.17373673915540724,-4.2939827404541123e-19,4
0.5104999999999992,0.000617146013803004,0.017646287667352965,5.910818764462211e-20,0.04667836267255252,0.9847921331263707,3.6291367576894714e-20,0.17373673915557608,-4.2904754834406764e-19,4
0.5109999999999991,0.0006175835086729532,0.0176466987780832,5.93092212921112e-20,0.046678213040574935,0.9847921331263414,3.269554366320361e-20,0.17373673915574192,-4.292857097396836e-19,4
0.5114999999999991,0.0006180210035426136,0.017647109888812615,5.950613621616341e-20,0.046678063408595934,0.9847921331263126,2.9296063020124e-20,0.17373673915590482,-4.2940284883641085e-19,4
0.511999999999999,0.0006184584984119892,0.01764752099954122,5.969834771390482e-20,0.046677913776615544,0.9847921331262844,2.670276731182193e-20,0.17373673915606483,-4.3015002468269316e-19,4
0.512499999999999,0.0006188959932810833,0.01764793211026903,5.98845096015043e-20,0.046677764144633795,0.9847921331262567,2.1719559876383925e-20,0.173736739156222,-4.3090116983614203e-19,4
0.5129999999999989,0.0006193334881499052,0.017648343220996066,6.006519238498286e-20,0.046677614512650706,0.9847921331262295,1.536605757720266e-20,0.1737367391563764,-4.3137923101026444e-19,4
0.5134999999999988,0.000619770983018456,0.017648754331722336,6.024749966892723e-20,0.04667746488066631,0.9847921331262027,8.87072197008141e-21,0.1737367391565281,-4.323200197736314e-19,4
0.5139999999999988,0.000620208477886744,0.017649165442447858,6.04277258688585e-20,0.04667731524868063,0.9847921331261764,2.476897180802566e-21,0.1737367391566771,-4.329644197019964e-19,4
0.5144999999999987,0.0006206459727547694,0.01764957655317264,6.060410361100427e-20,0.04667716561669368,0.9847921331261505,-3.676925569147027e-21,0.17373673915682344,-4.3367261112097896e-19,4
0.5149999999999987,0.0006210834676225392,0.0176499876638967,6.077306755110834e-20,0.0466770159847055,0.9847921331261252,-1.1423107635526033e-20,0.1737367391569672,-4.339099292327659e-19,4
0.5154999999999986,0.0006215209624900593,0.017650398774620053,6.093716084355282e-20,0.046676866352716104,0.9847921331261004,-2.004783731623739e-20,0.1737367391571084,-4.338551315010793e-19,4
0.5159999999999986,0.0006219584573573323,0.01765080988534271,6.109996706584674e-20,0.046676716720725514,0.9847921331260759,-2.6582159223327602e-20,0.17373673915724713,-4.348868552868883e-19,4
0.5164999999999985,0.0006223959522243616,0.01765122099606468,6.125831771295268e-20,0.04667656708873376,0.9847921331260518,-3.195531900368728e-20,0.17373673915738339,-4.363468427725721e-19,4
0.5169999999999985,0.0006228334470911534,0.017651632106785983,6.140886755610402e-20,0.04667641745674086,0.9847921331260282,-4.138841261084346e-20,0.17373673915751722,-4.373233195864413e-19,4
0.5174999999999984,0.0006232709419577102,0.017652043217506626,6.155619435932474e-20,0.046676267824746834,0.984792133126005,-5.100654675972487e-20,0.1737367391576487,-4.378844262664382e-19,4
0.5179999999999984,0.0006237084368240346,0.01765245432822662,6.169923033443408e-20,0.046676118192751706,0.9847921331259822,-6.107629236117267e-20,0.17373673915777785,-4.3804531026215995e-19,4
0.5184999999999983,0.000624145931690136,0.017652865438945984,6.183407689392845e-20,0.046675968560755496,0.9847921331259598,-7.303660166302574e-20,0.1737367391579047,-4.373935594001773e-19,4
0.5189999999999982,0.0006245834265560159,0.017653276549664722,6.19630917129181e-20,0.04667581892875822,0.9847921331259378,-8.407405376841165e-20,0.1737367391580293,-4.370689920057438e-19,4
0.5194999999999982,0.0006250209214216781,0.01765368766038285,6.208483961376342e-20,0.0466756692967599,0.9847921331259162,-9.458666055885884e-20,0.17373673915815172,-4.371482686768846e-19,4
0.5199999999999981,0.0006254584162871251,0.017654098771100378,6.219615036913834e-20,0.04667551966476056,0.984792133125895,-1.0607243527294736e-19,0.17373673915827195,-4.368199778334724e-19,4
0.5204999999999981,0.0006258959111523619,0.017654509881817316,6.230362801153563e-20,0.04667537003276021,0.9847921331258741,-1.1412596529906397e-19,0.17373673915839005,-4.366499550289209e-19,4
0.520999999999998,0.0006263334060173913,0.017654920992533674,6.240336521973944e-20,0.04667522040075888,0.9847921331258537,-1.2496051143322515e-19,0.17373673915850607,-4.362725616549227e-19,4
0.521499999999998,0.0006267709008822193,0.017655332103249467,6.249659777268948e-20,0.046675070768756585,0.9847921331258336,-1.4081548907675896e-19,0.17373673915862003,-4.346679384528918e-19,4
0.5219999999999979,0.0006272083957468451,0.0176557432139647,6.258315101111978e-20,0.046674921136753346,0.9847921331258138,-1.5387920710885525e-19,0.17373673915873197,-4.3345976861992195e-19,4
0.5224999999999979,0.000627645890611277,0.01765615432467939,6.266001011739305e-20,0.04667477150474918,0.9847921331257944,-1.6908809233800034e-19,0.1737367391588419,-4.3183002894162034e-19,4
0.5229999999999978,0.0006280833854755168,0.017656565435393543,6.273172463858499e-20,0.04667462187274409,0.9847921331257753,-1.8005849844879449e-19,0.1737367391589499,-4.312126595048932e-19,4
0.5234999999999977,0.0006285208803395672,0.017656976546107168,6.279539866443622e-20,0.04667447224073811,0.9847921331257565,-1.919183145491495e-19,0.173736739159056,-4.300066764575179e-19,4
0.5239999999999977,0.000628958375203431,0.017657387656820275,6.285138459653632e-20,0.04667432260873126,0.9847921331257381,-2.0207530527212988e-19,0.1737367391591602,-4.295584388465195e-19,4
0.5244999999999976,0.000629395870067112,0.017657798767532873,6.289596456019821e-20,0.046674172976723535,0.98479213312572,-2.107269300227274e-19,0.17373673915926255,-4.29559550254069e-19,4
0.5249999999999976,0.0006298333649306142,0.017658209878244974,6.293132664360058e-20,0.046674023344714974,0.9847921331257022,-2.1566615716164994e-19,0.1737367391593631,-4.307506107782622e-19,4
0.5254999999999975,0.0006302708597939414,0.017658620988956587,6.295897928053564e-20,0.04667387371270558,0.9847921331256848,-2.1905212852993894e-19,0.17373673915946186,-4.3252064219943456e-19,4
0.5259999999999975,0.000630708354657093,0.017659032099667717,6.297616596599677e-20,0.046673724080695374,0.9847921331256677,-2.2480572314217462e-19,0.17373673915955887,-4.3385151745026675e-19,4
0.5264999999999974,0.0006311458495200742,0.017659443210378375,6.298854941057166e-20,0.04667357444868437,0.984792133125651,-2.2882172690188914e-19,0.17373673915965415,-4.351162666713484e-19,4
0.5269999999999974,0.0006315833443828901,0.01765985432108857,6.299163132773348e-20,0.04667342481667258,0.9847921331256344,-2.3224867390579375e-19,0.17373673915974774,-4.36746422530943e-19,4
0.5274999999999973,0.000632020839245542,0.017660265431798314,6.29866693336069e-20,0.046673275184660024,0.9847921331256182,-2.364823998519773e-19,0.1737367391598397,-4.383278608150872e-19,4
0.5279999999999972,0.0006324583341080331,0.017660676542507612,6.297283731322789e-20,0.046673125552646716,0.9847921331256022,-2.4043778898635806e-19,0.17373673915993001,-4.398313004628444e-19,4
0.5284999999999972,0.0006328958289703642,0.01766108765321647,6.294937628965758e-20,0.046672975920632666,0.9847921331255866,-2.4542578794567056e-19,0.17373673916001872,-4.407519022165267e-19,4
0.5289999999999971,0.0006333333238325433,0.0176614987639249,6.291723565071359e-20,0.04667282628861789,0.9847921331255712,-2.5251196296388036e-19,0.17373673916010585,-4.411565702371255e-19,4
0.5294999999999971,0.0006337708186945669,0.017661909874632908,6.287545587056882e-20,0.0466726766566024,0.9847921331255561,-2.603162037028999e-19,0.17373673916019144,-4.413074889920704e-19,4
0.529999999999997,0.0006342083135564421,0.017662320985340502,6.283116102486215e-20,0.04667252702458621,0.9847921331255413,-2.6607665488977424e-19,0.17373673916027552,-4.419032967238186e-19,4
0.530499999999997,0.0006346458084181708,0.01766273209604769,6.277962384091924e-20,0.04667237739256934,0.9847921331255267,-2.751686546794955e-19,0.1737367391603581,-4.416599219953454e-19,4
0.5309999999999969,0.0006350833032797549,0.01766314320675448,6.271777068475891e-20,0.04667222776055179,0.9847921331255124,-2.832796708647951e-19,0.17373673916043922,-4.421837170579029e-19,4
0.5314999999999969,0.000635520798141196,0.01766355431746088,6.26479324871492e-20,0.046672078128533585,0.9847921331254983,-2.891258410813935e-19,0.1737367391605189,-4.435426549407113e-19,4
0.5319999999999968,0.0006359582930024959,0.01766396542816689,6.257033394263849e-20,0.046671928496514734,0.9847921331254845,-2.916022554534052e-19,0.17373673916059718,-4.456580997403346e-19,4
0.5324999999999968,0.0006363957878636565,0.017664376538872525,6.248811913950922e-20,0.04667177886449525,0.984792133125471,-2.9221353774422447e-19,0.17373673916067406,-4.482833108556084e-19,4
0.5329999999999967,0.0006368332827246816,0.01766478764957779,6.239911375019664e-20,0.04667162923247514,0.9847921331254577,-2.9360071312617335e-19,0.17373673916074958,-4.508995240106814e-19,4
0.5334999999999966,0.0006372707775855767,0.01766519876028269,6.229991549107479e-20,0.046671479600454424,0.9847921331254446,-2.940164145220245e-19,0.17373673916082374,-4.537963244596889e-19,4
0.5339999999999966,0.0006377082724463425,0.017665609870987236,6.218810057888669e-20,0.0466713299684331,0.9847921331254317,-2.961416873940874e-19,0.1737367391608966,-4.563421964738339e-19,4
0.5344999999999965,0.0006381457673069806,0.01766602098169143,6.207233890097411e-20,0.04667118033641119,0.984792133125419,-2.959462537911766e-19,0.17373673916096816,-4.589839431348842e-19,4
0.5349999999999965,0.000638583262167493,0.01766643209239528,6.194914710817068e-20,0.0466710307043887,0.9847921331254066,-2.95259029289454e-19,0.17373673916103846,-4.617501400356633e-19,4
0.5354999999999964,0.000639020757027878,0.017666843203098793,6.182217749087462e-20,0.04667088107236565,0.9847921331253944,-2.9346153375576103e-19,0.17373673916110752,-4.64951942604353e-19,4
0.5359999999999964,0.0006394582518881456,0.017667254313801974,6.169085170045137e-20,0.04667073144034204,0.9847921331253824,-2.939081363881905e-19,0.17373673916117532,-4.673727858430575e-19,4
0.5364999999999963,0.0006398957467482919,0.01766766542450483,6.155518304979669e-20,0.04667058180831789,0.9847921331253706,-2.9299262485979547e-19,0.17373673916124194,-4.695245002286483e-19,4
0.5369999999999963,0.000640333241608321,0.017668076535207366,6.141539796289513e-20,0.0466704321762932,0.9847921331253591,-2.930778377228318e-19,0.17373673916130736,-4.714036588266666e-19,4
0.5374999999999962,0.000640770736468237,0.01766848764590959,6.127123463411695e-20,0.046670282544267985,0.9847921331253477,-2.9275055733951386e-19,0.17373673916137164,-4.731445516032277e-19,4
0.5379999999999961,0.0006412082313280385,0.017668898756611505,6.111955525044841e-20,0.04667013291224226,0.9847921331253366,-2.9118395006545036e-19,0.17373673916143478,-4.75555242900181e-19,4
0.5384999999999961,0.0006416457261877297,0.017669309867313118,6.095344047418742e-20,0.04666998328021602,0.9847921331253257,-2.8938046006832466e-19,0.1737367391614968,-4.785117354105132e-19,4
0.538999999999996,0.0006420832210473121,0.017669720978014437,6.078503565362844e-20,0.046669833648189295,0.9847921331253149,-2.8748239010659803e-19,0.17373673916155769,-4.817588562029759e-19,4
0.539499999999996,0.0006425207159067868,0.017670132088715464,6.061160186320296e-20,0.04666968401616208,0.9847921331253043,-2.8494617087402236e-19,0.1737367391616175,-4.850225919875594e-19,4
0.5399999999999959,0.000642958210766158,0.017670543199416206,6.043064223201195e-20,0.04666953438413439,0.984792133125294,-2.8556467224104098e-19,0.17373673916167626,-4.881964180965333e-19,4
0.5404999999999959,0.0006433957056254264,0.017670954310116668,6.024993167641653e-20,0.046669384752106226,0.9847921331252838,-2.8609933736622093e-19,0.173736739161734,-4.917553439846929e-19,4
0.5409999999999958,0.0006438332004845939,0.017671365420816855,6.006769885964994e-20,0.046669235120077604,0.9847921331252738,-2.871601486041751e-19,0.1737367391617907,-4.947462383966224e-19,4
0.5414999999999958,0.0006442706953436614,0.01767177653151677,5.988203684786006e-20,0.04666908548804853,0.984792133125264,-2.8896191201887054e-19,0.17373673916184637,-4.978710478731482e-19,4
0.5419999999999957,0.0006447081902026298,0.01767218764221642,5.969589077339623e-20,0.046668935856019014,0.9847921331252544,-2.885407359418976e-19,0.17373673916190108,-5.015469778580791e-19,4
0.5424999999999957,0.0006451456850615008,0.01767259875291581,5.950397847650999e-20,0.04666878622398907,0.9847921331252449,-2.889459314539687e-19,0.1737367391619548,-5.049811973694225e-19,4
0.5429999999999956,0.0006455831799202786,0.017673009863614947,5.931282273568395e-20,0.0466686365919587,0.9847921331252356,-2.8702121206468433e-19,0.17373673916200758,-5.089947714169982e-19,4
0.5434999999999955,0.000646020674778963,0.01767342097431383,5.912238594454471e-20,0.0466684869599279,0.9847921331252265,-2.79636778091206e-19,0.17373673916205942,-5.143605939898666e-19,4
0.5439999999999955,0.0006464581696375561,0.017673832085012466,5.893390441571729e-20,0.0466683373278967,0.9847921331252175,-2.723339318956303e-19,0.17373673916211033,-5.195291251594831e-19,4
0.5444999999999954,0.0006468956644960619,0.017674243195710863,5.874576800443712e-20,0.046668187695865095,0.9847921331252087,-2.629934473748409e-19,0.17373673916216034,-5.25119777148131e-19,4
0.5449999999999954,0.0006473331593544756,0.01767465430640902,5.855879888422075e-20,0.0466680380638331,0.9847921331252001,-2.5410731507761885e-19,0.17373673916220947,-5.3007747039307145e-19,4
0.5454999999999953,0.0006477706542128037,0.017675065417106946,5.836838881458536e-20,0.04666788843180072,0.9847921331251915,-2.4529350645771095e-19,0.1737367391622577,-5.343639179627333e-19,4
0.5459999999999953,0.0006482081490710472,0.017675476527804643,5.817912667655955e-20,0.046667738799767954,0.9847921331251832,-2.3586837390824387e-19,0.1737367391623051,-5.387680303471272e-19,4
0.5464999999999952,0.0006486456439292103,0.017675887638502117,5.799296322412118e-20,0.046667589167734815,0.984792133125175,-2.249085589251864e-19,0.17373673916235163,-5.433750634715405e-19,4
0.5469999999999952,0.0006490831387872881,0.01767629874919937,5.780769751772148e-20,0.046667439535701315,0.9847921331251669,-2.1712036117218985e-19,0.17373673916239735,-5.4697547459859e-19,4
0.5474999999999951,0.0006495206336452872,0.017676709859896406,5.762100862940796e-20,0.046667289903667454,0.984792133125159,-2.0923082602102812e-19,0.17373673916244226,-5.5018083426181015e-19,4
0.547999999999995,0.0006499581285032083,0.017677120970593232,5.743684123828369e-20,0.04666714027163324,0.9847921331251512,-2.0136753931235413e-19,0.17373673916248636,-5.536027841246016e-19,4
0.548499999999995,0.0006503956233610503,0.01767753208128985,5.725860462110193e-20,0.046666990639598685,0.9847921331251436,-1.9094131682944799e-19,0.17373673916252969,-5.571790066916178e-19,4
0.5489999999999949,0.0006508331182188161,0.017677943191986262,5.707048770273543e-20,0.04666684100756379,0.984792133125136,-1.8100390650711592e-19,0.17373673916257223,-5.6147152464645e-19,4
0.5494999999999949,0.0006512706130765068,0.017678354302682473,5.688674066566827e-20,0.04666669137552856,0.9847921331251287,-1.715288049258263e-19,0.17373673916261403,-5.654716100558273e-19,4
0.5499999999999948,0.0006517081079341231,0.017678765413378487,5.671139582784201e-20,0.04666654174349301,0.9847921331251215,-1.608345661414945e-19,0.17373673916265508,-5.696002938906392e-19,4
0.5504999999999948,0.0006521456027916694,0.01767917652407431,5.653578314319096e-20,0.046666392111457136,0.9847921331251144,-1.547278251869949e-19,0.1737367391626954,-5.736165099631305e-19,4
0.5509999999999947,0.000652583097649143,0.01767958763476994,5.636313534588666e-20,0.04666624247942095,0.9847921331251074,-1.5093956113209655e-19,0.17373673916273502,-5.7755999328277225e-19,4
0.5514999999999947,0.0006530205925065474,0.017679998745465386,5.619696167116719e-20,0.046666092847384454,0.9847921331251005,-1.4902160552010904e-19,0.17373673916277393,-5.810342065029558e-19,4
0.5519999999999946,0.0006534580873638813,0.017680409856160647,5.603872228223782e-20,0.04666594321534766,0.9847921331250937,-1.4614783692463977e-19,0.17373673916281215,-5.84739772474086e-19,4
0.5524999999999946,0.0006538955822211507,0.01768082096685573,5.588416350155585e-20,0.046665793583310564,0.9847921331250871,-1.449210723768823e-19,0.17373673916284968,-5.877947450703473e-19,4
0.5529999999999945,0.0006543330770783536,0.017681232077550638,5.573732185287444e-20,0.04666564395127318,0.9847921331250805,-1.4061916605899122e-19,0.17373673916288654,-5.914362772330781e-19,4
0.5534999999999944,0.0006547705719354908,0.01768164318824537,5.559769489060355e-20,0.04666549431923551,0.9847921331250741,-1.337718429027569e-19,0.17373673916292276,-5.950859643336788e-19,4
0.5539999999999944,0.0006552080667925632,0.017682054298939934,5.546208325917841e-20,0.04666534468719756,0.9847921331250677,-1.2804898755101256e-19,0.17373673916295831,-5.97452879497658e-19,4
0.5544999999999943,0.0006556455616495739,0.01768246540963433,5.532903605547641e-20,0.046665195055159335,0.9847921331250615,-1.2268211919195433e-19,0.17373673916299326,-5.99278705194885e-19,4
0.5549999999999943,0.0006560830565065241,0.017682876520328565,5.520250467413276e-20,0.04666504542312084,0.9847921331250554,-1.1785125851283186e-19,0.17373673916302756,-6.006280303141861e-19,4
0.5554999999999942,0.0006565205513634144,0.01768328763102264,5.50865376052562e-20,0.04666489579108208,0.9847921331250494,-1.112178708205426e-19,0.17373673916306126,-6.016305016258433e-19,4
0.5559999999999942,0.0006569580462202426,0.017683698741716554,5.497773808538615e-20,0.04666474615904306,0.9847921331250435,-1.0531818003532492e-19,0.17373673916309437,-6.019878725398562e-19,4
0.5564999999999941,0.0006573955410770152,0.017684109852410316,5.487435274457713e-20,0.04666459652700379,0.9847921331250378,-9.894241602121297e-20,0.1737367391631269,-6.032713090541763e-19,4
0.556999999999994,0.0006578330359337297,0.017684520963103925,5.477396934246606e-20,0.04666444689496427,0.9847921331250321,-9.507597917695197e-20,0.17373673916315885,-6.044350169890919e-19,4
0.557499999999994,0.0006582705307903871,0.017684932073797385,5.467711787693466e-20,0.0466642972629245,0.9847921331250266,-9.363461177295612e-20,0.1737367391631902,-6.052918226364436e-19,4
0.557999999999994,0.0006587080256469906,0.0176853431844907,5.458741594428489e-20,0.046664147630884494,0.9847921331250211,-8.639034107598265e-20,0.17373673916322102,-6.069420753373306e-19,4
0.5584999999999939,0.0006591455205035379,0.01768575429518387,5.450174357982819e-20,0.04666399799884425,0.9847921331250158,-7.980239654252725e-20,0.17373673916325127,-6.086596513176842e-19,4
0.5589999999999938,0.0006595830153600332,0.0176861654058769,5.442311547402607e-20,0.046663848366803776,0.9847921331250106,-7.459899868676081e-20,0.173736739163281,-6.10325421381853e-19,4
0.5594999999999938,0.0006600205102164763,0.01768657651656979,5.435061891451945e-20,0.04666369873476307,0.9847921331250055,-6.831910360246861e-20,0.1737367391633102,-6.121434822229739e-19,4
0.5599999999999937,0.0006604580050728649,0.017686987627262542,5.428048997509644e-20,0.04666354910272215,0.9847921331250004,-6.60306413509511e-20,0.17373673916333887,-6.13368936071724e-19,4
0.5604999999999937,0.0006608954999292056,0.017687398737955162,5.421814355250868e-20,0.046663399470681,0.9847921331249954,-6.193823090225056e-20,0.17373673916336704,-6.149713531727329e-19,4
0.5609999999999936,0.0006613329947854936,0.01768780984864765,5.4160586004543433e-20,0.04666324983863965,0.9847921331249905,-5.959223336931954e-20,0.17373673916339472,-6.159825003479225e-19,4
0.5614999999999936,0.0006617704896417346,0.01768822095934001,5.411252581307131e-20,0.04666310020659808,0.9847921331249857,-5.703629503678887e-20,0.1737367391634219,-6.171702762162875e-19,4
0.5619999999999935,0.0006622079844979294,0.017688632070032247,5.406778326495573e-20,0.0466629505745563,0.984792133124981,-5.591796379537713e-20,0.1737367391634486,-6.180667866123826e-19,4
0.5624999999999934,0.0006626454793540756,0.017689043180724357,5.4026880468599125e-20,0.04666280094251432,0.9847921331249764,-5.46245461417214e-20,0.1737367391634748,-6.190000370035362e-19,4
0.5629999999999934,0.0006630829742101742,0.017689454291416346,5.3989525176936615e-20,0.04666265131047215,0.9847921331249718,-5.463165535105814e-20,0.17373673916350055,-6.198869272837331e-19,4
0.5634999999999933,0.0006635204690662285,0.017689865402108217,5.395548376292057e-20,0.04666250167842978,0.9847921331249674,-5.45070056978976e-20,0.17373673916352583,-6.211386735609839e-19,4
0.5639999999999933,0.0006639579639222382,0.01769027651279997,5.392545032001394e-20,0.04666235204638722,0.984792133124963,-5.851175747497978e-20,0.17373673916355067,-6.225226262305853e-19,4
0.5644999999999932,0.0006643954587782045,0.01769068762349161,5.390021595991302e-20,0.04666220241434447,0.9847921331249587,-5.94566915157663e-20,0.17373673916357507,-6.250241805458616e-19,4
0.5649999999999932,0.0006648329536341274,0.017691098734183133,5.38810027089486e-20,0.04666205278230153,0.9847921331249545,-5.865143128357667e-20,0.17373673916359902,-6.277968399907617e-19,4
0.5654999999999931,0.0006652704484900074,0.017691509844874546,5.3866628741601835e-20,0.046661903150258414,0.9847921331249504,-5.73091853737255e-20,0.17373673916362256,-6.301603064219024e-19,4
0.5659999999999931,0.0006657079433458459,0.017691920955565852,5.385530596590995e-20,0.046661753518215124,0.9847921331249463,-5.732761440575365e-20,0.17373673916364568,-6.323423964856802e-19,4
0.566499999999993,0.0006661454382016425,0.01769233206625705,5.3850842449285227e-20,0.04666160388617166,0.9847921331249423,-5.921218421228093e-20,0.17373673916366839,-6.338405172905809e-19,4
0.566999999999993,0.0006665829330574007,0.017692743176948144,5.3850900488252294e-20,0.04666145425412802,0.9847921331249384,-5.797640550905192e-20,0.17373673916369067,-6.356742223528275e-19,4
0.5674999999999929,0.0006670204279131181,0.017693154287639134,5.3856454580195e-20,0.04666130462208422,0.9847921331249345,-5.869930780069045e-20,0.17373673916371257,-6.371495020070086e-19,4
0.5679999999999928,0.0006674579227687979,0.017693565398330023,5.3866222661455495e-20,0.04666115499004025,0.9847921331249307,-5.803879356433985e-20,0.17373673916373408,-6.384425495158946e-19,4
0.5684999999999928,0.0006678954176244409,0.017693976509020815,5.387972273797605e-20,0.04666100535799612,0.984792133124927,-5.758271840914928e-20,0.1737367391637552,-6.40215102343018e-19,4
0.5689999999999927,0.0006683329124800472,0.01769438761971151,5.389601388785517e-20,0.04666085572595183,0.9847921331249233,-5.583012718368707e-20,0.17373673916377597,-6.418522790131237e-19,4
0.5694999999999927,0.0006687704073356146,0.017694798730402108,5.391136496192351e-20,0.046660706093907385,0.9847921331249198,-5.678912502029706e-20,0.17373673916379634,-6.433774559066587e-19,4
0.5699999999999926,0.0006692079021911461,0.017695209841092612,5.393144910431386e-20,0.04666055646186279,0.9847921331249162,-5.92662627434298e-20,0.17373673916381635,-6.453089031920324e-19,4
0.5704999999999926,0.0006696453970466426,0.017695620951783026,5.395578715531771e-20,0.04666040682981805,0.9847921331249128,-6.015357027915847e-20,0.173736739163836,-6.477815096837497e-19,4
0.5709999999999925,0.0006700828919021043,0.01769603206247335,5.3980954402025e-20,0.04666025719777316,0.9847921331249093,-6.260462543627729e-20,0.17373673916385532,-6.499653453664912e-19,4
0.5714999999999925,0.0006705203867575309,0.017696443173163583,5.4010773060869395e-20,0.04666010756572813,0.984792133124906,-6.259379814230659e-20,0.17373673916387428,-6.525893026720174e-19,4
0.5719999999999924,0.0006709578816129236,0.01769685428385373,5.404530774437243e-20,0.04665995793368296,0.9847921331249027,-6.18332897489842e-20,0.1737367391638929,-6.551834296287998e-19,4
0.5724999999999923,0.0006713953764682823,0.01769726539454379,5.408099237314067e-20,0.04665980830163765,0.9847921331248994,-6.102831480140456e-20,0.1737367391639112,-6.576606990703928e-19,4
0.5729999999999923,0.0006718328713236101,0.017697676505233767,5.4119333894619224e-20,0.0466596586695922,0.9847921331248962,-5.977463444143066e-20,0.17373673916392918,-6.600830769798428e-19,4
0.5734999999999922,0.000672270366178908,0.017698087615923664,5.415828294434193e-20,0.04665950903754662,0.9847921331248931,-5.888771444323815e-20,0.17373673916394683,-6.621575078785748e-19,4
0.5739999999999922,0.0006727078610341728,0.017698498726613478,5.4199315554533274e-20,0.04665935940550091,0.98479213312489,-5.851858185029658e-20,0.17373673916396418,-6.636988091508411e-19,4
0.5744999999999921,0.0006731453558894053,0.01769890983730321,5.42434523001214e-20,0.04665920977345507,0.984792133124887,-5.801532011988062e-20,0.17373673916398122,-6.655089791822122e-19,4
0.5749999999999921,0.0006735828507446112,0.01769932094799287,5.429031051525965e-20,0.0466590601414091,0.984792133124884,-5.672548252534482e-20,0.17373673916399796,-6.669632849942655e-19,4
0.575499999999992,0.0006740203455997858,0.01769973205868245,5.433898404314556e-20,0.046658910509363015,0.9847921331248811,-5.532573132402302e-20,0.1737367391640144,-6.685423413695601e-19,4
0.575999999999992,0.0006744578404549312,0.017700143169371955,5.438805363316415e-20,0.0466587608773168,0.9847921331248782,-5.457437484036089e-20,0.1737367391640305,-6.701123655733715e-19,4
0.5764999999999919,0.0006748953353100486,0.017700554280061388,5.444076270898564e-20,0.04665861124527047,0.9847921331248755,-5.198171402050949e-20,0.17373673916404636,-6.720784365785478e-19,4
0.5769999999999919,0.0006753328301651379,0.017700965390750747,5.449736448429395e-20,0.046658461613224025,0.9847921331248727,-4.957886023045688e-20,0.17373673916406193,-6.742314130227275e-19,4
0.5774999999999918,0.0006757703250201999,0.017701376501440037,5.45568322582033e-20,0.04665831198117747,0.98479213312487,-4.628210323446292e-20,0.17373673916407723,-6.761283362382691e-19,4
0.5779999999999917,0.0006762078198752346,0.017701787612129257,5.46156608972706e-20,0.0466581623491308,0.9847921331248674,-4.2294491576027065e-20,0.17373673916409224,-6.773634648291915e-19,4
0.5784999999999917,0.0006766453147302423,0.017702198722818408,5.467710196255275e-20,0.046658012717084016,0.9847921331248648,-3.525149898875233e-20,0.17373673916410698,-6.801600355855512e-19,4
0.5789999999999916,0.0006770828095852259,0.017702609833507493,5.473949003239815e-20,0.046657863085037124,0.9847921331248622,-2.8131001794857824e-20,0.17373673916412147,-6.826963598243542e-19,4
0.5794999999999916,0.0006775203044401832,0.017703020944196513,5.480238999929891e-20,0.04665771345299013,0.9847921331248597,-2.0853630127971705e-20,0.1737367391641357,-6.850392833687478e-19,4
0.5799999999999915,0.000677957799295114,0.017703432054885466,5.486664314339609e-20,0.04665756382094303,0.9847921331248572,-1.3577453387020818e-20,0.17373673916414967,-6.875495298589208e-19,4
0.5804999999999915,0.0006783952941500219,0.017703843165574357,5.493309362463103e-20,0.046657414188895824,0.9847921331248548,-8.157196068503859e-21,0.17373673916416338,-6.894677772496784e-19,4
0.5809999999999914,0.0006788327890049043,0.017704254276263185,5.500208267205257e-20,0.04665726455684852,0.9847921331248525,-1.2934607073923644e-21,0.17373673916417687,-6.914911404276951e-19,4
0.5814999999999914,0.000679270283859761,0.01770466538695195,5.507655858259727e-20,0.046657114924801124,0.9847921331248501,5.8595209110084986e-21,0.1737367391641901,-6.935123318114356e-19,4
0.5819999999999913,0.0006797077787145958,0.017705076497640658,5.515469174293745e-20,0.04665696529275363,0.9847921331248478,1.3016002217651387e-20,0.1737367391642031,-6.956829724966604e-19,4
0.5824999999999912,0.0006801452735694083,0.017705487608329306,5.523369876486596e-20,0.046656815660706036,0.9847921331248456,1.6821822037778132e-20,0.17373673916421586,-6.96435300409632e-19,4
0.5829999999999912,0.0006805827684241962,0.017705898719017895,5.531672781804662e-20,0.04665666602865835,0.9847921331248434,1.9785631507225067e-20,0.1737367391642284,-6.967216484682141e-19,4
0.5834999999999911,0.0006810202632789629,0.01770630982970643,5.540758117348575e-20,0.04665651639661058,0.9847921331248412,2.3301713748805204e-20,0.17373673916424073,-6.968936847371261e-19,4
0.5839999999999911,0.0006814577581337083,0.017706720940394906,5.550296742380613e-20,0.046656366764562716,0.984792133124839,2.40207844172283e-20,0.17373673916425283,-6.9659995106488345e-19,4
0.584499999999991,0.0006818952529884321,0.01770713205108333,5.559712775411632e-20,0.04665621713251476,0.9847921331248369,2.3486000282111324e-20,0.17373673916426471,-6.959883038136029e-19,4
0.584999999999991,0.0006823327478431357,0.0177075431617717,5.569616514323812e-20,0.046656067500466726,0.9847921331248348,2.3730538781303898e-20,0.17373673916427637,-6.958495441550702e-19,4
0.5854999999999909,0.0006827702426978157,0.017707954272460014,5.579843189910574e-20,0.046655917868418606,0.9847921331248328,2.2697389143149338e-20,0.17373673916428783,-6.955223956019496e-19,4
0.5859999999999909,0.0006832077375524752,0.017708365383148277,5.59065879241583e-20,0.0466557682363704,0.9847921331248308,2.3458006141579242e-20,0.1737367391642991,-6.953279930134117e-19,4
0.5864999999999908,0.0006836452324071174,0.01770877649383649,5.601558787187745e-20,0.046655618604322116,0.9847921331248288,2.2592731882050533e-20,0.17373673916431015,-6.943988129877542e-19,4
0.5869999999999908,0.0006840827272617394,0.017709187604524654,5.612667107689977e-20,0.046655468972273746,0.9847921331248269,2.3959766247243716e-20,0.173736739164321,-6.936890906236571e-19,4
0.5874999999999907,0.0006845202221163416,0.017709598715212767,5.623600728012839e-20,0.0466553193402253,0.984792133124825,2.128085489393377e-20,0.17373673916433166,-6.927160138124274e-19,4
0.5879999999999906,0.0006849577169709277,0.017710009825900836,5.634572209943237e-20,0.04665516970817678,0.9847921331248232,1.5900406432898175e-20,0.17373673916434212,-6.916204178137816e-19,4
0.5884999999999906,0.0006853952118254943,0.017710420936588856,5.645636278504129e-20,0.04665502007612818,0.9847921331248214,7.993831034059835e-21,0.17373673916435242,-6.898084498719168e-19,4
0.5889999999999905,0.0006858327066800421,0.01771083204727683,5.657008458265955e-20,0.04665487044407951,0.9847921331248196,9.012729773846924e-22,0.17373673916436252,-6.880714100711131e-19,4
0.5894999999999905,0.0006862702015345704,0.017711243157964757,5.668697845954807e-20,0.046654720812030766,0.9847921331248178,-5.793186261691766e-21,0.17373673916437246,-6.8637941891839995e-19,4
0.5899999999999904,0.0006867076963890834,0.017711654268652642,5.680410085875882e-20,0.04665457117998195,0.9847921331248162,-1.2018812262413367e-20,0.1737367391643822,-6.841201568643338e-19,4
0.5904999999999904,0.0006871451912435777,0.01771206537934048,5.691871947951562e-20,0.04665442154793307,0.9847921331248145,-1.8274782027432564e-20,0.17373673916439178,-6.82728726334334e-19,4
0.5909999999999903,0.0006875826860980567,0.01771247649002828,5.703337133843798e-20,0.046654271915884116,0.9847921331248128,-2.72587664990161e-20,0.1737367391644012,-6.805572583474161e-19,4
0.5914999999999903,0.0006880201809525169,0.017712887600716033,5.715184216417166e-20,0.046654122283835094,0.9847921331248112,-3.4873273639694985e-20,0.17373673916441043,-6.7865504944701585e-19,4
0.5919999999999902,0.0006884576758069626,0.017713298711403747,5.72679636325729e-20,0.04665397265178601,0.9847921331248096,-4.4967197801692394e-20,0.1737367391644195,-6.758146238876769e-19,4
0.5924999999999901,0.0006888951706613905,0.01771370982209142,5.738067405025836e-20,0.04665382301973686,0.9847921331248081,-5.169083934775385e-20,0.17373673916442842,-6.733228623059248e-19,4
0.5929999999999901,0.0006893326655158032,0.017714120932779052,5.74923995913906e-20,0.046653673387687646,0.9847921331248065,-6.103695108439751e-20,0.17373673916443716,-6.702375618018434e-19,4
0.59349999999999,0.0006897701603701989,0.017714532043466645,5.76026033554167e-20,0.046653523755638374,0.984792133124805,-7.220325992099213e-20,0.17373673916444576,-6.673157078514207e-19,4
0.59399999999999,0.0006902076552245802,0.0177149431541542,5.770975084111571e-20,0.04665337412358904,0.9847921331248035,-8.277330285870649e-20,0.1737367391644542,-6.645888898385047e-19,4
0.5944999999999899,0.0006906451500789468,0.017715354264841717,5.781489489045986e-20,0.04665322449153964,0.9847921331248021,-9.220112881032493e-20,0.1737367391644625,-6.621253813462327e-19,4
0.5949999999999899,0.0006910826449332967,0.017715765375529196,5.791807784892123e-20,0.04665307485949019,0.9847921331248006,-1.0202805622212196e-19,0.17373673916447063,-6.598646437696067e-19,4
0.5954999999999898,0.0006915201397876354,0.01771617648621664,5.801833507156414e-20,0.046652925227440675,0.9847921331247992,-1.1137528057889103e-19,0.17373673916447863,-6.579182163364679e-19,4
0.5959999999999898,0.0006919576346419603,0.01771658759690405,5.81147616060586e-20,0.046652775595391105,0.9847921331247979,-1.2149158238021648e-19,0.17373673916448648,-6.55484489420142e-19,4
0.5964999999999897,0.0006923951294962717,0.017716998707591424,5.820775399327629e-20,0.04665262596334148,0.9847921331247965,-1.3164696263372646e-19,0.1737367391644942,-6.522950829700173e-19,4
0.5969999999999897,0.0006928326243505695,0.017717409818278764,5.829680751552156e-20,0.0466524763312918,0.9847921331247952,-1.4160516613760112e-19,0.17373673916450177,-6.497315068492421e-19,4
0.5974999999999896,0.0006932701192048511,0.01771782092896607,5.838061399035168e-20,0.04665232669924207,0.9847921331247939,-1.5124568314910066e-19,0.1737367391645092,-6.469166511232013e-19,4
0.5979999999999895,0.0006937076140591193,0.01771823203965334,5.845923624248397e-20,0.04665217706719228,0.9847921331247925,-1.587509780944101e-19,0.1737367391645165,-6.452622240920845e-19,4
0.5984999999999895,0.0006941451089133748,0.01771864315034058,5.852843621894977e-20,0.04665202743514245,0.9847921331247913,-1.6800079784607717e-19,0.1737367391645237,-6.433874258964892e-19,4
0.5989999999999894,0.0006945826037676198,0.017719054261027788,5.859587258019666e-20,0.04665187780309256,0.9847921331247901,-1.7410434552274042e-19,0.17373673916453075,-6.416453313184477e-19,4
0.5994999999999894,0.0006950200986218522,0.017719465371714965,5.865413743178022e-20,0.04665172817104262,0.9847921331247889,-1.8098149981289804e-19,0.17373673916453766,-6.3881594379146765e-19,4
0.5999999999999893,0.0006954575934760718,0.01771987648240211,5.870909532053454e-20,0.046651578538992634,0.9847921331247876,-1.8505615232124871e-19,0.17373673916454446,-6.36711452885151e-19,4
0.6004999999999893,0.0006958950883302786,0.017720287593089225,5.875985320263672e-20,0.0466514289069426,0.9847921331247864,-1.8586200716176913e-19,0.17373673916455115,-6.349726658324867e-19,4
0.6009999999999892,0.0006963325831844736,0.01772069870377631,5.880567613399307e-20,0.04665127927489252,0.9847921331247853,-1.8619448521552141e-19,0.1737367391645577,-6.336690207239895e-19,4
0.6014999999999892,0.0006967700780386559,0.017721109814463367,5.884656899256196e-20,0.0466511296428424,0.9847921331247842,-1.9020231162340488e-19,0.17373673916456414,-6.308283545559276e-19,4
0.6019999999999891,0.0006972075728928264,0.017721520925150395,5.888205782595809e-20,0.04665098001079223,0.9847921331247831,-1.9432422079815668e-19,0.17373673916457047,-6.28241543734529e-19,4
0.602499999999989,0.0006976450677469874,0.017721932035837395,5.891211788467405e-20,0.046650830378742014,0.984792133124782,-1.9807427235972768e-19,0.1737367391645767,-6.258886278475913e-19,4
0.602999999999989,0.0006980825626011366,0.017722343146524367,5.893295567367955e-20,0.04665068074669176,0.9847921331247809,-2.0341785882372986e-19,0.1737367391645828,-6.236777533446653e-19,4
0.6034999999999889,0.0006985200574552739,0.01772275425721131,5.89478678673063e-20,0.04665053111464146,0.9847921331247798,-2.0777828353667285e-19,0.1737367391645888,-6.217899270197971e-19,4
0.6039999999999889,0.0006989575523094026,0.017723165367898232,5.895395059101878e-20,0.04665038148259112,0.9847921331247788,-2.1355221378620423e-19,0.17373673916459467,-6.210519246534551e-19,4
0.6044999999999888,0.0006993950471635194,0.017723576478585124,5.895215424521754e-20,0.046650231850540735,0.9847921331247778,-2.201297673845566e-19,0.17373673916460045,-6.202595553503956e-19,4
0.6049999999999888,0.0006998325420176279,0.017723987589271992,5.894519871861865e-20,0.04665008221849031,0.9847921331247768,-2.258606548230655e-19,0.17373673916460614,-6.191942043484616e-19,4
0.6054999999999887,0.0007002700368717218,0.017724398699958833,5.893283681576522e-20,0.04664993258643985,0.9847921331247758,-2.3234796992461494e-19,0.17373673916461171,-6.17995818028734e-19,4
0.6059999999999887,0.0007007075317258073,0.01772480981064565,5.891157486550161e-20,0.04664978295438935,0.9847921331247748,-2.377497817361083e-19,0.17373673916461718,-6.168214667013197e-19,4
0.6064999999999886,0.0007011450265798844,0.01772522092133244,5.888364935523193e-20,0.04664963332233881,0.9847921331247738,-2.416873910207091e-19,0.17373673916462257,-6.15137967540149e-19,4
0.6069999999999885,0.0007015825214339535,0.017725632032019212,5.885389738197505e-20,0.046649483690288235,0.9847921331247729,-2.426758359547471e-19,0.17373673916462784,-6.139999783338863e-19,4
0.6074999999999885,0.0007020200162880118,0.01772604314270596,5.881884062938326e-20,0.046649334058237624,0.984792133124772,-2.44135131884266e-19,0.17373673916463303,-6.128041417012452e-19,4
0.6079999999999884,0.0007024575111420591,0.01772645425339268,5.877724849293271e-20,0.04664918442618698,0.9847921331247711,-2.4404599581330673e-19,0.17373673916463814,-6.113875932559657e-19,4
0.6084999999999884,0.0007028950059960987,0.017726865364079383,5.872696280815985e-20,0.0466490347941363,0.9847921331247702,-2.441477861963875e-19,0.17373673916464313,-6.103946932125733e-19,4
0.6089999999999883,0.0007033325008501273,0.01772727647476606,5.86683324535603e-20,0.04664888516208558,0.9847921331247693,-2.436474741377504e-19,0.17373673916464805,-6.09666970511449e-19,4
0.6094999999999883,0.0007037699957041483,0.017727687585452716,5.860168701893768e-20,0.04664873553003483,0.9847921331247684,-2.4358247485203154e-19,0.17373673916465288,-6.091612469049155e-19,4
0.6099999999999882,0.0007042074905581616,0.017728098696139352,5.853094140964372e-20,0.04664858589798405,0.9847921331247675,-2.4133931604573952e-19,0.17373673916465762,-6.090028243293087e-19,4
0.6104999999999882,0.0007046449854121672,0.017728509806825967,5.845724930825692e-20,0.04664843626593323,0.9847921331247668,-2.399102231753582e-19,0.17373673916466228,-6.084430871594155e-19,4
0.6109999999999881,0.0007050824802661627,0.01772892091751256,5.838189229659889e-20,0.04664828663388238,0.984792133124766,-2.3757121437110648e-19,0.17373673916466686,-6.076463388372681e-19,4
0.611499999999988,0.0007055199751201506,0.017729332028199134,5.830049033097407e-20,0.0466481370018315,0.9847921331247652,-2.3552819706999027e-19,0.17373673916467136,-6.069376351070498e-19,4
0.611999999999988,0.0007059574699741316,0.01772974313888569,5.821401756231625e-20,0.04664798736978059,0.9847921331247644,-2.3377347656295897e-19,0.17373673916467577,-6.069431312316535e-19,4
0.6124999999999879,0.0007063949648281048,0.017730154249572225,5.81228317829946e-20,0.046647837737729646,0.9847921331247637,-2.338474936912135e-19,0.1737367391646801,-6.060264313945974e-19,4
0.6129999999999879,0.0007068324596820714,0.017730565360258743,5.80296088616631e-20,0.046647688105678674,0.9847921331247629,-2.3420245174542644e-19,0.17373673916468435,-6.053589692906498e-19,4
0.6134999999999878,0.0007072699545360278,0.01773097647094524,5.793480830579086e-20,0.046647538473627674,0.9847921331247621,-2.3342282635504216e-19,0.17373673916468854,-6.052868153697335e-19,4
0.6139999999999878,0.0007077074493899774,0.01773138758163172,5.783761833968714e-20,0.04664738884157665,0.9847921331247613,-2.3209990657428303e-19,0.17373673916469265,-6.057491532644438e-19,4
0.6144999999999877,0.0007081449442439202,0.017731798692318182,5.773507133015137e-20,0.04664723920952559,0.9847921331247607,-2.341402706736529e-19,0.17373673916469667,-6.055718305653529e-19,4
0.6149999999999877,0.0007085824390978563,0.017732209803004627,5.762886515857268e-20,0.04664708957747451,0.98479213312476,-2.3640659657487653e-19,0.17373673916470064,-6.052554879030213e-19,4
0.6154999999999876,0.0007090199339517855,0.017732620913691054,5.751701375760392e-20,0.0466469399454234,0.9847921331247593,-2.404834266915058e-19,0.17373673916470453,-6.049091934252237e-19,4
0.6159999999999876,0.0007094574288057078,0.017733032024377465,5.740491041840095e-20,0.04664679031337226,0.9847921331247587,-2.433004527719326e-19,0.17373673916470836,-6.052331466532883e-19,4
0.6164999999999875,0.0007098949236596234,0.017733443135063857,5.728497287928172e-20,0.04664664068132109,0.984792133124758,-2.498588595545292e-19,0.1737367391647121,-6.047108961507475e-19,4
0.6169999999999874,0.0007103324185135299,0.017733854245750233,5.716374936954882e-20,0.046646491049269906,0.9847921331247573,-2.5676228105294166e-19,0.1737367391647158,-6.03413174648554e-19,4
0.6174999999999874,0.0007107699133674327,0.017734265356436595,5.70366415856393e-20,0.04664634141721869,0.9847921331247567,-2.6509778023559124e-19,0.1737367391647194,-6.018786912076755e-19,4
0.6179999999999873,0.0007112074082213264,0.01773467646712294,5.690586556444656e-20,0.046646191785167455,0.984792133124756,-2.705731516869635e-19,0.17373673916472296,-6.011817481571933e-19,4
0.6184999999999873,0.0007116449030752165,0.01773508757780927,5.677219617468925e-20,0.04664604215311619,0.9847921331247553,-2.769252731901098e-19,0.17373673916472646,-6.002931695279895e-19,4
0.6189999999999872,0.0007120823979290974,0.017735498688495582,5.663356327885679e-20,0.04664589252106491,0.9847921331247548,-2.8128090281653836e-19,0.17373673916472987,-5.999653846050209e-19,4
0.6194999999999872,0.0007125198927829748,0.01773590979918188,5.648998825318856e-20,0.046645742889013596,0.9847921331247542,-2.8597229676886853e-19,0.17373673916473323,-5.994792129658858e-19,4
0.6199999999999871,0.0007129573876368463,0.017736320909868167,5.63448924522229e-20,0.04664559325696226,0.9847921331247537,-2.90039358352256e-19,0.17373673916473653,-5.998495609437519e-19,4
0.6204999999999871,0.0007133948824907118,0.017736732020554438,5.619536872448394e-20,0.04664544362491091,0.9847921331247531,-2.9508452735763483e-19,0.17373673916473978,-5.997896650429924e-19,4
0.620999999999987,0.0007138323773445715,0.017737143131240696,5.60384038725595e-20,0.046645293992859535,0.9847921331247526,-2.9862139659751197e-19,0.17373673916474297,-5.998003695765988e-19,4
0.621499999999987,0.0007142698721984252,0.01773755424192694,5.588122773091661e-20,0.04664514436080814,0.984792133124752,-3.0340321904446224e-19,0.1737367391647461,-5.991504145963514e-19,4
0.6219999999999869,0.0007147073670522731,0.01773796535261317,5.572134024170311e-20,0.046644994728756724,0.9847921331247514,-3.057563892543475e-19,0.1737367391647492,-5.990163506118956e-19,4
0.6224999999999868,0.0007151448619061149,0.017738376463299385,5.555522924222273e-20,0.04664484509670529,0.9847921331247509,-3.0832775704850537e-19,0.1737367391647522,-5.98340575261943e-19,4
0.6229999999999868,0.0007155823567599508,0.017738787573985587,5.538504700110823e-20,0.04664469546465383,0.9847921331247503,-3.1010547322151164e-19,0.17373673916475518,-5.978735508835374e-19,4
0.6234999999999867,0.0007160198516137809,0.017739198684671775,5.521122675533256e-20,0.04664454583260235,0.9847921331247498,-3.104271521848054e-19,0.1737367391647581,-5.979435172301732e-19,4
0.6239999999999867,0.0007164573464676083,0.017739609795357953,5.503067096589837e-20,0.04664439620055085,0.9847921331247492,-3.0961322364748445e-19,0.17373673916476096,-5.984317519558065e-19,4
0.6244999999999866,0.0007168948413214297,0.017740020906044117,5.484715146773906e-20,0.04664424656849933,0.9847921331247499,-3.101199432176619e-19,0.17373673916476395,-5.983398156947368e-19,4
0.6249999999999866,0.0007173323361752461,0.01774043201673027,5.466541931027607e-20,0.0466440969364478,0.9847921331247494,-3.080246563379883e-19,0.1737367391647667,-5.987825053510771e-19,4
0.6254999999999865,0.0007177698310290566,0.01774084312741641,5.448076196832241e-20,0.04664394730439624,0.984792133124749,-3.0962028633760486e-19,0.17373673916476942,-5.989325469935719e-19,4
0.6259999999999865,0.0007182073258828619,0.01774125423810254,5.429120449469932e-20,0.046643797672344674,0.9847921331247486,-3.119718807998552e-19,0.17373673916477209,-5.994756078142162e-19,4
0.6264999999999864,0.0007186448207366649,0.017741665348788658,5.4099890095846753e-20,0.046643648040293084,0.9847921331247481,-3.131859539381443e-19,0.1737367391647747,-5.998660596687965e-19,4
0.6269999999999863,0.0007190823155904618,0.017742076459474763,5.3903678155622977e-20,0.046643498408241474,0.9847921331247477,-3.1220641196414865e-19,0.17373673916477725,-6.011450918334083e-19,4
0.6274999999999863,0.0007195198104442534,0.017742487570160857,5.370642975564698e-20,0.04664334877618985,0.9847921331247472,-3.09949540359174e-19,0.17373673916477977,-6.021904899556738e-19,4
0.6279999999999862,0.0007199573052980403,0.01774289868084694,5.3504408520057103e-20,0.04664319914413821,0.9847921331247468,-3.104408596362964e-19,0.17373673916478224,-6.032961352290416e-19,4
0.6284999999999862,0.0007203948001518244,0.017743309791533015,5.329892652522887e-20,0.04664304951208655,0.9847921331247463,-3.1093915441587983e-19,0.1737367391647847,-6.043456388244457e-19,4
0.6289999999999861,0.0007208322950056036,0.017743720902219078,5.309283407415153e-20,0.04664289988003488,0.9847921331247459,-3.1337749694614207e-19,0.17373673916478707,-6.0542073198600325e-19,4
0.6294999999999861,0.0007212697898593776,0.01774413201290513,5.2884829259001186e-20,0.04664275024798319,0.9847921331247455,-3.149297099566781e-19,0.1737367391647894,-6.066935889334478e-19,4
0.629999999999986,0.0007217072847131491,0.017744543123591174,5.2674824646087685e-20,0.046642600615931486,0.984792133124745,-3.1823025793988307e-19,0.1737367391647917,-6.074445589695707e-19,4
0.630499999999986,0.0007221447795669156,0.017744954234277206,5.2466038099941473e-20,0.046642450983879764,0.9847921331247446,-3.194764145567317e-19,0.17373673916479396,-6.085465524826458e-19,4
0.6309999999999859,0.0007225822744206769,0.017745365344963227,5.2252569369530506e-20,0.04664230135182803,0.9847921331247441,-3.2334815481367383e-19,0.17373673916479618,-6.097893798523063e-19,4
0.6314999999999859,0.0007230197692744363,0.017745776455649242,5.203760639534516e-20,0.04664215171977628,0.9847921331247438,-3.254227623414445e-19,0.17373673916479837,-6.110890752881391e-19,4
0.6319999999999858,0.0007234572641281909,0.017746187566335246,5.182066146987998e-20,0.04664200208772452,0.9847921331247435,-3.2795045844191056e-19,0.1737367391648005,-6.12120195615687e-19,4
0.6324999999999857,0.0007238947589819404,0.01774659867702124,5.1605065468756105e-20,0.04664185245567274,0.9847921331247431,-3.307974128985114e-19,0.17373673916480262,-6.134006542669763e-19,4
0.6329999999999857,0.0007243322538356882,0.017747009787707227,5.139031916893225e-20,0.04664170282362095,0.9847921331247428,-3.335437788537159e-19,0.17373673916480467,-6.144232217472636e-19,4
0.6334999999999856,0.0007247697486894309,0.017747420898393203,5.1171780306232056e-20,0.046641553191569145,0.9847921331247425,-3.368147736399421e-19,0.1737367391648067,-6.158267801047246e-19,4
0.6339999999999856,0.0007252072435431718,0.017747832009079173,5.095091891708855e-20,0.046641403559517326,0.9847921331247421,-3.4107885942676736e-19,0.1737367391648087,-6.172022641887224e-19,4
0.6344999999999855,0.0007256447383969078,0.017748243119765132,5.0715753447807244e-20,0.046641253927465494,0.9847921331247418,-3.448644062901391e-19,0.17373673916481064,-6.189771821655649e-19,4
0.6349999999999855,0.0007260822332506417,0.017748654230451084,5.0477009691995747e-20,0.04664110429541365,0.9847921331247415,-3.4845663650607456e-19,0.17373673916481255,-6.198516211828361e-19,4
0.6354999999999854,0.0007265197281043686,0.017749065341137026,5.023389099095631e-20,0.046640954663361794,0.9847921331247411,-3.5376320772326215e-19,0.17373673916481444,-6.201760228897852e-19,4
0.6359999999999854,0.0007269572229580935,0.01774947645182296,4.999010540166067e-20,0.04664080503130993,0.9847921331247408,-3.575296609168703e-19,0.1737367391648163,-6.206302289930009e-19,4
0.6364999999999853,0.0007273947178118166,0.01774988756250889,4.9746504198688806e-20,0.046640655399258046,0.9847921331247405,-3.6170470364630818e-19,0.17373673916481813,-6.214517483784335e-19,4
0.6369999999999852,0.000727832212665538,0.01775029867319481,4.949401821105231e-20,0.04664050576720615,0.9847921331247401,-3.6357078975689477e-19,0.1737367391648199,-6.233313914702287e-19,4
0.6374999999999852,0.000728269707519252,0.01775070978388072,4.923107840396599e-20,0.04664035613515425,0.9847921331247398,-3.6352640102170205e-19,0.17373673916482166,-6.258537444715339e-19,4
0.6379999999999851,0.0007287072023729642,0.017751120894566624,4.8966735731731627e-20,0.046640206503102334,0.9847921331247395,-3.649057585953695e-19,0.17373673916482338,-6.281322076331486e-19,4
0.6384999999999851,0.0007291446972266747,0.01775153200525252,4.870054604259802e-20,0.046640056871050405,0.9847921331247391,-3.664485132605759e-19,0.17373673916482507,-6.303704370987393e-19,4
0.638999999999985,0.000729582192080381,0.01775194311593841,4.843310168918295e-20,0.04663990723899847,0.9847921331247388,-3.67339871367942e-19,0.17373673916482674,-6.328178694969564e-19,4
0.639499999999985,0.0007300196869340854,0.017752354226624294,4.8164816832008657e-20,0.04663975760694652,0.9847921331247385,-3.68225266149301e-19,0.17373673916482837,-6.353947887512342e-19,4
0.6399999999999849,0.0007304571817877858,0.01775276533731017,4.789821511152658e-20,0.04663960797489456,0.9847921331247381,-3.6674953034334434e-19,0.17373673916482998,-6.381902735301023e-19,4
0.6404999999999849,0.0007308946766414844,0.01775317644799604,4.762798192777313e-20,0.04663945834284259,0.9847921331247378,-3.6710696807317937e-19,0.17373673916483157,-6.405265587900164e-19,4
0.6409999999999848,0.0007313321714951789,0.0177535875586819,4.7358083659370313e-20,0.04663930871079061,0.9847921331247376,-3.656738644255836e-19,0.17373673916483312,-6.428563615700169e-19,4
0.6414999999999847,0.0007317696663488715,0.017753998669367756,4.708890682314748e-20,0.04663915907873862,0.9847921331247373,-3.642052225133188e-19,0.17373673916483465,-6.453115224313467e-19,4
0.6419999999999847,0.00073220716120256,0.017754409780053604,4.681475744180304e-20,0.04663900944668662,0.9847921331247371,-3.64520031226696e-19,0.17373673916483615,-6.475182907306388e-19,4
0.6424999999999846,0.00073264465605625,0.01775482089073945,4.654174831543655e-20,0.04663885981463461,0.9847921331247369,-3.6340197491838786e-19,0.17373673916483762,-6.503083149781166e-19,4
0.6429999999999846,0.0007330821509099359,0.017755232001425286,4.6267177431779304e-20,0.04663871018258259,0.9847921331247367,-3.63464225615197e-19,0.17373673916483906,-6.528352064634571e-19,4
0.6434999999999845,0.0007335196457636176,0.017755643112111117,4.5993607264881886e-20,0.04663856055053056,0.9847921331247365,-3.5982960693780366e-19,0.17373673916484048,-6.566992305653454e-19,4
0.6439999999999845,0.0007339571406172976,0.01775605422279694,4.571775275235392e-20,0.04663841091847852,0.9847921331247362,-3.5559706561296444e-19,0.17373673916484186,-6.610366000034608e-19,4
0.6444999999999844,0.0007343946354709766,0.01775646533348276,4.543959387129468e-20,0.04663826128642647,0.984792133124736,-3.5522662297727907e-19,0.17373673916484322,-6.646377163708183e-19,4
0.6449999999999844,0.0007348321303246515,0.017756876444168575,4.516061725245771e-20,0.04663811165437442,0.9847921331247358,-3.5660918723227984e-19,0.17373673916484456,-6.686673457354706e-19,4
0.6454999999999843,0.0007352696251783223,0.01775728755485438,4.487983532002117e-20,0.04663796202232236,0.9847921331247356,-3.590781048476612e-19,0.17373673916484586,-6.727146454254899e-19,4
0.6459999999999843,0.0007357071200319945,0.017757698665540184,4.4598301702164373e-20,0.04663781239027028,0.9847921331247353,-3.622191950471334e-19,0.17373673916484714,-6.766599983392427e-19,4
0.6464999999999842,0.0007361446148856627,0.01775810977622598,4.431900198817371e-20,0.0466376627582182,0.9847921331247351,-3.670260442174415e-19,0.1737367391648484,-6.800016969635238e-19,4
0.6469999999999841,0.0007365821097393298,0.017758520886911773,4.404410972967126e-20,0.04663751312616611,0.9847921331247349,-3.683937725801376e-19,0.17373673916484966,-6.839667623432628e-19,4
0.6474999999999841,0.0007370196045929929,0.01775893199759756,4.377104805349755e-20,0.046637363494114015,0.9847921331247347,-3.675767920273194e-19,0.17373673916485088,-6.882716990410034e-19,4
0.647999999999984,0.0007374570994466518,0.017759343108283338,4.3495618548484994e-20,0.04663721386206191,0.9847921331247345,-3.6896198584302423e-19,0.17373673916485208,-6.912877014093225e-19,4
0.648499999999984,0.0007378945943003098,0.017759754218969113,4.322035617426925e-20,0.0466370642300098,0.9847921331247342,-3.716060143788888e-19,0.17373673916485324,-6.938868776407824e-19,4
0.6489999999999839,0.0007383320891539669,0.017760165329654885,4.294588628581598e-20,0.046636914597957685,0.984792133124734,-3.7225165855358987e-19,0.1737367391648544,-6.967930543743005e-19,4
0.6494999999999839,0.00073876958400762,0.01776057644034065,4.266862803854241e-20,0.04663676496590556,0.9847921331247338,-3.745600659319657e-19,0.17373673916485555,-6.993074878225519e-19,4
0.6499999999999838,0.0007392070788612721,0.01776098755102641,4.2381431455177943e-20,0.04663661533385343,0.9847921331247336,-3.755784214451984e-19,0.17373673916485666,-7.022059924851077e-19,4
0.6504999999999838,0.00073964457371492,0.017761398661712165,4.2094038043590324e-20,0.04663646570180129,0.9847921331247333,-3.7973527884997703e-19,0.17373673916485774,-7.049093185695437e-19,4
0.6509999999999837,0.0007400820685685671,0.017761809772397916,4.180549213511475e-20,0.04663631606974915,0.9847921331247331,-3.826189886069603e-19,0.17373673916485882,-7.085656857233921e-19,4
0.6514999999999836,0.0007405195634222132,0.017762220883083664,4.151652231112893e-20,0.046636166437696996,0.9847921331247329,-3.85662820250081e-19,0.17373673916485988,-7.127356591980155e-19,4
0.6519999999999836,0.0007409570582758585,0.017762631993769408,4.122445032466474e-20,0.04663601680564484,0.9847921331247327,-3.8892703319349303e-19,0.1737367391648609,-7.16880154515443e-19,4
0.6524999999999835,0.0007413945531294998,0.017763043104455145,4.0932718699563443e-20,0.04663586717359267,0.9847921331247325,-3.930975813278476e-19,0.17373673916486193,-7.205082384613304e-19,4
0.6529999999999835,0.00074183204798314,0.01776345421514088,4.0636826769901545e-20,0.0466357175415405,0.9847921331247322,-3.9755491348317804e-19,0.17373673916486293,-7.240804352558711e-19,4
0.6534999999999834,0.0007422695428367795,0.01776386532582661,4.033898517011667e-20,0.04663556790948832,0.984792133124732,-4.0294100992859575e-19,0.1737367391648639,-7.274212944298144e-19,4
0.6539999999999834,0.0007427070376904178,0.017764276436512336,4.004547823080863e-20,0.046635418277436134,0.9847921331247318,-4.0895295180120567e-19,0.17373673916486487,-7.303541809744759e-19,4
0.6544999999999833,0.0007431445325440522,0.017764687547198055,3.974978711840323e-20,0.04663526864538394,0.9847921331247316,-4.1398864437239187e-19,0.17373673916486582,-7.332052342044975e-19,4
0.6549999999999833,0.0007435820273976857,0.017765098657883772,3.9453993589977736e-20,0.04663511901333174,0.9847921331247315,-4.17137367577483e-19,0.17373673916486676,-7.360107379507811e-19,4
0.6554999999999832,0.0007440195222513182,0.017765509768569485,3.9143537586021233e-20,0.046634969381279534,0.9847921331247314,-4.2193299242657965e-19,0.17373673916486768,-7.384301692336994e-19,4
0.6559999999999832,0.0007444570171049499,0.017765920879255194,3.8835813131406377e-20,0.04663481974922732,0.9847921331247312,-4.245504353406344e-19,0.17373673916486856,-7.414212696802626e-19,4
0.6564999999999831,0.0007448945119585784,0.0177663319899409,3.85243282588364e-20,0.046634670117175106,0.9847921331247311,-4.2684121618970134e-19,0.17373673916486945,-7.444988587251771e-19,4
0.656999999999983,0.0007453320068122059,0.017766743100626602,3.8211518150611227e-20,0.046634520485122885,0.984792133124731,-4.3141519717421884e-19,0.1737367391648703,-7.471155091642338e-19,4
0.657499999999983,0.0007457695016658325,0.0177671542113123,3.789959829357326e-20,0.04663437085307066,0.9847921331247309,-4.341994890040197e-19,0.17373673916487117,-7.495141507398339e-19,4
0.6579999999999829,0.0007462069965194583,0.017767565321997997,3.758920081451806e-20,0.04663422122101842,0.9847921331247308,-4.380315722267701e-19,0.173736739164872,-7.517848424037344e-19,4
0.6584999999999829,0.0007466444913730831,0.01776797643268369,3.727634440956749e-20,0.04663407158896618,0.9847921331247307,-4.421414733286865e-19,0.17373673916487284,-7.538085432029316e-19,4
0.6589999999999828,0.0007470819862267048,0.017768387543369377,3.6960744219839454e-20,0.04663392195691394,0.9847921331247306,-4.453995582097962e-19,0.17373673916487364,-7.5596177360815e-19,4
0.6594999999999828,0.0007475194810803255,0.017768798654055062,3.6643193632237286e-20,0.04663377232486169,0.9847921331247305,-4.486507994977324e-19,0.17373673916487442,-7.579027769750787e-19,4
0.6599999999999827,0.0007479569759339453,0.017769209764740744,3.6321655028769216e-20,0.046633622692809434,0.9847921331247304,-4.504314767883632e-19,0.1737367391648752,-7.606389649608583e-19,4
0.6604999999999827,0.0007483944707875619,0.017769620875426422,3.599975998238962e-20,0.04663347306075718,0.9847921331247302,-4.537687234678277e-19,0.17373673916487595,-7.6367978979022995e-19,4
0.6609999999999826,0.0007488319656411777,0.017770031986112097,3.5677554651635715e-20,0.046633323428704916,0.9847921331247301,-4.579979134335797e-19,0.1737367391648767,-7.673103880866043e-19,4
0.6614999999999825,0.0007492694604947925,0.017770443096797768,3.535434764952265e-20,0.04663317379665265,0.98479213312473,-4.59549188853538e-19,0.17373673916487742,-7.706808829213092e-19,4
0.6619999999999825,0.0007497069553484041,0.017770854207483436,3.503007163666418e-20,0.04663302416460038,0.9847921331247299,-4.602466173938619e-19,0.17373673916487814,-7.734788201816344e-19,4
0.6624999999999824,0.0007501444502020147,0.0177712653181691,3.470546980811921e-20,0.0466328745325481,0.9847921331247298,-4.624646605062463e-19,0.17373673916487886,-7.76034480595818e-19,4
0.6629999999999824,0.0007505819450556244,0.01777167642885476,3.437916631175999e-20,0.04663272490049582,0.9847921331247297,-4.635098096651057e-19,0.17373673916487956,-7.790344337204534e-19,4
0.6634999999999823,0.0007510194399092342,0.01777208753954042,3.404816371645362e-20,0.046632575268443534,0.9847921331247296,-4.640701964423697e-19,0.17373673916488025,-7.827178499945263e-19,4
0.6639999999999823,0.0007514569347628431,0.01777249865022608,3.3717330193946435e-20,0.04663242563639124,0.9847921331247295,-4.632371217124464e-19,0.17373673916488092,-7.861974818517841e-19,4
0.6644999999999822,0.0007518944296164512,0.017772909760911733,3.3388632066859913e-20,0.046632276004338946,0.9847921331247294,-4.620541466173532e-19,0.17373673916488158,-7.898176783191412e-19,4
0.6649999999999822,0.0007523319244700559,0.017773320871597383,3.3054505822414246e-20,0.04663212637228665,0.9847921331247292,-4.580006935061881e-19,0.17373673916488222,-7.935475107468282e-19,4
0.6654999999999821,0.0007527694193236597,0.01777373198228303,3.272118392863502e-20,0.046631976740234345,0.9847921331247291,-4.531365620714382e-19,0.17373673916488286,-7.967065177604126e-19,4
0.665999999999982,0.0007532069141772636,0.017774143092968677,3.238786077493878e-20,0.04663182710818204,0.984792133124729,-4.497380617256463e-19,0.1737367391648835,-7.992630311869531e-19,4
0.666499999999982,0.0007536444090308665,0.01777455420365432,3.20585084375318e-20,0.04663167747612973,0.9847921331247289,-4.450655054979403e-19,0.1737367391648841,-8.023345303012223e-19,4
0.6669999999999819,0.0007540819038844662,0.01777496531433996,3.1727771197421156e-20,0.04663152784407742,0.9847921331247288,-4.408889788259211e-19,0.17373673916488472,-8.056087372371621e-19,4
0.6674999999999819,0.0007545193987380651,0.017775376425025597,3.1393091826363425e-20,0.0466313782120251,0.9847921331247287,-4.3567426235950055e-19,0.1737367391648853,-8.091449371324829e-19,4
0.6679999999999818,0.0007549568935916638,0.017775787535711234,3.105843513722809e-20,0.04663122857997278,0.9847921331247286,-4.2987746575629944e-19,0.17373673916488588,-8.123777077630235e-19,4
0.6684999999999818,0.0007553943884452618,0.017776198646396867,3.0725320393181373e-20,0.04663107894792046,0.9847921331247285,-4.2369869923365343e-19,0.17373673916488647,-8.1586239213864e-19,4
0.6689999999999817,0.0007558318832988565,0.017776609757082496,3.0390377694594684e-20,0.04663092931586813,0.9847921331247284,-4.17221692355812e-19,0.17373673916488702,-8.188878817433178e-19,4
0.6694999999999817,0.0007562693781524535,0.017777020867768126,3.005592900872852e-20,0.0466307796838158,0.9847921331247282,-4.1003644282998133e-19,0.17373673916488758,-8.217813887120714e-19,4
0.6699999999999816,0.0007567068730060472,0.017777431978453752,2.9722272978703916e-20,0.04663063005176347,0.9847921331247281,-4.031333570747778e-19,0.1737367391648881,-8.24747450756194e-19,4
0.6704999999999816,0.0007571443678596402,0.017777843089139374,2.9392381206117066e-20,0.04663048041971113,0.984792133124728,-3.959817493209491e-19,0.17373673916488863,-8.288309080057949e-19,4
0.6709999999999815,0.000757581862713233,0.017778254199824997,2.906211868634837e-20,0.04663033078765879,0.9847921331247279,-3.8815116873792105e-19,0.17373673916488916,-8.329264079115126e-19,4
0.6714999999999814,0.0007580193575668251,0.017778665310510616,2.873180651588777e-20,0.046630181155606444,0.9847921331247278,-3.8337455787405255e-19,0.17373673916488966,-8.3541482202645935e-19,4
0.6719999999999814,0.0007584568524204171,0.017779076421196235,2.840549256596945e-20,0.0466300315235541,0.9847921331247277,-3.7812583765881383e-19,0.17373673916489016,-8.378694368853467e-19,4
0.6724999999999813,0.0007588943472740082,0.01777948753188185,2.807969107344493e-20,0.046629881891501745,0.9847921331247276,-3.754446837095766e-19,0.17373673916489066,-8.395519596731729e-19,4
0.6729999999999813,0.0007593318421275961,0.017779898642567463,2.7754881952192974e-20,0.04662973225944939,0.9847921331247275,-3.7381454398891914e-19,0.17373673916489113,-8.407734382248603e-19,4
0.6734999999999812,0.0007597693369811863,0.017780309753253076,2.7433616138635695e-20,0.04662958262739703,0.9847921331247274,-3.7139411721626624e-19,0.1737367391648916,-8.419363633762457e-19,4
0.6739999999999812,0.0007602068318347733,0.017780720863938684,2.711544300937988e-20,0.04662943299534467,0.9847921331247272,-3.6788077317878354e-19,0.17373673916489207,-8.43252661232914e-19,4
0.6744999999999811,0.0007606443266883603,0.017781131974624293,2.6798629168247654e-20,0.04662928336329231,0.9847921331247271,-3.675143960799419e-19,0.17373673916489255,-8.438592947282461e-19,4
0.6749999999999811,0.0007610818215419464,0.0177815430853099,2.648481543422436e-20,0.04662913373123995,0.984792133124727,-3.666270961736461e-19,0.173736739164893,-8.44518389963698e-19,4
0.675499999999981,0.0007615193163955325,0.017781954195995504,2.617474648519137e-20,0.04662898409918758,0.9847921331247269,-3.6539186303202136e-19,0.17373673916489343,-8.454636550732073e-19,4
0.675999999999981,0.0007619568112491176,0.017782365306681105,2.5869136668494037e-20,0.046628834467135206,0.9847921331247268,-3.631951108968331e-19,0.17373673916489388,-8.463090358896247e-19,4
0.6764999999999809,0.0007623943061027029,0.017782776417366707,2.5563234510869654e-20,0.04662868483508283,0.9847921331247267,-3.628587515355615e-19,0.1737367391648943,-8.472436814156513e-19,4
0.6769999999999808,0.0007628318009562848,0.017783187528052306,2.5263844790900342e-20,0.04662853520303046,0.9847921331247266,-3.633671161349171e-19,0.1737367391648947,-8.475390571796415e-19,4
0.6774999999999808,0.0007632692958098659,0.0177835986387379,2.4965546237689072e-20,0.04662838557097808,0.9847921331247265,-3.630704523994159e-19,0.17373673916489513,-8.477939369991408e-19,4
0.6779999999999807,0.0007637067906634469,0.017784009749423495,2.4672861557753793e-20,0.0466282359389257,0.9847921331247264,-3.6200539605855583e-19,0.17373673916489554,-8.486266548170352e-19,4
0.6784999999999807,0.0007641442855170303,0.01778442086010909,2.4380581123191615e-20,0.04662808630687331,0.9847921331247262,-3.6240305087332062e-19,0.17373673916489593,-8.488415722320985e-19,4
0.6789999999999806,0.0007645817803706105,0.01778483197079468,2.4093002087722175e-20,0.04662793667482092,0.9847921331247261,-3.6146067006492035e-19,0.17373673916489632,-8.497164823184558e-19,4
0.6794999999999806,0.0007650192752241907,0.017785243081480273,2.380554848721034e-20,0.046627787042768536,0.984792133124726,-3.6013405627516696e-19,0.1737367391648967,-8.5064130523085445e-19,4
0.6799999999999805,0.00076545677007777,0.01778565419216586,2.3517902294032425e-20,0.04662763741071614,0.9847921331247259,-3.5987276984110643e-19,0.1737367391648971,-8.519757598973411e-19,4
0.6804999999999805,0.0007658942649313492,0.01778606530285145,2.3221681220069992e-20,0.04662748777866375,0.9847921331247258,-3.57838136318213e-19,0.17373673916489746,-8.542641425824662e-19,4
0.6809999999999804,0.0007663317597849253,0.017786476413537033,2.292707244361489e-20,0.04662733814661135,0.9847921331247257,-3.5719656837281994e-19,0.17373673916489782,-8.566742616388332e-19,4
0.6814999999999803,0.0007667692546385036,0.017786887524222618,2.2639155040463026e-20,0.04662718851455895,0.9847921331247256,-3.5538284371519816e-19,0.17373673916489818,-8.585924182540936e-19,4
0.6819999999999803,0.0007672067494920787,0.0177872986349082,2.2353446490734376e-20,0.04662703888250655,0.9847921331247255,-3.5285570148445118e-19,0.17373673916489854,-8.596641077473391e-19,4
0.6824999999999802,0.0007676442443456539,0.01778770974559378,2.2071164899064456e-20,0.04662688925045415,0.9847921331247254,-3.518102118428229e-19,0.17373673916489887,-8.6032890788721095e-19,4
0.6829999999999802,0.0007680817391992291,0.01778812085627936,2.1787977374897764e-20,0.04662673961840175,0.9847921331247252,-3.5173528711639054e-19,0.1737367391648992,-8.608696715966112e-19,4
0.6834999999999801,0.0007685192340528032,0.01778853196696494,2.150847653763071e-20,0.04662658998634934,0.9847921331247251,-3.489035821083257e-19,0.17373673916489954,-8.625159278526157e-19,4
0.6839999999999801,0.0007689567289063775,0.017788943077650516,2.1234674674332828e-20,0.04662644035429693,0.984792133124725,-3.43821543640704e-19,0.17373673916489987,-8.645876831862752e-19,4
0.68449999999998,0.0007693942237599485,0.01778935418833609,2.096361545133594e-20,0.04662629072224452,0.9847921331247249,-3.42311696771966e-19,0.17373673916490018,-8.659861895804249e-19,4
0.68499999999998,0.0007698317186135219,0.017789765299021664,2.0693983859041674e-20,0.04662614109019211,0.9847921331247249,-3.396235252420466e-19,0.17373673916490048,-8.678479094391355e-19,4
0.6854999999999799,0.0007702692134670952,0.017790176409707238,2.042664576706837e-20,0.04662599145813969,0.9847921331247249,-3.389029999340163e-19,0.1737367391649008,-8.69266608506111e-19,4
0.6859999999999798,0.0007707067083206653,0.01779058752039281,2.0163666474380954e-20,0.046625841826087276,0.9847921331247249,-3.373025823066503e-19,0.1737367391649011,-8.697064359135885e-19,4
0.6864999999999798,0.0007711442031742353,0.01779099863107838,1.9901919067718883e-20,0.04662569219403486,0.9847921331247249,-3.377177638295786e-19,0.1737367391649014,-8.698720134164749e-19,4
0.6869999999999797,0.000771581698027808,0.01779140974176395,1.9633302508720675e-20,0.04662554256198244,0.9847921331247249,-3.392334459390059e-19,0.17373673916490168,-8.70577621427334e-19,4
0.6874999999999797,0.0007720191928813772,0.017791820852449517,1.937008335742852e-20,0.04662539292993002,0.9847921331247249,-3.3875028321501437e-19,0.17373673916490195,-8.716924030834792e-19,4
0.6879999999999796,0.0007724566877349464,0.017792231963135084,1.90945719508274e-20,0.046625243297877594,0.9847921331247249,-3.385556752465599e-19,0.17373673916490223,-8.72778665230279e-19,4
0.6884999999999796,0.0007728941825885123,0.017792643073820648,1.882561482647099e-20,0.04662509366582517,0.9847921331247249,-3.370582649416819e-19,0.1737367391649025,-8.745586121381273e-19,4
0.6889999999999795,0.0007733316774420807,0.01779305418450621,1.855820282453241e-20,0.04662494403377274,0.9847921331247249,-3.36438562309367e-19,0.1737367391649028,-8.755471534495536e-19,4
0.6894999999999795,0.000773769172295649,0.017793465295191775,1.829443426190701e-20,0.046624794401720314,0.9847921331247249,-3.3593267906494666e-19,0.17373673916490306,-8.76364009732964e-19,4
0.6899999999999794,0.0007742066671492173,0.01779387640587734,1.803302457770189e-20,0.046624644769667885,0.9847921331247249,-3.3875497936117373e-19,0.17373673916490331,-8.773498223675508e-19,4
0.6904999999999794,0.0007746441620027823,0.0177942875165629,1.7775114918882687e-20,0.046624495137615456,0.9847921331247249,-3.4017647112005585e-19,0.17373673916490356,-8.7877627427325e-19,4
0.6909999999999793,0.0007750816568563497,0.01779469862724846,1.751866083503444e-20,0.04662434550556302,0.9847921331247249,-3.4367775345222363e-19,0.17373673916490381,-8.795102128008908e-19,4
0.6914999999999792,0.0007755191517099172,0.01779510973793402,1.726510651846517e-20,0.046624195873510584,0.9847921331247249,-3.456757518828854e-19,0.17373673916490406,-8.81038636093527e-19,4
0.6919999999999792,0.0007759566465634814,0.017795520848619576,1.7009528396560943e-20,0.04662404624145815,0.9847921331247249,-3.4898834328308933e-19,0.1737367391649043,-8.826717282370421e-19,4
0.6924999999999791,0.0007763941414170455,0.017795931959305133,1.675273265248104e-20,0.04662389660940571,0.9847921331247249,-3.513832469095787e-19,0.17373673916490456,-8.835443660119747e-19,4
0.6929999999999791,0.0007768316362706097,0.01779634306999069,1.6495076136857982e-20,0.046623746977353275,0.9847921331247249,-3.555139222342271e-19,0.17373673916490479,-8.844132176439624e-19,4
0.693499999999979,0.0007772691311241763,0.017796754180676246,1.6244164898127143e-20,0.04662359734530083,0.9847921331247249,-3.564551572535131e-19,0.173736739164905,-8.853638543711884e-19,4
0.693999999999979,0.0007777066259777396,0.0177971652913618,1.5995179442790425e-20,0.04662344771324839,0.9847921331247249,-3.582273351612187e-19,0.17373673916490523,-8.86224802351893e-19,4
0.6944999999999789,0.0007781441208313028,0.017797576402047353,1.5746421194819024e-20,0.046623298081195946,0.9847921331247249,-3.6075137547202366e-19,0.17373673916490545,-8.873364324477366e-19,4
0.6949999999999789,0.0007785816156848661,0.017797987512732906,1.549895779247718e-20,0.0466231484491435,0.9847921331247249,-3.651547798627171e-19,0.17373673916490567,-8.883412950724137e-19,4
0.6954999999999788,0.0007790191105384262,0.017798398623418456,1.5253771425742095e-20,0.04662299881709106,0.9847921331247249,-3.6716059997601053e-19,0.1737367391649059,-8.901805061398207e-19,4
0.6959999999999787,0.0007794566053919887,0.017798809734104006,1.5011667687517324e-20,0.04662284918503861,0.9847921331247249,-3.6842996055280247e-19,0.17373673916490612,-8.92085402225305e-19,4
0.6964999999999787,0.000779894100245551,0.017799220844789555,1.4767537871637756e-20,0.04662269955298616,0.9847921331247249,-3.7051431311590307e-19,0.1737367391649063,-8.944692665201657e-19,4
0.6969999999999786,0.0007803315950991134,0.017799631955475105,1.4518857814138934e-20,0.04662254992093371,0.9847921331247249,-3.748551418148096e-19,0.1737367391649065,-8.96779415172372e-19,4
0.6974999999999786,0.0007807690899526758,0.017800043066160655,1.4273942185184233e-20,0.04662240028888126,0.9847921331247249,-3.788097699424384e-19,0.1737367391649067,-8.999670240404218e-19,4
0.6979999999999785,0.000781206584806235,0.0178004541768462,1.4029057173142016e-20,0.04662225065682881,0.9847921331247249,-3.83726312561008e-19,0.1737367391649069,-9.02482472153721e-19,4
0.6984999999999785,0.000781644079659794,0.017800865287531747,1.3784016333211753e-20,0.04662210102477636,0.9847921331247249,-3.8943411555848145e-19,0.1737367391649071,-9.0511439597493e-19,4
0.6989999999999784,0.0007820815745133556,0.017801276398217294,1.3534667325422397e-20,0.046621951392723904,0.9847921331247249,-3.9880742886587404e-19,0.17373673916490728,-9.070386489915829e-19,4
0.6994999999999784,0.0007825190693669171,0.01780168750890284,1.328107165927433e-20,0.04662180176067145,0.9847921331247249,-4.094994176375872e-19,0.17373673916490748,-9.09048523991142e-19,4
0.6999999999999783,0.0007829565642204754,0.017802098619588383,1.3027445315702098e-20,0.04662165212861899,0.9847921331247249,-4.176531065077136e-19,0.17373673916490767,-9.115073952556173e-19,4
0.7004999999999783,0.0007833940590740336,0.017802509730273926,1.2768282003680198e-20,0.04662150249656653,0.9847921331247249,-4.2637741656688287e-19,0.17373673916490784,-9.134533721862518e-19,4
0.7009999999999782,0.000783831553927592,0.01780292084095947,1.2492823734924462e-20,0.046621352864514076,0.9847921331247249,-4.357644272307742e-19,0.173736739164908,-9.149852481878777e-19,4
0.7014999999999781,0.0007842690487811501,0.01780333195164501,1.2200537176314585e-20,0.04662120323246162,0.9847921331247249,-4.45456383805354e-19,0.17373673916490817,-9.16113292895888e-19,4
0.7019999999999781,0.0007847065436347085,0.017803743062330554,1.1905133224943987e-20,0.04662105360040916,0.9847921331247249,-4.55597535821989e-19,0.17373673916490834,-9.173685533587642e-19,4
0.702499999999978,0.0007851440384882658,0.017804154173016094,1.1609860496075498e-20,0.0466209039683567,0.9847921331247249,-4.641499146714525e-19,0.1737367391649085,-9.194276396306597e-19,4
0.702999999999978,0.0007855815333418232,0.017804565283701633,1.1311205464308133e-20,0.046620754336304235,0.9847921331247249,-4.711593984934452e-19,0.17373673916490867,-9.20812134891785e-19,4
0.7034999999999779,0.0007860190281953806,0.017804976394387172,1.100737321977847e-20,0.04662060470425177,0.9847921331247249,-4.780180965540517e-19,0.17373673916490884,-9.220691241761824e-19,4
0.7039999999999779,0.0007864565230489379,0.01780538750507271,1.0697595410907458e-20,0.04662045507219931,0.9847921331247249,-4.834443401696712e-19,0.173736739164909,-9.231356887136501e-19,4
0.7044999999999778,0.0007868940179024952,0.01780579861575825,1.038753579496465e-20,0.04662030544014684,0.9847921331247249,-4.880309687751934e-19,0.17373673916490917,-9.245413843810206e-19,4
0.7049999999999778,0.0007873315127560526,0.01780620972644379,1.0076111796984246e-20,0.04662015580809438,0.9847921331247249,-4.916697090285051e-19,0.1737367391649093,-9.263675053882027e-19,4
0.7054999999999777,0.0007877690076096068,0.017806620837129326,9.760522795086329e-21,0.046620006176041916,0.9847921331247249,-4.939014257327209e-19,0.17373673916490945,-9.283157874104218e-19,4
0.7059999999999776,0.0007882065024631608,0.017807031947814862,9.440222366101582e-21,0.04661985654398945,0.9847921331247249,-4.958965676450606e-19,0.1737367391649096,-9.302512801461526e-19,4
0.7064999999999776,0.0007886439973167174,0.017807443058500398,9.119555910122258e-21,0.04661970691193698,0.9847921331247249,-4.958469355132032e-19,0.17373673916490973,-9.329685939106368e-19,4
0.7069999999999775,0.0007890814921702738,0.017807854169185934,8.797495478806885e-21,0.04661955727988451,0.9847921331247249,-4.92977407061778e-19,0.17373673916490986,-9.354418774721327e-19,4
0.7074999999999775,0.0007895189870238303,0.01780826527987147,8.471492658046155e-21,0.04661940764783204,0.9847921331247249,-4.91720776624192e-19,0.17373673916491,-9.372155180499052e-19,4
0.7079999999999774,0.0007899564818773868,0.017808676390557006,8.145527957802778e-21,0.04661925801577957,0.9847921331247249,-4.891586320275564e-19,0.17373673916491014,-9.394385254978026e-19,4
0.7084999999999774,0.0007903939767309401,0.01780908750124254,7.811370366549771e-21,0.0466191083837271,0.9847921331247249,-4.884965142411027e-19,0.17373673916491028,-9.41256348832631e-19,4
0.7089999999999773,0.0007908314715844932,0.01780949861192807,7.477338706121965e-21,0.04661895875167463,0.9847921331247249,-4.866103475265557e-19,0.17373673916491042,-9.433258273335916e-19,4
0.7094999999999773,0.0007912689664380465,0.017809909722613603,7.138806602075637e-21,0.04661880911962216,0.9847921331247249,-4.852201196150919e-19,0.17373673916491056,-9.459776657044723e-19,4
0.7099999999999772,0.0007917064612915996,0.017810320833299136,6.80204697336677e-21,0.046618659487569686,0.9847921331247249,-4.843450943427756e-19,0.1737367391649107,-9.486893590321127e-19,4
0.7104999999999771,0.0007921439561451529,0.017810731943984668,6.467249264864486e-21,0.046618509855517215,0.9847921331247238,-4.832235902452747e-19,0.17373673916491064,-9.515697445031551e-19,4
0.7109999999999771,0.0007925814509987085,0.0178111430546702,6.130043536491484e-21,0.04661836022346474,0.9847921331247238,-4.806761105061569e-19,0.17373673916491075,-9.54774063246346e-19,4
0.711499999999977,0.0007930189458522608,0.01781155416535573,5.79277442214967e-21,0.04661821059141226,0.9847921331247238,-4.780355828849639e-19,0.17373673916491086,-9.575480541419126e-19,4
0.711999999999977,0.0007934564407058131,0.01781196527604126,5.455134509171332e-21,0.04661806095935978,0.9847921331247238,-4.763826201126188e-19,0.17373673916491097,-9.606616397182766e-19,4
0.7124999999999769,0.0007938939355593656,0.017812376386726787,5.117267513799246e-21,0.046617911327307304,0.9847921331247238,-4.740357966501958e-19,0.17373673916491109,-9.634073946017903e-19,4
0.7129999999999769,0.0007943314304129179,0.017812787497412316,4.777952025561413e-21,0.04661776169525483,0.9847921331247238,-4.701842639514166e-19,0.1737367391649112,-9.665190147861623e-19,4
0.7134999999999768,0.0007947689252664703,0.017813198608097845,4.436258014114657e-21,0.04661761206320235,0.9847921331247238,-4.692117839911231e-19,0.1737367391649113,-9.688966988115386e-19,4
0.7139999999999768,0.0007952064201200226,0.017813609718783374,4.0813109341388016e-21,0.04661746243114987,0.9847921331247238,-4.687745595308839e-19,0.17373673916491142,-9.712275128228673e-19,4
0.7144999999999767,0.0007956439149735748,0.017814020829468903,3.727283517699421e-21,0.04661731279909739,0.9847921331247238,-4.683866164162353e-19,0.17373673916491153,-9.738707663617512e-19,4
0.7149999999999767,0.0007960814098271272,0.017814431940154432,3.372519788972689e-21,0.046617163167044916,0.9847921331247238,-4.6847318391373225e-19,0.17373673916491164,-9.760116054654272e-19,4
0.7154999999999766,0.0007965189046806763,0.017814843050839958,3.0145854547720544e-21,0.04661701353499244,0.9847921331247238,-4.677609249416888e-19,0.17373673916491175,-9.78465318219315e-19,4
0.7159999999999765,0.0007969563995342277,0.017815254161525483,2.6604434930434238e-21,0.04661686390293995,0.9847921331247238,-4.678047353640254e-19,0.17373673916491186,-9.803234459503455e-19,4
0.7164999999999765,0.0007973938943877791,0.01781566527221101,2.307141425836907e-21,0.04661671427088747,0.9847921331247238,-4.67452124845801e-19,0.17373673916491197,-9.826876819334043e-19,4
0.7169999999999764,0.0007978313892413306,0.017816076382896534,1.952695628121888e-21,0.046616564638834984,0.9847921331247238,-4.665076825533457e-19,0.17373673916491209,-9.847656691483983e-19,4
0.7174999999999764,0.000798268884094882,0.01781648749358206,1.5978626046415743e-21,0.0466164150067825,0.9847921331247238,-4.664971654049342e-19,0.1737367391649122,-9.860861998205255e-19,4
0.7179999999999763,0.0007987063789484336,0.017816898604267585,1.2416103101254709e-21,0.046616265374730015,0.9847921331247238,-4.664559103723595e-19,0.17373673916491228,-9.879820576279296e-19,4
0.7184999999999763,0.000799143873801985,0.01781730971495311,8.870632504678133e-22,0.04661611574267753,0.9847921331247238,-4.661947465873162e-19,0.17373673916491236,-9.89482554060452e-19,4
0.7189999999999762,0.0007995813686555364,0.017817720825638636,5.358032519206426e-22,0.046615966110625046,0.9847921331247238,-4.664750424538641e-19,0.17373673916491245,-9.909289770546393e-19,4
0.7194999999999762,0.0008000188635090878,0.01781813193632416,1.84665636855e-22,0.04661581647857256,0.9847921331247238,-4.686409008134873e-19,0.17373673916491253,-9.913537125100727e-19,4
0.7199999999999761,0.000800456358362636,0.017818543047009684,-1.6794786062487017e-22,0.046615666846520076,0.9847921331247238,-4.686077253049764e-19,0.1737367391649126,-9.91732243301829e-19,4
0.720499999999976,0.0008008938532161843,0.017818954157695206,-5.188123081658499e-22,0.04661551721446759,0.9847921331247238,-4.664852909907616e-19,0.1737367391649127,-9.932699936911555e-19,4
0.720999999999976,0.0008013313480697325,0.017819365268380728,-8.674847069791862e-22,0.04661536758241511,0.9847921331247238,-4.649934836764483e-19,0.17373673916491278,-9.950208611896977e-19,4
0.7214999999999759,0.0008017688429232807,0.01781977637906625,-1.2135258943059116e-21,0.04661521795036262,0.9847921331247238,-4.610679154068573e-19,0.17373673916491286,-9.970063578190722e-19,4
0.7219999999999759,0.0008022063377768288,0.01782018748975177,-1.5597915409371649e-21,0.04661506831831014,0.9847921331247238,-4.580635365736502e-19,0.17373673916491295,-9.984232227557792e-19,4
0.7224999999999758,0.0008026438326303794,0.017820598600437294,-1.903554339038381e-21,0.046614918686257646,0.9847921331247238,-4.533718430458182e-19,0.17373673916491303,-9.999430290172584e-19,4
0.7229999999999758,0.0008030813274839299,0.017821009711122816,-2.2473173596237464e-21,0.046614769054205155,0.9847921331247238,-4.490570727836425e-19,0.1737367391649131,-1.0013694877327907e-18,4
0.7234999999999757,0.0008035188223374805,0.017821420821808338,-2.589225107051952e-21,0.04661461942215266,0.9847921331247238,-4.452367326139938e-19,0.1737367391649132,-1.0027253664927281e-18,4
0.7239999999999757,0.000803956317191031,0.01782183193249386,-2.9328887935893297e-21,0.04661446979010017,0.9847921331247238,-4.436557394824403e-19,0.17373673916491328,-1.0033329099954042e-18,4
0.7244999999999756,0.0008043938120445816,0.01782224304317938,-3.2756676648606535e-21,0.04661432015804768,0.9847921331247238,-4.406098722232297e-19,0.17373673916491336,-1.0037679669285082e-18,4
0.7249999999999756,0.0008048313068981321,0.017822654153864904,-3.6172772380084905e-21,0.04661417052599519,0.9847921331247238,-4.397139833269295e-19,0.17373673916491345,-1.0036663801948227e-18,4
0.7254999999999755,0.0008052688017516795,0.017823065264550422,-3.955690231337441e-21,0.0466140208939427,0.9847921331247238,-4.384823818194675e-19,0.17373673916491353,-1.0038272449854762e-18,4
0.7259999999999754,0.0008057062966052268,0.01782347637523594,-4.292447883545978e-21,0.046613871261890205,0.9847921331247238,-4.380122641830313e-19,0.1737367391649136,-1.003211468340709e-18,4
0.7264999999999754,0.0008061437914587741,0.01782388748592146,-4.6257846152888965e-21,0.046613721629837714,0.9847921331247238,-4.382794581301482e-19,0.1737367391649137,-1.0022025795808194e-18,4
0.7269999999999753,0.0008065812863123214,0.017824298596606978,-4.956188967255996e-21,0.04661357199778522,0.9847921331247238,-4.367291157319007e-19,0.17373673916491378,-1.001568376447112e-18,4
0.7274999999999753,0.0008070187811658687,0.017824709707292496,-5.289332941145243e-21,0.04661342236573273,0.9847921331247238,-4.360781196283606e-19,0.17373673916491383,-1.0004067843656284e-18,4
0.7279999999999752,0.000807456276019416,0.017825120817978015,-5.624145843869838e-21,0.04661327273368024,0.9847921331247238,-4.349831698532739e-19,0.1737367391649139,-9.98637715724451e-19,4
0.7284999999999752,0.0008078937708729632,0.017825531928663534,-5.95892972682461e-21,0.04661312310162775,0.9847921331247238,-4.346016214930471e-19,0.17373673916491394,-9.97219588384556e-19,4
0.7289999999999751,0.0008083312657265105,0.017825943039349052,-6.2995507466826785e-21,0.046612973469575256,0.9847921331247238,-4.3404134262691095e-19,0.173736739164914,-9.954736133881329e-19,4
0.7294999999999751,0.000808768760580058,0.01782635415003457,-6.639625462823662e-21,0.046612823837522764,0.9847921331247238,-4.341553745279348e-19,0.17373673916491406,-9.932586447196313e-19,4
0.729999999999975,0.0008092062554336052,0.01782676526072009,-6.979757993738147e-21,0.04661267420547027,0.9847921331247238,-4.340150782982015e-19,0.1737367391649141,-9.909405467948203e-19,4
0.730499999999975,0.0008096437502871525,0.017827176371405608,-7.316873609788733e-21,0.04661252457341778,0.9847921331247238,-4.329519166683327e-19,0.17373673916491417,-9.89112871082859e-19,4
0.7309999999999749,0.0008100812451406998,0.017827587482091126,-7.653214554914008e-21,0.04661237494136529,0.9847921331247238,-4.349561186237502e-19,0.17373673916491422,-9.872923913071321e-19,4
0.7314999999999748,0.0008105187399942495,0.017827998592776645,-7.986639322707483e-21,0.04661222530931279,0.9847921331247238,-4.3619223614062165e-19,0.17373673916491428,-9.863142921942813e-19,4
0.7319999999999748,0.0008109562348477959,0.01782840970346216,-8.320315792293633e-21,0.04661207567726029,0.9847921331247238,-4.407798582908752e-19,0.17373673916491433,-9.85029034114572e-19,4
0.7324999999999747,0.0008113937297013422,0.017828820814147675,-8.654493122851769e-21,0.046611926045207794,0.9847921331247238,-4.457316985613415e-19,0.1737367391649144,-9.836465610776187e-19,4
0.7329999999999747,0.0008118312245548886,0.01782923192483319,-8.983954681445501e-21,0.046611776413155295,0.9847921331247238,-4.504769527231925e-19,0.17373673916491444,-9.818976566278187e-19,4
0.7334999999999746,0.0008122687194084351,0.017829643035518705,-9.312944866229487e-21,0.0466116267811028,0.9847921331247238,-4.538562079749478e-19,0.1737367391649145,-9.806738538276402e-19,4
0.7339999999999746,0.0008127062142619816,0.01783005414620422,-9.640996176061667e-21,0.0466114771490503,0.9847921331247238,-4.5788051040164215e-19,0.17373673916491456,-9.79778900625845e-19,4
0.7344999999999745,0.000813143709115528,0.017830465256889735,-9.969218204658773e-21,0.0466113275169978,0.9847921331247238,-4.622091174861082e-19,0.1737367391649146,-9.793537978974756e-19,4
0.7349999999999745,0.0008135812039690744,0.01783087636757525,-1.0295462640601419e-20,0.0466111778849453,0.9847921331247238,-4.647095883727311e-19,0.17373673916491467,-9.798275956062736e-19,4
0.7354999999999744,0.0008140186988226208,0.017831287478260766,-1.0622165249658951e-20,0.0466110282528928,0.9847921331247238,-4.680565890386477e-19,0.17373673916491472,-9.804113577648622e-19,4
0.7359999999999743,0.0008144561936761672,0.01783169858894628,-1.094880096665052e-20,0.046610878620840304,0.9847921331247238,-4.699818736258857e-19,0.17373673916491478,-9.813032134428663e-19,4
0.7364999999999743,0.0008148936885297136,0.017832109699631796,-1.1271958871099031e-20,0.046610728988787806,0.9847921331247238,-4.718353419289187e-19,0.17373673916491483,-9.8157802393859e-19,4
0.7369999999999742,0.00081533118338326,0.01783252081031731,-1.1602067082299677e-20,0.04661057935673531,0.9847921331247238,-4.709891952376826e-19,0.1737367391649149,-9.818579208410925e-19,4
0.7374999999999742,0.0008157686782368065,0.017832931921002826,-1.1933960928197368e-20,0.04661042972468281,0.9847921331247238,-4.695232232151609e-19,0.17373673916491494,-9.813532253298042e-19,4
0.7379999999999741,0.0008162061730903529,0.01783334303168834,-1.2267470342815992e-20,0.04661028009263031,0.9847921331247238,-4.67499170997519e-19,0.173736739164915,-9.809607628734792e-19,4
0.7384999999999741,0.0008166436679438992,0.017833754142373856,-1.2604290207349712e-20,0.04661013046057781,0.9847921331247238,-4.666624780352378e-19,0.17373673916491505,-9.80372603565835e-19,4
0.738999999999974,0.0008170811627974457,0.01783416525305937,-1.2943801222310063e-20,0.04660998082852531,0.9847921331247238,-4.681716923224037e-19,0.1737367391649151,-9.798506177571084e-19,4
0.739499999999974,0.0008175186576509921,0.017834576363744886,-1.3283099291754013e-20,0.046609831196472815,0.9847921331247238,-4.697238222479312e-19,0.17373673916491517,-9.800653253985564e-19,4
0.7399999999999739,0.0008179561525045385,0.0178349874744304,-1.3621905378518705e-20,0.046609681564420316,0.9847921331247238,-4.713593759340417e-19,0.17373673916491522,-9.801734014429148e-19,4
0.7404999999999738,0.0008183936473580848,0.017835398585115916,-1.396077393030655e-20,0.04660953193236782,0.9847921331247238,-4.714743059357489e-19,0.17373673916491528,-9.810049796932807e-19,4
0.7409999999999738,0.0008188311422116314,0.01783580969580143,-1.4305254828085506e-20,0.04660938230031532,0.9847921331247238,-4.74560343921567e-19,0.17373673916491533,-9.809221042829766e-19,4
0.7414999999999737,0.0008192686370651744,0.017836220806486943,-1.4653937226605896e-20,0.04660923266826282,0.9847921331247238,-4.772765396021896e-19,0.1737367391649154,-9.810954837359374e-19,4
0.7419999999999737,0.0008197061319187176,0.017836631917172455,-1.5002507742410813e-20,0.04660908303621032,0.9847921331247238,-4.807586822941505e-19,0.17373673916491544,-9.812190517029498e-19,4
0.7424999999999736,0.0008201436267722608,0.017837043027857966,-1.5348946779641297e-20,0.046608933404157823,0.9847921331247238,-4.839798183098402e-19,0.17373673916491547,-9.814739830589774e-19,4
0.7429999999999736,0.000820581121625804,0.017837454138543478,-1.5696658917601403e-20,0.046608783772105325,0.9847921331247238,-4.866663402542549e-19,0.1737367391649155,-9.824370012249068e-19,4
0.7434999999999735,0.0008210186164793471,0.01783786524922899,-1.604452842787165e-20,0.046608634140052826,0.9847921331247238,-4.891892508645847e-19,0.17373673916491553,-9.834613549686418e-19,4
0.7439999999999735,0.0008214561113328902,0.0178382763599145,-1.6391635259618056e-20,0.04660848450800033,0.9847921331247238,-4.9359555310916575e-19,0.17373673916491555,-9.83561115481507e-19,4
0.7444999999999734,0.0008218936061864334,0.017838687470600013,-1.6739550913829073e-20,0.04660833487594783,0.9847921331247238,-4.966103356926246e-19,0.17373673916491558,-9.846351758626357e-19,4
0.7449999999999734,0.0008223311010399766,0.017839098581285524,-1.7087913394824268e-20,0.04660818524389533,0.9847921331247238,-5.012435123545218e-19,0.1737367391649156,-9.84989929919658e-19,4
0.7454999999999733,0.0008227685958935197,0.017839509691971036,-1.7434908665271784e-20,0.04660803561184283,0.9847921331247238,-5.0374546436791e-19,0.17373673916491564,-9.86079564816989e-19,4
0.7459999999999732,0.0008232060907470652,0.017839920802656548,-1.778749031358709e-20,0.04660788597979033,0.9847921331247238,-5.072317214544339e-19,0.17373673916491567,-9.868788314044642e-19,4
0.7464999999999732,0.0008236435856006107,0.01784033191334206,-1.814060554986223e-20,0.04660773634773782,0.9847921331247238,-5.086271437216553e-19,0.1737367391649157,-9.880794338024619e-19,4
0.7469999999999731,0.0008240810804541563,0.01784074302402757,-1.8495673055163444e-20,0.046607586715685316,0.9847921331247238,-5.111084996567104e-19,0.17373673916491572,-9.886453191411605e-19,4
0.7474999999999731,0.0008245185753077019,0.017841154134713082,-1.885040846314283e-20,0.04660743708363281,0.9847921331247238,-5.110420939009595e-19,0.17373673916491575,-9.899138799438007e-19,4
0.747999999999973,0.0008249560701612473,0.017841565245398594,-1.920980643009564e-20,0.046607287451580305,0.9847921331247238,-5.1360105419146895e-19,0.17373673916491578,-9.907082477007452e-19,4
0.748499999999973,0.0008253935650147929,0.017841976356084106,-1.9566791447115432e-20,0.0466071378195278,0.9847921331247238,-5.143040836229698e-19,0.1737367391649158,-9.92558846653581e-19,4
0.7489999999999729,0.0008258310598683383,0.017842387466769617,-1.9924315303753536e-20,0.046606988187475294,0.9847921331247238,-5.13304215290166e-19,0.17373673916491583,-9.94866726972669e-19,4
0.7494999999999729,0.0008262685547218839,0.01784279857745513,-2.0281871985952544e-20,0.04660683855542279,0.9847921331247238,-5.118914180601586e-19,0.17373673916491586,-9.97245776629405e-19,4
0.7499999999999728,0.0008267060495754295,0.01784320968814064,-2.0640320577324645e-20,0.04660668892337028,0.9847921331247238,-5.091432594889204e-19,0.1737367391649159,-9.993302772084314e-19,4
0.7504999999999727,0.000827143544428975,0.017843620798826152,-2.1001793919246402e-20,0.04660653929131778,0.9847921331247238,-5.077367334121725e-19,0.17373673916491592,-1.000806490353084e-18,4
0.7509999999999727,0.0008275810392825205,0.017844031909511664,-2.1364956237076035e-20,0.04660638965926527,0.9847921331247238,-5.0521652317869125e-19,0.17373673916491594,-1.0022754656802982e-18,4
0.7514999999999726,0.000828018534136066,0.017844443020197175,-2.1733581517109304e-20,0.04660624002721277,0.9847921331247238,-5.049851310532625e-19,0.17373673916491597,-1.0033483162162096e-18,4
0.7519999999999726,0.0008284560289896116,0.017844854130882687,-2.2101971595512958e-20,0.04660609039516026,0.9847921331247238,-5.034217880875447e-19,0.173736739164916,-1.0051300780036752e-18,4
0.7524999999999725,0.000828893523843157,0.0178452652415682,-2.2473654624734132e-20,0.046605940763107756,0.9847921331247238,-5.02984254607901e-19,0.17373673916491603,-1.0067643907485972e-18,4
0.7529999999999725,0.0008293310186967026,0.01784567635225371,-2.2845224396373163e-20,0.04660579113105525,0.9847921331247238,-5.014874354943394e-19,0.17373673916491605,-1.0085839029252585e-18,4
0.7534999999999724,0.0008297685135502482,0.017846087462939222,-2.3218852253695862e-20,0.046605641499002745,0.9847921331247238,-5.028080516212577e-19,0.17373673916491608,-1.009429076265022e-18,4
0.7539999999999724,0.0008302060084037937,0.017846498573624733,-2.3592548772508408e-20,0.04660549186695024,0.9847921331247238,-5.032446274624107e-19,0.1737367391649161,-1.0107021064180746e-18,4
0.7544999999999723,0.0008306435032573392,0.017846909684310245,-2.3964599626997336e-20,0.046605342234897734,0.9847921331247238,-5.027078211177168e-19,0.17373673916491614,-1.0119959921150376e-18,4
0.7549999999999722,0.0008310809981108847,0.017847320794995757,-2.4336636686795098e-20,0.04660519260284523,0.9847921331247238,-5.038563386845796e-19,0.17373673916491617,-1.0131587574202884e-18,4
0.7554999999999722,0.0008315184929644269,0.017847731905681265,-2.470546372628344e-20,0.04660504297079272,0.9847921331247238,-5.037303865540475e-19,0.1737367391649162,-1.0136028155272046e-18,4
0.7559999999999721,0.0008319559878179692,0.017848143016366773,-2.5073182549782218e-20,0.04660489333874022,0.9847921331247238,-5.025934541255091e-19,0.17373673916491622,-1.0141272076063756e-18,4
0.7564999999999721,0.0008323934826715115,0.01784855412705228,-2.5440598912948984e-20,0.04660474370668771,0.9847921331247238,-5.008548001659012e-19,0.17373673916491625,-1.0146068869819415e-18,4
0.756999999999972,0.0008328309775250539,0.01784896523773779,-2.580606902888049e-20,0.04660459407463521,0.9847921331247238,-4.976387321575094e-19,0.17373673916491628,-1.0157247967541262e-18,4
0.757499999999972,0.0008332684723785962,0.017849376348423297,-2.6172330419651854e-20,0.0466044444425827,0.9847921331247238,-4.967185466926563e-19,0.1737367391649163,-1.0165510262063777e-18,4
0.7579999999999719,0.0008337059672321384,0.017849787459108805,-2.6533887395698483e-20,0.046604294810530196,0.9847921331247238,-4.912994681108491e-19,0.17373673916491633,-1.0184428437759701e-18,4
0.7584999999999719,0.0008341434620856807,0.017850198569794314,-2.6892041427553624e-20,0.04660414517847769,0.9847921331247238,-4.86884141973134e-19,0.17373673916491636,-1.0201124021417465e-18,4
0.7589999999999718,0.0008345809569392229,0.01785060968047982,-2.7249165641693517e-20,0.046603995546425185,0.9847921331247238,-4.825740844475712e-19,0.1737367391649164,-1.0210312217762726e-18,4
0.7594999999999718,0.0008350184517927652,0.01785102079116533,-2.760595894309209e-20,0.04660384591437268,0.9847921331247238,-4.775122014511836e-19,0.17373673916491642,-1.0220375007529868e-18,4
0.7599999999999717,0.0008354559466463075,0.017851431901850838,-2.7962146889379075e-20,0.046603696282320174,0.9847921331247238,-4.731013794749852e-19,0.17373673916491644,-1.0224609793076085e-18,4
0.7604999999999716,0.0008358934414998498,0.017851843012536346,-2.8316352729642705e-20,0.04660354665026767,0.9847921331247238,-4.692281260696581e-19,0.17373673916491647,-1.0221631436451677e-18,4
0.7609999999999716,0.000836330936353392,0.017852254123221854,-2.86702379696203e-20,0.04660339701821516,0.9847921331247238,-4.67259492433475e-19,0.1737367391649165,-1.0213536237420093e-18,4
0.7614999999999715,0.0008367684312069343,0.017852665233907362,-2.902059202232684e-20,0.04660324738616266,0.9847921331247238,-4.638958387100169e-19,0.17373673916491653,-1.0206673864644223e-18,4
0.7619999999999715,0.0008372059260604765,0.01785307634459287,-2.937006116438842e-20,0.04660309775411015,0.9847921331247238,-4.601130033818425e-19,0.17373673916491655,-1.0201436561469267e-18,4
0.7624999999999714,0.0008376434209140187,0.01785348745527838,-2.9717568339394556e-20,0.04660294812205765,0.9847921331247238,-4.579539737193178e-19,0.17373673916491658,-1.0197390817886993e-18,4
0.7629999999999714,0.000838080915767561,0.017853898565963887,-3.0064477722440465e-20,0.04660279849000514,0.9847921331247238,-4.554994256270702e-19,0.1737367391649166,-1.02005649682507e-18,4
0.7634999999999713,0.0008385184106211033,0.017854309676649395,-3.041315928393095e-20,0.046602648857952636,0.9847921331247238,-4.565054373592682e-19,0.17373673916491664,-1.0197369179823155e-18,4
0.7639999999999713,0.0008389559054746455,0.017854720787334903,-3.076136296583063e-20,0.04660249922590013,0.9847921331247238,-4.557035207974924e-19,0.17373673916491666,-1.0187585937680541e-18,4
0.7644999999999712,0.0008393934003281878,0.01785513189802041,-3.110923342088317e-20,0.046602349593847625,0.9847921331247238,-4.556789579607426e-19,0.1737367391649167,-1.0178280275860732e-18,4
0.7649999999999711,0.0008398308951817301,0.01785554300870592,-3.145700595347666e-20,0.04660219996179512,0.9847921331247238,-4.548202680953549e-19,0.17373673916491672,-1.0173445544035424e-18,4
0.7654999999999711,0.0008402683900352724,0.017855954119391428,-3.180219764584528e-20,0.046602050329742614,0.9847921331247238,-4.540269793306364e-19,0.17373673916491675,-1.0172023251028424e-18,4
0.765999999999971,0.0008407058848888146,0.017856365230076936,-3.214367379765703e-20,0.04660190069769011,0.9847921331247238,-4.522234266585594e-19,0.17373673916491678,-1.0169569637719185e-18,4
0.766499999999971,0.000841143379742357,0.017856776340762444,-3.248652054340365e-20,0.0466017510656376,0.9847921331247238,-4.519469669775e-19,0.1737367391649168,-1.0163193667616202e-18,4
0.7669999999999709,0.0008415808745958993,0.017857187451447952,-3.282671116995038e-20,0.0466016014335851,0.9847921331247238,-4.514661025417763e-19,0.17373673916491683,-1.0160706127083656e-18,4
0.7674999999999709,0.0008420183694494415,0.01785759856213346,-3.3166407132857806e-20,0.04660145180153259,0.9847921331247238,-4.496289876108869e-19,0.17373673916491686,-1.0154626932780334e-18,4
0.7679999999999708,0.0008424558643029838,0.01785800967281897,-3.3507677412966257e-20,0.04660130216948009,0.9847921331247238,-4.484795474602519e-19,0.1737367391649169,-1.0143464012492393e-18,4
0.7684999999999708,0.0008428933591565261,0.017858420783504476,-3.3845703264286914e-20,0.04660115253742758,0.9847921331247238,-4.47634601247648e-19,0.17373673916491691,-1.0124722650651612e-18,4
0.7689999999999707,0.0008433308540100682,0.017858831894189985,-3.418145618818822e-20,0.046601002905375076,0.9847921331247238,-4.472903739729741e-19,0.17373673916491694,-1.010343467720906e-18,4
0.7694999999999707,0.0008437683488636105,0.017859243004875493,-3.451562638581994e-20,0.04660085327332257,0.9847921331247238,-4.452759725081723e-19,0.17373673916491697,-1.0089771419595894e-18,4
0.7699999999999706,0.0008442058437171528,0.017859654115561,-3.485098486105179e-20,0.046600703641270065,0.9847921331247238,-4.4397589065187265e-19,0.173736739164917,-1.0075298531450933e-18,4
0.7704999999999705,0.0008446433385706951,0.01786006522624651,-3.518950945350849e-20,0.04660055400921756,0.9847921331247238,-4.409217174042433e-19,0.17373673916491703,-1.0064370776230639e-18,4
0.7709999999999705,0.0008450808334242373,0.017860476336932017,-3.552711691722159e-20,0.046600404377165054,0.9847921331247238,-4.385617410600565e-19,0.17373673916491705,-1.0048969715180665e-18,4
0.7714999999999704,0.0008455183282777796,0.017860887447617525,-3.586196112506746e-20,0.04660025474511255,0.9847921331247238,-4.354964008219063e-19,0.17373673916491708,-1.0035263625122083e-18,4
0.7719999999999704,0.0008459558231313218,0.017861298558303033,-3.619595474195685e-20,0.04660010511306004,0.9847921331247238,-4.3136347605662826e-19,0.1737367391649171,-1.0015094767462294e-18,4
0.7724999999999703,0.0008463933179848641,0.01786170966898854,-3.652893842354782e-20,0.04659995548100754,0.9847921331247227,-4.2967367713261097e-19,0.17373673916491694,-9.990375959014206e-19,4
0.7729999999999703,0.0008468308128384064,0.01786212077967405,-3.6858503823519214e-20,0.04659980584895503,0.9847921331247227,-4.2864563207137053e-19,0.17373673916491694,-9.961079168909597e-19,4
0.7734999999999702,0.0008472683076919487,0.017862531890359558,-3.7185443420792415e-20,0.04659965621690253,0.9847921331247227,-4.275110016167603e-19,0.17373673916491694,-9.930145260086162e-19,4
0.7739999999999702,0.000847705802545491,0.017862943001045066,-3.751071602606703e-20,0.04659950658485002,0.9847921331247227,-4.2594240712781e-19,0.17373673916491694,-9.897623339338865e-19,4
0.7744999999999701,0.0008481432973990356,0.017863354111730574,-3.7833971094200985e-20,0.04659935695279751,0.9847921331247227,-4.230104013550714e-19,0.17373673916491694,-9.866738495854471e-19,4
0.77499999999997,0.0008485807922525802,0.017863765222416082,-3.81547484453543e-20,0.046599207320745,0.9847921331247227,-4.207358752792231e-19,0.17373673916491694,-9.832340118685406e-19,4
0.77549999999997,0.0008490182871061249,0.01786417633310159,-3.847377197864488e-20,0.046599057688692484,0.9847921331247227,-4.1575272229511356e-19,0.17373673916491694,-9.803537405340176e-19,4
0.7759999999999699,0.0008494557819596695,0.0178645874437871,-3.879158459518079e-20,0.04659890805663997,0.9847921331247227,-4.1319373408502144e-19,0.17373673916491694,-9.773917368209699e-19,4
0.7764999999999699,0.0008498932768132141,0.017864998554472607,-3.9106784623575485e-20,0.04659875842458746,0.9847921331247227,-4.084875429249656e-19,0.17373673916491694,-9.748902532470453e-19,4
0.7769999999999698,0.0008503307716667588,0.017865409665158115,-3.942041073076601e-20,0.04659860879253495,0.9847921331247227,-4.0486465341951746e-19,0.17373673916491694,-9.720151382975575e-19,4
0.7774999999999698,0.0008507682665203035,0.017865820775843623,-3.973477772652584e-20,0.046598459160482435,0.9847921331247227,-4.0334717682603613e-19,0.17373673916491694,-9.687446075133903e-19,4
0.7779999999999697,0.000851205761373848,0.01786623188652913,-4.004312510705924e-20,0.04659830952842992,0.9847921331247227,-3.984881829481405e-19,0.17373673916491694,-9.659339159862392e-19,4
0.7784999999999697,0.0008516432562273895,0.017866642997214636,-4.035022421308658e-20,0.04659815989637741,0.9847921331247227,-3.9352741948779186e-19,0.17373673916491694,-9.62747281540925e-19,4
0.7789999999999696,0.0008520807510809308,0.01786705410790014,-4.065780193794742e-20,0.0465980102643249,0.9847921331247227,-3.890949106482251e-19,0.17373673916491694,-9.586507925485098e-19,4
0.7794999999999696,0.0008525182459344722,0.017867465218585645,-4.0963165974336483e-20,0.046597860632272385,0.9847921331247227,-3.8475789802968135e-19,0.17373673916491694,-9.545663220120134e-19,4
0.7799999999999695,0.0008529557407880137,0.01786787632927115,-4.1264257168350323e-20,0.04659771100021987,0.9847921331247227,-3.8082674437016527e-19,0.17373673916491694,-9.503862704599451e-19,4
0.7804999999999694,0.0008533932356415549,0.017868287439956654,-4.156424209366058e-20,0.04659756136816736,0.9847921331247227,-3.765544074622312e-19,0.17373673916491694,-9.458196679195128e-19,4
0.7809999999999694,0.0008538307304950964,0.01786869855064216,-4.186193770135915e-20,0.04659741173611485,0.9847921331247227,-3.7137543480147296e-19,0.17373673916491694,-9.413361889311737e-19,4
0.7814999999999693,0.0008542682253486377,0.017869109661327664,-4.215906457443998e-20,0.046597262104062336,0.9847921331247227,-3.7040874712881756e-19,0.17373673916491694,-9.359270642672211e-19,4
0.7819999999999693,0.0008547057202021791,0.01786952077201317,-4.245669311480738e-20,0.04659711247200982,0.9847921331247227,-3.690221101401563e-19,0.17373673916491694,-9.30356665976061e-19,4
0.7824999999999692,0.0008551432150557205,0.017869931882698673,-4.2751921731624205e-20,0.04659696283995731,0.9847921331247227,-3.681033419673594e-19,0.17373673916491694,-9.247325922876647e-19,4
0.7829999999999692,0.0008555807099092619,0.017870342993384178,-4.304311182064406e-20,0.0465968132079048,0.9847921331247227,-3.670223998747411e-19,0.17373673916491694,-9.190074590516337e-19,4
0.7834999999999691,0.0008560182047628033,0.017870754104069683,-4.333285616348978e-20,0.046596663575852286,0.9847921331247227,-3.658404946736981e-19,0.17373673916491694,-9.130647767419793e-19,4
0.783999999999969,0.0008564556996163446,0.017871165214755187,-4.3622957063812163e-20,0.046596513943799774,0.9847921331247227,-3.650643618744094e-19,0.17373673916491694,-9.069208379639775e-19,4
0.784499999999969,0.000856893194469886,0.017871576325440692,-4.390898298818276e-20,0.04659636431174726,0.9847921331247227,-3.64941844022007e-19,0.17373673916491694,-9.011660628283758e-19,4
0.784999999999969,0.0008573306893234273,0.017871987436126197,-4.4191010467416445e-20,0.04659621467969475,0.9847921331247227,-3.6347880559054516e-19,0.17373673916491694,-8.956766478260035e-19,4
0.7854999999999689,0.0008577681841769688,0.0178723985468117,-4.4470632632934005e-20,0.046596065047642236,0.9847921331247227,-3.6394945827555345e-19,0.17373673916491694,-8.897692667576625e-19,4
0.7859999999999688,0.0008582056790305101,0.017872809657497206,-4.4744477659352804e-20,0.046595915415589724,0.9847921331247227,-3.620721084834979e-19,0.17373673916491694,-8.841992947494297e-19,4
0.7864999999999688,0.0008586431738840516,0.01787322076818271,-4.501736724538387e-20,0.04659576578353721,0.9847921331247227,-3.6144473541803864e-19,0.17373673916491694,-8.782262866333238e-19,4
0.7869999999999687,0.000859080668737593,0.017873631878868215,-4.5288149008408175e-20,0.0465956161514847,0.9847921331247227,-3.5803320677512035e-19,0.17373673916491694,-8.73143241894198e-19,4
0.7874999999999687,0.0008595181635911342,0.01787404298955372,-4.5558090609501666e-20,0.04659546651943219,0.9847921331247227,-3.5440622893956967e-19,0.17373673916491694,-8.681270725325034e-19,4
0.7879999999999686,0.0008599556584446757,0.017874454100239225,-4.5827753653249367e-20,0.046595316887379674,0.9847921331247227,-3.518670718627525e-19,0.17373673916491694,-8.626836292042313e-19,4
0.7884999999999686,0.0008603931532982171,0.01787486521092473,-4.609712624342864e-20,0.04659516725532716,0.9847921331247227,-3.4936351153284243e-19,0.17373673916491694,-8.575798440123182e-19,4
0.7889999999999685,0.0008608306481517584,0.017875276321610234,-4.636490975539684e-20,0.04659501762327465,0.9847921331247227,-3.4609903891298195e-19,0.17373673916491694,-8.528505461093471e-19,4
0.7894999999999684,0.0008612681430052998,0.01787568743229574,-4.6632516822308556e-20,0.04659486799122214,0.9847921331247227,-3.436990386094996e-19,0.17373673916491694,-8.474691504702465e-19,4
0.7899999999999684,0.0008617056378588412,0.017876098542981243,-4.689695960220119e-20,0.046594718359169625,0.9847921331247227,-3.374499851700911e-19,0.17373673916491694,-8.423200612392282e-19,4
0.7904999999999683,0.0008621431327123826,0.017876509653666748,-4.715664209944056e-20,0.04659456872711711,0.9847921331247227,-3.2999453640731895e-19,0.17373673916491694,-8.374655151836144e-19,4
0.7909999999999683,0.0008625806275659239,0.017876920764352253,-4.7416111848512493e-20,0.0465944190950646,0.9847921331247227,-3.2350840311180042e-19,0.17373673916491694,-8.327330555147166e-19,4
0.7914999999999682,0.0008630181224194653,0.017877331875037757,-4.767124330622685e-20,0.04659426946301209,0.9847921331247227,-3.1478388862175364e-19,0.17373673916491694,-8.27895902618325e-19,4
0.7919999999999682,0.0008634556172730067,0.017877742985723262,-4.792396808552193e-20,0.046594119830959575,0.9847921331247227,-3.102932440931743e-19,0.17373673916491694,-8.225520589957023e-19,4
0.7924999999999681,0.0008638931121265481,0.017878154096408767,-4.8177878865022395e-20,0.04659397019890706,0.9847921331247227,-3.0855108038881487e-19,0.17373673916491694,-8.167521950933517e-19,4
0.7929999999999681,0.0008643306069800895,0.01787856520709427,-4.842570167891099e-20,0.04659382056685455,0.9847921331247227,-3.0675396196961313e-19,0.17373673916491694,-8.109380468168158e-19,4
0.793499999999968,0.0008647681018336309,0.017878976317779776,-4.86724827247391e-20,0.04659367093480204,0.9847921331247227,-3.055910758742968e-19,0.17373673916491694,-8.051994094655703e-19,4
0.793999999999968,0.0008652055966871723,0.01787938742846528,-4.8913646218478526e-20,0.046593521302749526,0.9847921331247227,-3.0295070016981054e-19,0.17373673916491694,-8.003315953459379e-19,4
0.7944999999999679,0.0008656430915407137,0.017879798539150785,-4.9154873540613005e-20,0.04659337167069701,0.9847921331247227,-3.037971438356338e-19,0.17373673916491694,-7.947189673746538e-19,4
0.7949999999999678,0.000866080586394255,0.01788020964983629,-4.939530639422518e-20,0.0465932220386445,0.9847921331247227,-3.086569036386125e-19,0.17373673916491694,-7.881101050402929e-19,4
0.7954999999999678,0.0008665180812477964,0.017880620760521795,-4.963319610952361e-20,0.04659307240659199,0.9847921331247227,-3.132319956673326e-19,0.17373673916491694,-7.813161027743891e-19,4
0.7959999999999677,0.0008669555761013377,0.0178810318712073,-4.9868935030040285e-20,0.046592922774539476,0.9847921331247227,-3.1942010299038945e-19,0.17373673916491694,-7.738964811488201e-19,4
0.7964999999999677,0.0008673930709548792,0.017881442981892804,-5.010033643207102e-20,0.046592773142486964,0.9847921331247227,-3.228303640592132e-19,0.17373673916491694,-7.669429468808675e-19,4
0.7969999999999676,0.0008678305658084205,0.01788185409257831,-5.0325430673280644e-20,0.04659262351043445,0.9847921331247227,-3.2473544264731296e-19,0.17373673916491694,-7.605480492069199e-19,4
0.7974999999999676,0.000868268060661962,0.017882265203263813,-5.0554102732206366e-20,0.04659247387838194,0.9847921331247227,-3.275160640987984e-19,0.17373673916491694,-7.53551946110581e-19,4
0.7979999999999675,0.0008687055555155034,0.017882676313949318,-5.078513821454568e-20,0.04659232424632943,0.9847921331247227,-3.3083919949640754e-19,0.17373673916491694,-7.471759885506768e-19,4
0.7984999999999675,0.0008691430503690446,0.017883087424634823,-5.101415968115345e-20,0.046592174614276914,0.9847921331247227,-3.3350007982841337e-19,0.17373673916491694,-7.411042678449337e-19,4
0.7989999999999674,0.000869580545222586,0.017883498535320327,-5.124496085101671e-20,0.0465920249822244,0.9847921331247227,-3.3658449196355142e-19,0.17373673916491694,-7.350395390545794e-19,4
0.7994999999999673,0.0008700180400761274,0.017883909646005832,-5.148178839287484e-20,0.04659187535017189,0.9847921331247227,-3.406395285238424e-19,0.17373673916491694,-7.287795935258184e-19,4
0.7999999999999673,0.0008704555349296688,0.017884320756691337,-5.1718625012157664e-20,0.04659172571811938,0.9847921331247227,-3.4403441740751413e-19,0.17373673916491694,-7.228235130649267e-19,4
0.8004999999999672,0.0008708930297832102,0.01788473186737684,-5.195739699551708e-20,0.046591576086066865,0.9847921331247227,-3.477187792315516e-19,0.17373673916491694,-7.170037658839877e-19,4
0.8009999999999672,0.0008713305246367516,0.017885142978062346,-5.2197101001585693e-20,0.04659142645401435,0.9847921331247227,-3.4887595535064215e-19,0.17373673916491694,-7.111302762879232e-19,4
0.8014999999999671,0.000871768019490293,0.01788555408874785,-5.2436737764277976e-20,0.04659127682196184,0.9847921331247227,-3.508983189944276e-19,0.17373673916491694,-7.05291552573772e-19,4
0.8019999999999671,0.0008722055143438343,0.017885965199433355,-5.267522655888298e-20,0.04659112718990933,0.9847921331247227,-3.5033358358226013e-19,0.17373673916491694,-7.005194090696321e-19,4
0.802499999999967,0.0008726430091973757,0.01788637631011886,-5.29146878726986e-20,0.046590977557856815,0.9847921331247227,-3.4723870398858393e-19,0.17373673916491694,-6.960111172951975e-19,4
0.802999999999967,0.0008730805040509171,0.017886787420804365,-5.31544999871478e-20,0.0465908279258043,0.9847921331247227,-3.45125673272395e-19,0.17373673916491694,-6.915698554080221e-19,4
0.8034999999999669,0.0008735179989044585,0.01788719853148987,-5.3394087224610256e-20,0.04659067829375179,0.9847921331247227,-3.4260006155427285e-19,0.17373673916491694,-6.867546385355004e-19,4
0.8039999999999669,0.0008739554937579999,0.017887609642175374,-5.363447481240682e-20,0.04659052866169928,0.9847921331247227,-3.4017905316256397e-19,0.17373673916491694,-6.816856066407675e-19,4
0.8044999999999668,0.0008743929886115412,0.01788802075286088,-5.3874828706392504e-20,0.046590379029646765,0.9847921331247227,-3.3685191300896736e-19,0.17373673916491694,-6.764353825775798e-19,4
0.8049999999999667,0.0008748304834650827,0.017888431863546383,-5.411509687857762e-20,0.04659022939759425,0.9847921331247227,-3.3497341274844993e-19,0.17373673916491694,-6.712755280042874e-19,4
0.8054999999999667,0.0008752679783186239,0.017888842974231888,-5.435672847828265e-20,0.04659007976554174,0.9847921331247227,-3.3458579380578547e-19,0.17373673916491694,-6.661985907011261e-19,4
0.8059999999999666,0.0008757054731721654,0.017889254084917393,-5.459515392740175e-20,0.04658993013348923,0.9847921331247227,-3.3219356611397915e-19,0.17373673916491694,-6.608171820073643e-19,4
0.8064999999999666,0.0008761429680257068,0.017889665195602898,-5.483390850440081e-20,0.046589780501436716,0.9847921331247227,-3.297077418051489e-19,0.17373673916491694,-6.555339968785198e-19,4
0.8069999999999665,0.0008765804628792481,0.017890076306288402,-5.507484226184476e-20,0.0465896308693842,0.9847921331247227,-3.291515989351315e-19,0.17373673916491694,-6.500977799276074e-19,4
0.8074999999999665,0.0008770179577327896,0.017890487416973907,-5.531459756339249e-20,0.04658948123733169,0.9847921331247227,-3.2674428585355927e-19,0.17373673916491694,-6.450698571594465e-19,4
0.8079999999999664,0.0008774554525863309,0.01789089852765941,-5.555392013889509e-20,0.04658933160527918,0.9847921331247227,-3.2448094464876176e-19,0.17373673916491694,-6.402567822945033e-19,4
0.8084999999999664,0.0008778929474398723,0.017891309638344916,-5.579418835768075e-20,0.046589181973226666,0.9847921331247227,-3.2197107158312634e-19,0.17373673916491694,-6.350933034731298e-19,4
0.8089999999999663,0.0008783304422934136,0.01789172074903042,-5.603551767865412e-20,0.046589032341174154,0.9847921331247227,-3.1932329396733855e-19,0.17373673916491694,-6.301944011115035e-19,4
0.8094999999999662,0.000878767937146955,0.017892131859715926,-5.627713351541584e-20,0.04658888270912164,0.9847921331247227,-3.1708896496083927e-19,0.17373673916491694,-6.249343519692002e-19,4
0.8099999999999662,0.0008792054320004964,0.01789254297040143,-5.651672546552656e-20,0.04658873307706913,0.9847921331247227,-3.126568895647712e-19,0.17373673916491694,-6.20090894507615e-19,4
0.8104999999999661,0.0008796429268540378,0.017892954081086935,-5.67555335887794e-20,0.04658858344501662,0.9847921331247227,-3.077728211535298e-19,0.17373673916491694,-6.157259610069197e-19,4
0.8109999999999661,0.0008800804217075792,0.01789336519177244,-5.699608809621775e-20,0.046588433812964104,0.9847921331247227,-3.025594386627411e-19,0.17373673916491694,-6.114479909070499e-19,4
0.811499999999966,0.0008805179165611206,0.017893776302457944,-5.723605501480034e-20,0.04658828418091159,0.9847921331247227,-2.9628809097313744e-19,0.17373673916491694,-6.076497594649168e-19,4
0.811999999999966,0.000880955411414662,0.01789418741314345,-5.74664456099316e-20,0.04658813454885908,0.9847921331247227,-2.91177889559504e-19,0.17373673916491694,-6.044153799974642e-19,4
0.8124999999999659,0.0008813929062682033,0.017894598523828954,-5.7696928255261e-20,0.04658798491680657,0.9847921331247227,-2.8459558025584352e-19,0.17373673916491694,-6.01998028960066e-19,4
0.8129999999999659,0.0008818304011217447,0.017895009634514458,-5.792303734582562e-20,0.046587835284754055,0.9847921331247227,-2.820067730057942e-19,0.17373673916491694,-5.994334650502027e-19,4
0.8134999999999658,0.0008822678959752861,0.017895420745199963,-5.813313533746185e-20,0.04658768565270154,0.9847921331247227,-2.800150568651535e-19,0.17373673916491694,-5.971623459864508e-19,4
0.8139999999999658,0.0008827053908288275,0.017895831855885468,-5.833712468936498e-20,0.04658753602064903,0.9847921331247227,-2.760783620200218e-19,0.17373673916491694,-5.951046892989698e-19,4
0.8144999999999657,0.0008831428856823689,0.017896242966570972,-5.853944978651607e-20,0.04658738638859652,0.9847921331247227,-2.725709729592971e-19,0.17373673916491694,-5.927359336809501e-19,4
0.8149999999999656,0.0008835803805359102,0.017896654077256477,-5.874010944159224e-20,0.046587236756544005,0.9847921331247227,-2.7061727986984053e-19,0.17373673916491694,-5.903861682233631e-19,4
0.8154999999999656,0.0008840178753894516,0.01789706518794198,-5.893824042546395e-20,0.04658708712449149,0.9847921331247227,-2.675632706946334e-19,0.17373673916491694,-5.877837778048107e-19,4
0.8159999999999655,0.000884455370242993,0.017897476298627486,-5.913978680226944e-20,0.04658693749243898,0.9847921331247227,-2.660405187347642e-19,0.17373673916491694,-5.853100269220676e-19,4
0.8164999999999655,0.0008848928650965343,0.01789788740931299,-5.934280383550485e-20,0.04658678786038647,0.9847921331247227,-2.657865175957729e-19,0.17373673916491694,-5.825884639336978e-19,4
0.8169999999999654,0.0008853303599500757,0.017898298519998496,-5.954144418717342e-20,0.046586638228333956,0.9847921331247227,-2.637258233644353e-19,0.17373673916491694,-5.800559670144805e-19,4
0.8174999999999654,0.0008857678548036172,0.017898709630684,-5.973134036985734e-20,0.04658648859628144,0.9847921331247227,-2.6344953460258997e-19,0.17373673916491694,-5.776074492903542e-19,4
0.8179999999999653,0.0008862053496571585,0.017899120741369505,-5.991468961773577e-20,0.04658633896422893,0.9847921331247227,-2.6063504552214283e-19,0.17373673916491694,-5.76111194342741e-19,4
0.8184999999999653,0.0008866428445107,0.01789953185205501,-6.007853485466121e-20,0.04658618933217642,0.9847921331247227,-2.5798151985503856e-19,0.17373673916491694,-5.74985325761409e-19,4
0.8189999999999652,0.0008870803393642413,0.017899942962740514,-6.024291024657919e-20,0.046586039700123906,0.9847921331247227,-2.556282724023393e-19,0.17373673916491694,-5.739938841980998e-19,4
0.8194999999999651,0.0008875178342177826,0.01790035407342602,-6.040408172417048e-20,0.046585890068071394,0.9847921331247227,-2.522860304412629e-19,0.17373673916491694,-5.734171681365835e-19,4
0.8199999999999651,0.000887955329071324,0.017900765184111524,-6.056468089083494e-20,0.04658574043601888,0.9847921331247227,-2.4902617990996614e-19,0.17373673916491694,-5.735417722962067e-19,4
0.820499999999965,0.0008883928239248654,0.01790117629479703,-6.072392024185147e-20,0.04658559080396637,0.9847921331247227,-2.4637355860982575e-19,0.17373673916491694,-5.737466512655439e-19,4
0.820999999999965,0.0008888303187784068,0.017901587405482533,-6.088043409613332e-20,0.046585441171913856,0.9847921331247227,-2.4398500690525784e-19,0.17373673916491694,-5.746207988473201e-19,4
0.8214999999999649,0.0008892678136319482,0.017901998516168038,-6.103726312753799e-20,0.046585291539861344,0.9847921331247227,-2.42825825051057e-19,0.17373673916491694,-5.740914838064254e-19,4
0.8219999999999649,0.0008897053084854896,0.017902409626853542,-6.119124943811552e-20,0.04658514190780883,0.9847921331247227,-2.4249828412568177e-19,0.17373673916491694,-5.736556982977091e-19,4
0.8224999999999648,0.000890142803339031,0.017902820737539047,-6.13382273771153e-20,0.04658499227575632,0.9847921331247227,-2.4265038055533137e-19,0.17373673916491694,-5.734283880566951e-19,4
0.8229999999999648,0.0008905802981925723,0.01790323184822455,-6.148240028816848e-20,0.04658484264370381,0.9847921331247227,-2.435282641064645e-19,0.17373673916491694,-5.733132820454909e-19,4
0.8234999999999647,0.0008910177930461136,0.017903642958910056,-6.16283438872001e-20,0.046584693011651294,0.9847921331247227,-2.425926946299077e-19,0.17373673916491694,-5.737583522661416e-19,4
0.8239999999999646,0.000891455287899655,0.01790405406959556,-6.178051768555128e-20,0.04658454337959878,0.9847921331247227,-2.42553644440988e-19,0.17373673916491694,-5.738098978857595e-19,4
0.8244999999999646,0.0008918927827531965,0.017904465180281066,-6.194073587896843e-20,0.04658439374754627,0.9847921331247227,-2.4237958722108045e-19,0.17373673916491694,-5.741255087869893e-19,4
0.8249999999999645,0.0008923302776067378,0.01790487629096657,-6.209951200807241e-20,0.04658424411549376,0.9847921331247227,-2.42774528099568e-19,0.17373673916491694,-5.741053762792901e-19,4
0.8254999999999645,0.0008927677724602793,0.017905287401652075,-6.225134604754597e-20,0.046584094483441245,0.9847921331247227,-2.4206040672319446e-19,0.17373673916491694,-5.745211515899879e-19,4
0.8259999999999644,0.0008932052673138206,0.01790569851233758,-6.263287601430149e-20,0.04658394485138873,0.9847921331247227,-2.471643681682964e-19,0.17373673916491694,-5.715613267844349e-19,4
0.8264999999999644,0.0008936427621673619,0.017906109623023084,-6.286723842534511e-20,0.04658379521933622,0.9847921331247227,-2.5148929478509813e-19,0.17373673916491694,-5.700360938165355e-19,4
0.8269999999999643,0.0008940802570209034,0.01790652073370859,-6.311490171596676e-20,0.04658364558728371,0.9847921331247227,-2.545843650883753e-19,0.17373673916491694,-5.676997902864727e-19,4
0.8274999999999643,0.0008945177518744447,0.017906931844394094,-6.336044659489459e-20,0.046583495955231195,0.9847921331247227,-2.59060279640826e-19,0.17373673916491694,-5.648845176877751e-19,4
0.8279999999999642,0.0008949552467279861,0.0179073429550796,-6.333190217298201e-20,0.04658334632317868,0.9847921331247227,-2.5690266676707025e-19,0.17373673916491694,-5.652765199454489e-19,4
0.8284999999999642,0.0008953927415815276,0.017907754065765103,-6.333246039496653e-20,0.04658319669112617,0.9847921331247227,-2.5390994685242416e-19,0.17373673916491694,-5.657918720828027e-19,4
0.8289999999999641,0.0008958302364350689,0.017908165176450608,-6.346798411547208e-20,0.04658304705907366,0.9847921331247227,-2.526105316391035e-19,0.17373673916491694,-5.665129661213305e-19,4
0.829499999999964,0.0008962677312886103,0.017908576287136112,-6.360468404583144e-20,0.046582897427021146,0.9847921331247227,-2.5171475235894944e-19,0.17373673916491694,-5.669274898955978e-19,4
0.829999999999964,0.0008967052261421516,0.017908987397821617,-6.37342459706912e-20,0.04658274779496863,0.9847921331247227,-2.502926739450405e-19,0.17373673916491694,-5.677279559577525e-19,4
0.8304999999999639,0.000897142720995693,0.017909398508507122,-6.398201746528321e-20,0.04658259816291612,0.9847921331247227,-2.5135448447134692e-19,0.17373673916491694,-5.666922560328859e-19,4
0.8309999999999639,0.0008975802158492344,0.017909809619192626,-6.424808860734705e-20,0.04658244853086361,0.9847921331247227,-2.5253102780890955e-19,0.17373673916491694,-5.65559490151369e-19,4
0.8314999999999638,0.0008980177107027758,0.01791022072987813,-6.450353879780609e-20,0.046582298898811096,0.9847921331247227,-2.5353785826022097e-19,0.17373673916491694,-5.644855308763326e-19,4
0.8319999999999638,0.0008984552055563172,0.017910631840563636,-6.475097122158183e-20,0.046582149266758584,0.9847921331247227,-2.5498965551116925e-19,0.17373673916491694,-5.638903902784599e-19,4
0.8324999999999637,0.0008988927004098586,0.01791104295124914,-6.493690107974006e-20,0.04658199963470607,0.9847921331247227,-2.547898407487244e-19,0.17373673916491694,-5.610789148290167e-19,4
0.8329999999999637,0.0008993301952634,0.017911454061934645,-6.513654682776908e-20,0.04658185000265356,0.9847921331247227,-2.546928585560052e-19,0.17373673916491694,-5.580667821247484e-19,4
0.8334999999999636,0.0008997676901169412,0.01791186517262015,-6.533525068181453e-20,0.04658170037060105,0.9847921331247227,-2.5311964566293387e-19,0.17373673916491694,-5.556081783566146e-19,4
0.8339999999999635,0.0009002051849704827,0.017912276283305655,-6.5530849144268e-20,0.046581550738548534,0.9847921331247227,-2.5160888411454163e-19,0.17373673916491694,-5.529031960092097e-19,4
0.8344999999999635,0.000900642679824024,0.01791268739399116,-6.572043051684409e-20,0.04658140110649602,0.9847921331247227,-2.467493555310939e-19,0.17373673916491694,-5.510820949086619e-19,4
0.8349999999999634,0.0009010801746775654,0.017913098504676664,-6.591567914763535e-20,0.04658125147444351,0.9847921331247227,-2.3940226920692013e-19,0.17373673916491694,-5.49517332451778e-19,4
0.8354999999999634,0.0009015176695311069,0.01791350961536217,-6.6583748630743e-20,0.046581101842391,0.9847921331247227,-2.419955551545061e-19,0.17373673916491694,-5.471789749687059e-19,4
0.8359999999999633,0.0009019551643846482,0.017913920726047673,-6.716856654144274e-20,0.046580952210338485,0.9847921331247227,-2.420906947978849e-19,0.17373673916491694,-5.453102056324933e-19,4
0.8364999999999633,0.0009023926592381897,0.017914331836733178,-6.776633538649035e-20,0.04658080257828597,0.9847921331247227,-2.4458207445561763e-19,0.17373673916491694,-5.427833314046937e-19,4
0.8369999999999632,0.000902830154091731,0.017914742947418683,-6.838323118003007e-20,0.04658065294623346,0.9847921331247227,-2.497634822360251e-19,0.17373673916491694,-5.395465222734414e-19,4
0.8374999999999632,0.0009032676489452723,0.017915154058104187,-6.845192316110046e-20,0.04658050331418095,0.9847921331247227,-2.4608846591769866e-19,0.17373673916491694,-5.400148415139174e-19,4
0.8379999999999631,0.0009037051437988137,0.017915565168789692,-6.87248222549468e-20,0.046580353682128435,0.9847921331247227,-2.445647872910601e-19,0.17373673916491694,-5.388641994660182e-19,4
0.838499999999963,0.0009041426386523551,0.017915976279475197,-6.90430733363499e-20,0.04658020405007592,0.9847921331247227,-2.4425308731266256e-19,0.17373673916491694,-5.372643795692516e-19,4
0.838999999999963,0.0009045801335058965,0.0179163873901607,-6.907653408382589e-20,0.04658005441802341,0.9847921331247227,-2.3852950793804133e-19,0.17373673916491694,-5.386563117418668e-19,4
0.8394999999999629,0.0009050176283594379,0.017916798500846206,-6.903041268540604e-20,0.0465799047859709,0.9847921331247227,-2.2971084686433375e-19,0.17373673916491694,-5.406231432285516e-19,4
0.8399999999999629,0.0009054551232129793,0.01791720961153171,-6.905985569890748e-20,0.046579755153918385,0.9847921331247227,-2.20327086451763e-19,0.17373673916491694,-5.419787001312313e-19,4
0.8404999999999628,0.0009058926180665206,0.017917620722217215,-6.910733051235052e-20,0.04657960552186587,0.9847921331247227,-2.155299781998114e-19,0.17373673916491694,-5.469401126607694e-19,4
0.8409999999999628,0.000906330112920062,0.01791803183290272,-6.920714756176639e-20,0.04657945588981336,0.9847921331247227,-2.107181308596819e-19,0.17373673916491694,-5.521443728367381e-19,4
0.8414999999999627,0.0009067676077736034,0.017918442943588225,-6.931011735215136e-20,0.04657930625776085,0.9847921331247227,-2.0595770931709853e-19,0.17373673916491694,-5.575798078694124e-19,4
0.8419999999999627,0.0009072051026271448,0.01791885405427373,-6.940781703790622e-20,0.046579156625708336,0.9847921331247227,-2.0345067683447674e-19,0.17373673916491694,-5.606384425888252e-19,4
0.8424999999999626,0.0009076425974806862,0.017919265164959234,-6.966860627773683e-20,0.046579006993655823,0.9847921331247227,-2.0562276353530512e-19,0.17373673916491694,-5.601524952459166e-19,4
0.8429999999999626,0.0009080800923342276,0.01791967627564474,-7.000962508015455e-20,0.04657885736160331,0.9847921331247227,-2.0697765496495179e-19,0.17373673916491694,-5.583599128569719e-19,4
0.8434999999999625,0.000908517587187769,0.017920087386330243,-7.038994985428705e-20,0.0465787077295508,0.9847921331247227,-2.1462568467841012e-19,0.17373673916491694,-5.623030152443529e-19,4
0.8439999999999624,0.0009089550820413103,0.017920498497015748,-7.070354207441181e-20,0.046578558097498286,0.9847921331247227,-2.2241205747553497e-19,0.17373673916491694,-5.640310716370732e-19,4
0.8444999999999624,0.0009093925768948516,0.017920909607701253,-7.100996993858826e-20,0.046578408465445774,0.9847921331247227,-2.325399229573623e-19,0.17373673916491694,-5.646879187021724e-19,4
0.8449999999999623,0.0009098300717483931,0.017921320718386757,-7.126288957058123e-20,0.04657825883339326,0.9847921331247227,-2.389444540782957e-19,0.17373673916491694,-5.662947280718465e-19,4
0.8454999999999623,0.0009102675666019344,0.017921731829072262,-7.155505126231488e-20,0.04657810920134075,0.9847921331247227,-2.473865381957817e-19,0.17373673916491694,-5.668311036961803e-19,4
0.8459999999999622,0.0009107050614554758,0.017922142939757767,-7.1822157232043e-20,0.04657795956928824,0.9847921331247227,-2.5396611280200953e-19,0.17373673916491694,-5.679891554511254e-19,4
0.8464999999999622,0.0009111425563090173,0.01792255405044327,-7.199928864543972e-20,0.046577809937235724,0.9847921331247227,-2.6093580041456594e-19,0.17373673916491694,-5.696357031733544e-19,4
0.8469999999999621,0.0009115800511625586,0.017922965161128776,-7.217505319108687e-20,0.04657766030518321,0.9847921331247227,-2.651967338968991e-19,0.17373673916491694,-5.725288295657512e-19,4
0.8474999999999621,0.0009120175460161,0.01792337627181428,-7.241676766264359e-20,0.0465775106731307,0.9847921331247227,-2.7152378494323154e-19,0.17373673916491694,-5.740822560199471e-19,4
0.847999999999962,0.0009124550408696413,0.017923787382499785,-7.269002341424189e-20,0.04657736104107819,0.9847921331247227,-2.7934348988677645e-19,0.17373673916491694,-5.751369879802088e-19,4
0.848499999999962,0.0009128925357231827,0.01792419849318529,-7.263656804114753e-20,0.046577211409025675,0.9847921331247227,-2.7936800767216414e-19,0.17373673916491694,-5.786527178415215e-19,4
0.8489999999999619,0.000913330030576724,0.017924609603870795,-7.266680514162507e-20,0.04657706177697316,0.9847921331247227,-2.7926443156530283e-19,0.17373673916491694,-5.820085304266713e-19,4
0.8494999999999618,0.0009137675254302655,0.0179250207145563,-7.263939348946445e-20,0.04657691214492065,0.9847921331247227,-2.790215113986906e-19,0.17373673916491694,-5.869503076320405e-19,4
0.8499999999999618,0.0009142050202838069,0.017925431825241804,-7.274151134124559e-20,0.04657676251286814,0.9847921331247227,-2.789777845042525e-19,0.17373673916491694,-5.839061585544432e-19,4
0.8504999999999617,0.0009146425151373483,0.01792584293592731,-7.283727317542066e-20,0.046576612880815625,0.9847921331247227,-2.794750673056976e-19,0.17373673916491694,-5.820637194468748e-19,4
0.8509999999999617,0.0009150800099908897,0.017926254046612813,-7.287480580623443e-20,0.04657646324876311,0.9847921331247227,-2.773802003683006e-19,0.17373673916491694,-5.742603176431521e-19,4
0.8514999999999616,0.000915517504844431,0.017926665157298318,-7.293287386767372e-20,0.0465763136167106,0.9847921331247227,-2.754881929998191e-19,0.17373673916491694,-5.671369831068107e-19,4
0.8519999999999616,0.0009159549996979724,0.017927076267983823,-7.295536667707307e-20,0.04657616398465809,0.9847921331247227,-2.754880646274577e-19,0.17373673916491694,-5.5595672861011715e-19,4
0.8524999999999615,0.0009163924945515137,0.017927487378669327,-7.299201106298e-20,0.046576014352605576,0.9847921331247227,-2.7698312790625843e-19,0.17373673916491694,-5.447529402218687e-19,4
0.8529999999999615,0.0009168299894050551,0.017927898489354832,-7.273249468863841e-20,0.04657586472055306,0.9847921331247227,-2.7242732050643137e-19,0.17373673916491694,-5.338528300514037e-19,4
0.8534999999999614,0.0009172674842585966,0.017928309600040337,-7.258563585653288e-20,0.04657571508850055,0.9847921331247227,-2.72674229007152e-19,0.17373673916491694,-5.239310345733308e-19,4
0.8539999999999613,0.0009177049791121379,0.01792872071072584,-7.248919632971919e-20,0.04657556545644804,0.9847921331247227,-2.728922967456728e-19,0.17373673916491694,-5.152586365475746e-19,4
0.8544999999999613,0.0009181424739656794,0.017929131821411346,-7.239160282665426e-20,0.046575415824395526,0.9847921331247227,-2.793851704154915e-19,0.17373673916491694,-4.99695114525255e-19,4
0.8549999999999612,0.0009185799688192207,0.01792954293209685,-7.229524866430214e-20,0.046575266192343014,0.9847921331247227,-2.8606593566951845e-19,0.17373673916491694,-4.851842179946795e-19,4
0.8554999999999612,0.000919017463672762,0.017929954042782355,-7.219566915917523e-20,0.0465751165602905,0.9847921331247227,-2.9086249286006837e-19,0.17373673916491694,-4.660671342101878e-19,4
0.8559999999999611,0.0009194549585263035,0.01793036515346786,-7.211582725704294e-20,0.04657496692823799,0.9847921331247227,-2.9681975401537507e-19,0.17373673916491694,-4.477782072743899e-19,4
0.8564999999999611,0.0009198924533798448,0.017930776264153365,-7.205818458351489e-20,0.046574817296185476,0.9847921331247227,-3.0139885624599852e-19,0.17373673916491694,-4.3129379631378554e-19,4
0.856999999999961,0.0009203299482333862,0.01793118737483887,-7.203106950134348e-20,0.046574667664132964,0.9847921331247227,-3.0548173884084006e-19,0.17373673916491694,-4.151900210248623e-19,4
0.857499999999961,0.0009207674430869277,0.017931598485524374,-7.208176348483613e-20,0.04657451803208045,0.9847921331247227,-3.1159059787130332e-19,0.17373673916491694,-3.970666376983627e-19,4
0.8579999999999609,0.000921204937940469,0.01793200959620988,-7.211247779122209e-20,0.04657436840002794,0.9847921331247227,-3.187739532152867e-19,0.17373673916491694,-3.8031507362959904e-19,4
0.8584999999999608,0.0009216424327940103,0.017932420706895384,-7.213580977026343e-20,0.04657421876797543,0.9847921331247227,-3.25417569355514e-19,0.17373673916491694,-3.6342336926142256e-19,4
0.8589999999999608,0.0009220799276475517,0.017932831817580888,-7.216466727775191e-20,0.046574069135922914,0.9847921331247227,-3.3022791303178307e-19,0.17373673916491694,-3.470953376642319e-19,4
0.8594999999999607,0.0009225174225010931,0.017933242928266393,-7.255263769970708e-20,0.0465739195038704,0.9847921331247227,-3.4079469961180667e-19,0.17373673916491694,-3.283537970713613e-19,4
0.8599999999999607,0.0009229549173546344,0.017933654038951898,-7.280021206677072e-20,0.04657376987181789,0.9847921331247227,-3.5002869155854835e-19,0.17373673916491694,-3.1125023319509254e-19,4
0.8604999999999606,0.0009233924122081759,0.017934065149637402,-7.348030545804135e-20,0.04657362023976538,0.9847921331247227,-3.6788155695361063e-19,0.17373673916491694,-2.871062324576189e-19,4
0.8609999999999606,0.0009238299070617173,0.017934476260322907,-7.410829860417405e-20,0.046573470607712865,0.9847921331247227,-3.8527345450758304e-19,0.17373673916491694,-2.646577824818162e-19,4
0.8614999999999605,0.0009242674019152587,0.01793488737100841,-7.49249620057829e-20,0.04657332097566035,0.9847921331247227,-4.02823599072773e-19,0.17373673916491694,-2.343363206843389e-19,4
0.8619999999999605,0.0009247048967688,0.017935298481693916,-7.57235501208807e-20,0.04657317134360784,0.9847921331247227,-4.2086937025680176e-19,0.17373673916491694,-2.0511888459073224e-19,4
0.8624999999999604,0.0009251423916223413,0.01793570959237942,-7.650106617647546e-20,0.04657302171155533,0.9847921331247227,-4.371000284097392e-19,0.17373673916491694,-1.7651476295461317e-19,4
0.8629999999999604,0.0009255798864758828,0.017936120703064926,-7.766023792030668e-20,0.046572872079502815,0.9847921331247227,-4.618502988810083e-19,0.17373673916491694,-1.442169742647133e-19,4
0.8634999999999603,0.0009260173813294241,0.01793653181375043,-7.880170413503393e-20,0.0465727224474503,0.9847921331247227,-4.844191374189559e-19,0.17373673916491694,-1.133898064263054e-19,4
0.8639999999999602,0.0009264548761829655,0.017936942924435935,-7.987259195626421e-20,0.04657257281539779,0.9847921331247227,-5.05490892030898e-19,0.17373673916491694,-8.44409806452487e-20,4
0.8644999999999602,0.000926892371036507,0.01793735403512144,-8.100923074152835e-20,0.04657242318334528,0.9847921331247227,-5.287346583884263e-19,0.17373673916491694,-5.492645362630686e-20,4
0.8649999999999601,0.0009273298658900483,0.017937765145806944,-8.165732519373254e-20,0.046572273551292766,0.9847921331247227,-5.410241909046304e-19,0.17373673916491694,-2.769040744488271e-20,4
0.8654999999999601,0.0009277673607435896,0.01793817625649245,-8.232304301815257e-20,0.04657212391924025,0.9847921331247227,-5.551759902587199e-19,0.17373673916491694,-1.3172847008890799e-21,4
0.86599999999996,0.0009282048555971311,0.017938587367177954,-8.296713533655925e-20,0.04657197428718774,0.9847921331247227,-5.679613421731938e-19,0.17373673916491694,2.325338820467018e-20,4
0.86649999999996,0.0009286423504506724,0.01793899847786346,-8.394637572438341e-20,0.04657182465513523,0.9847921331247227,-5.872483547901122e-19,0.17373673916491694,5.7503165898125e-20,4
0.8669999999999599,0.0009290798453042139,0.017939409588548963,-8.494915498784999e-20,0.046571675023082716,0.9847921331247227,-6.04269026606471e-19,0.17373673916491694,9.153563197558993e-20,4
0.8674999999999599,0.0009295173401577552,0.017939820699234468,-8.636533662933951e-20,0.046571525391030204,0.9847921331247227,-6.300063025446353e-19,0.17373673916491694,1.252802703722311e-19,4
0.8679999999999598,0.0009299548350112966,0.017940231809919972,-8.775902182961192e-20,0.04657137575897769,0.9847921331247227,-6.529714672897846e-19,0.17373673916491694,1.5745008045570424e-19,4
0.8684999999999597,0.0009303923298648381,0.017940642920605477,-8.974695242459543e-20,0.04657122612692518,0.9847921331247227,-6.851271640737648e-19,0.17373673916491694,1.9713109681672928e-19,4
0.8689999999999597,0.0009308298247183793,0.01794105403129098,-9.162663500494522e-20,0.04657107649487267,0.9847921331247227,-7.133882391903336e-19,0.17373673916491694,2.342465713753045e-19,4
0.8694999999999596,0.0009312673195719207,0.017941465141976486,-9.326706177740184e-20,0.046570926862820154,0.9847921331247227,-7.353150892455939e-19,0.17373673916491694,2.668335943433159e-19,4
0.8699999999999596,0.0009317048144254621,0.01794187625266199,-9.494109858164739e-20,0.04657077723076764,0.9847921331247227,-7.570255806706583e-19,0.17373673916491694,2.993535814763871e-19,4
0.8704999999999595,0.0009321423092790035,0.017942287363347496,-9.662730136754005e-20,0.04657062759871513,0.9847921331247227,-7.773924297959384e-19,0.17373673916491694,3.313962762483671e-19,4
0.8709999999999595,0.0009325798041325448,0.017942698474033,-9.82845326453151e-20,0.04657047796666262,0.9847921331247227,-7.982045729315074e-19,0.17373673916491694,3.624317563890844e-19,4
0.8714999999999594,0.0009330172989860863,0.017943109584718505,-9.991618786051811e-20,0.046570328334610105,0.9847921331247227,-8.179750642136421e-19,0.17373673916491694,3.977464589895359e-19,4
0.8719999999999594,0.0009334547938396277,0.01794352069540401,-1.015171647886737e-19,0.04657017870255759,0.9847921331247227,-8.371513140432785e-19,0.17373673916491694,4.306551089527774e-19,4
0.8724999999999593,0.000933892288693169,0.017943931806089514,-1.03166858277108e-19,0.04657002907050508,0.9847921331247227,-8.558712539958753e-19,0.17373673916491694,4.655153603062232e-19,4
0.8729999999999593,0.0009343297835467104,0.01794434291677502,-1.0478594723091672e-19,0.04656987943845257,0.9847921331247227,-8.7601174436059e-19,0.17373673916491694,4.995404514766539e-19,4
0.8734999999999592,0.0009347672784002517,0.017944754027460524,-1.0619127808904546e-19,0.046569729806400055,0.9847921331247227,-8.87830933821047e-19,0.17373673916491694,5.37194635974437e-19,4
0.8739999999999591,0.0009352047732537932,0.01794516513814603,-1.0766624883488277e-19,0.04656958017434754,0.9847921331247227,-8.981080073491187e-19,0.17373673916491694,5.719584718888239e-19,4
0.8744999999999591,0.0009356422681073345,0.017945576248831533,-1.091513735287523e-19,0.04656943054229503,0.9847921331247227,-9.070589910558014e-19,0.17373673916491694,6.057725037330214e-19,4
0.874999999999959,0.0009360797629608759,0.017945987359517038,-1.1090781488803566e-19,0.04656928091024252,0.9847921331247227,-9.204011565057781e-19,0.17373673916491694,6.433973920094084e-19,4
0.875499999999959,0.0009365172578144174,0.017946398470202542,-1.1255427371039402e-19,0.046569131278190005,0.9847921331247227,-9.289946698544604e-19,0.17373673916491694,6.776190809006723e-19,4
0.8759999999999589,0.0009369547526679586,0.017946809580888047,-1.1419016977513977e-19,0.04656898164613749,0.9847921331247227,-9.353868901681837e-19,0.17373673916491694,7.104194904190409e-19,4
0.8764999999999589,0.0009373922475215,0.017947220691573552,-1.1584567912262592e-19,0.04656883201408498,0.9847921331247227,-9.422321267999506e-19,0.17373673916491694,7.426896559856014e-19,4
0.8769999999999588,0.0009378297423750415,0.017947631802259056,-1.1741445160208365e-19,0.04656868238203247,0.9847921331247227,-9.51093057963841e-19,0.17373673916491694,7.771889971312734e-19,4
0.8774999999999588,0.0009382672372285828,0.01794804291294456,-1.189599261470894e-19,0.046568532749979956,0.9847921331247227,-9.587395407485875e-19,0.17373673916491694,8.099127040681595e-19,4
0.8779999999999587,0.0009387047320821241,0.017948454023630066,-1.2081252019583235e-19,0.046568383117927444,0.9847921331247227,-9.72426216955275e-19,0.17373673916491694,8.517584955585333e-19,4
0.8784999999999586,0.0009391422269356656,0.01794886513431557,-1.2263772153472267e-19,0.04656823348587493,0.9847921331247227,-9.839018443393587e-19,0.17373673916491694,8.911243792018055e-19,4
0.8789999999999586,0.000939579721789207,0.017949276245001075,-1.243357731016637e-19,0.04656808385382242,0.9847921331247227,-9.918059521768959e-19,0.17373673916491694,9.275061143117985e-19,4
0.8794999999999585,0.0009400172166427483,0.01794968735568658,-1.2598623876057506e-19,0.046567934221769906,0.9847921331247227,-9.985040114972666e-19,0.17373673916491694,9.62060851745871e-19,4
0.8799999999999585,0.0009404547114962897,0.017950098466372084,-1.2767101193318226e-19,0.046567784589717394,0.9847921331247227,-1.0037427983721967e-18,0.17373673916491694,9.960122066458449e-19,4
0.8804999999999584,0.0009408922063498311,0.01795050957705759,-1.2942973266360422e-19,0.04656763495766488,0.9847921331247227,-1.0087721153316267e-18,0.17373673916491694,1.0290522151268248e-18,4
0.8809999999999584,0.0009413297012033725,0.017950920687743094,-1.3116521973544313e-19,0.04656748532561237,0.9847921331247227,-1.0116315032627644e-18,0.17373673916491694,1.060570786727123e-18,4
0.8814999999999583,0.0009417671960569139,0.0179513317984286,-1.3291468751127164e-19,0.04656733569355986,0.9847921331247227,-1.0133787578865213e-18,0.17373673916491694,1.0908073828257604e-18,4
0.8819999999999583,0.0009422046909104552,0.017951742909114103,-1.3490208742716666e-19,0.046567186061507344,0.9847921331247227,-1.0208883679144633e-18,0.17373673916491694,1.127474778973786e-18,4
0.8824999999999582,0.0009426421857639967,0.017952154019799608,-1.3684112009914182e-19,0.04656703642945483,0.9847921331247227,-1.0263351711898185e-18,0.17373673916491694,1.161318502520312e-18,4
0.8829999999999582,0.0009430796806175379,0.017952565130485112,-1.3881958781186442e-19,0.04656688679740232,0.9847921331247227,-1.0312706047069077e-18,0.17373673916491694,1.19525452592718e-18,4
0.8834999999999581,0.0009435171754710793,0.017952976241170617,-1.4085554792160526e-19,0.04656673716534981,0.9847921331247227,-1.039717048820345e-18,0.17373673916491694,1.2280900431061994e-18,4
0.883999999999958,0.0009439546703246208,0.017953387351856122,-1.429596247332148e-19,0.046566587533297295,0.9847921331247227,-1.050623069844031e-18,0.17373673916491694,1.2581598901301042e-18,4
0.884499999999958,0.0009443921651781621,0.017953798462541627,-1.4499393525773582e-19,0.04656643790124478,0.9847921331247227,-1.0585016318432116e-18,0.17373673916491694,1.288089530756214e-18,4
0.8849999999999579,0.0009448296600317036,0.01795420957322713,-1.4711281983151338e-19,0.04656628826919227,0.9847921331247227,-1.0681150844767721e-18,0.17373673916491694,1.3163939411200062e-18,4
0.8854999999999579,0.0009452671548852449,0.017954620683912636,-1.4912714619442016e-19,0.04656613863713976,0.9847921331247227,-1.0772958407249175e-18,0.17373673916491694,1.3458614382385068e-18,4
0.8859999999999578,0.0009457046497387863,0.01795503179459814,-1.5128220814729548e-19,0.046565989005087245,0.9847921331247227,-1.085394880432916e-18,0.17373673916491694,1.3696133150565135e-18,4
0.8864999999999578,0.0009461421445923276,0.017955442905283645,-1.5341312949373265e-19,0.04656583937303473,0.9847921331247227,-1.09288786590419e-18,0.17373673916491694,1.393493632895275e-18,4
0.8869999999999577,0.000946579639445869,0.01795585401596915,-1.5567659899818154e-19,0.04656568974098222,0.9847921331247227,-1.1029425706413433e-18,0.17373673916491694,1.4164230430154382e-18,4
0.8874999999999577,0.0009470171342994104,0.017956265126654655,-1.5791326077353393e-19,0.04656554010892971,0.9847921331247227,-1.1115157714660393e-18,0.17373673916491694,1.4379524680118554e-18,4
0.8879999999999576,0.0009474546291529518,0.01795667623734016,-1.601053845854894e-19,0.046565390476877196,0.9847921331247227,-1.1206617913606493e-18,0.17373673916491694,1.45849717631061e-18,4
0.8884999999999575,0.0009478921240064932,0.017957087348025664,-1.6226140862684223e-19,0.04656524084482468,0.9847921331247227,-1.1275796595383193e-18,0.17373673916491694,1.4831646304809912e-18,4
0.8889999999999575,0.0009483296188600345,0.01795749845871117,-1.6437085974151305e-19,0.04656509121277217,0.9847921331247227,-1.1339662371321677e-18,0.17373673916491694,1.5071810349330757e-18,4
0.8894999999999574,0.000948767113713576,0.017957909569396673,-1.6664404922216567e-19,0.04656494158071966,0.9847921331247227,-1.1409745999463015e-18,0.17373673916491694,1.534343299988789e-18,4
0.8899999999999574,0.0009492046085671173,0.017958320680082178,-1.6887439079817344e-19,0.046564791948667146,0.9847921331247227,-1.1448174073541496e-18,0.17373673916491694,1.5598084800503553e-18,4
0.8904999999999573,0.0009496421034206586,0.017958731790767683,-1.7112333626083545e-19,0.046564642316614634,0.9847921331247227,-1.1506309913178868e-18,0.17373673916491694,1.5847997975039946e-18,4
0.8909999999999573,0.0009500795982742001,0.017959142901453187,-1.7335201926835092e-19,0.04656449268456212,0.9847921331247227,-1.1560688410263043e-18,0.17373673916491694,1.6081106010801548e-18,4
0.8914999999999572,0.0009505170931277415,0.017959554012138692,-1.757235907624948e-19,0.04656434305250961,0.9847921331247227,-1.1647987038414928e-18,0.17373673916491694,1.6405342643571673e-18,4
0.8919999999999572,0.0009509545879812829,0.017959965122824197,-1.7805442130323702e-19,0.046564193420457096,0.9847921331247227,-1.1715991234649276e-18,0.17373673916491694,1.671478917194216e-18,4
0.8924999999999571,0.0009513920828348242,0.0179603762335097,-1.8039309457974883e-19,0.046564043788404584,0.9847921331247227,-1.177099520454715e-18,0.17373673916491694,1.7014255193583682e-18,4
0.892999999999957,0.0009518295776883656,0.017960787344195206,-1.8300181165129967e-19,0.04656389415635207,0.9847921331247227,-1.1873035589128547e-18,0.17373673916491694,1.7356080195846142e-18,4
0.893499999999957,0.000952267072541907,0.01796119845488071,-1.8559850628271046e-19,0.04656374452429956,0.9847921331247227,-1.1973689956637533e-18,0.17373673916491694,1.768151840787933e-18,4
0.8939999999999569,0.0009527045673954483,0.017961609565566215,-1.882844104321643e-19,0.04656359489224705,0.9847921331247227,-1.2030628920290263e-18,0.17373673916491694,1.8071353856310297e-18,4
0.8944999999999569,0.0009531420622489897,0.01796202067625172,-1.9092904654256878e-19,0.046563445260194535,0.9847921331247227,-1.206679292362893e-18,0.17373673916491694,1.8434512024993266e-18,4
0.8949999999999568,0.0009535795571025312,0.017962431786937225,-1.9358031142509356e-19,0.04656329562814202,0.9847921331247227,-1.2107740005683783e-18,0.17373673916491694,1.8793469280809155e-18,4
0.8954999999999568,0.0009540170519560725,0.01796284289762273,-1.9614847708562114e-19,0.04656314599608951,0.9847921331247227,-1.212072903340735e-18,0.17373673916491694,1.916041686780726e-18,4
0.8959999999999567,0.000954454546809614,0.017963254008308234,-1.9867664824550787e-19,0.046562996364037,0.9847921331247227,-1.2140357851110606e-18,0.17373673916491694,1.95081659456626e-18,4
0.8964999999999567,0.0009548920416631553,0.01796366511899374,-2.0117700712630575e-19,0.046562846731984485,0.9847921331247227,-1.2150795347956563e-18,0.17373673916491694,1.9945955774692336e-18,4
0.8969999999999566,0.0009553295365166966,0.017964076229679243,-2.0364390038509023e-19,0.04656269709993197,0.9847921331247227,-1.2173942653571648e-18,0.17373673916491694,2.0373016317050905e-18,4
0.8974999999999566,0.000955767031370238,0.017964487340364748,-2.0607602136195007e-19,0.04656254746787946,0.9847921331247227,-1.2176180110593086e-18,0.17373673916491694,2.0786058671040234e-18,4
0.8979999999999565,0.0009562045262237794,0.017964898451050253,-2.0845902535487886e-19,0.04656239783582695,0.9847921331247227,-1.218526711398933e-18,0.17373673916491694,2.1176768798962746e-18,4
0.8984999999999564,0.0009566420210773208,0.017965309561735757,-2.108285671201251e-19,0.046562248203774435,0.9847921331247227,-1.2175306888062984e-18,0.17373673916491694,2.1675862141434015e-18,4
0.8989999999999564,0.0009570795159308622,0.017965720672421262,-2.1316722691678122e-19,0.04656209857172192,0.9847921331247227,-1.2146717903185047e-18,0.17373673916491694,2.2156583641579506e-18,4
0.8994999999999563,0.0009575170107844036,0.017966131783106767,-2.1545683277995252e-19,0.04656194893966941,0.9847921331247227,-1.2087574136141569e-18,0.17373673916491694,2.260361797187053e-18,4
0.8999999999999563,0.0009579545056379449,0.01796654289379227,-2.1762592675082463e-19,0.0465617993076169,0.9847921331247227,-1.2013922226690102e-18,0.17373673916491694,2.3011869270577055e-18,4
0.9004999999999562,0.0009583920004914863,0.017966954004477776,-2.19755958713463e-19,0.046561649675564386,0.9847921331247227,-1.1964401079630432e-18,0.17373673916491694,2.3395552553470708e-18,4
0.9009999999999562,0.0009588294953450276,0.01796736511516328,-2.21886957360462e-19,0.04656150004351187,0.9847921331247227,-1.190985760548799e-18,0.17373673916491694,2.3749524641060582e-18,4
0.9014999999999561,0.000959266990198569,0.017967776225848785,-2.2402650235320765e-19,0.04656135041145936,0.9847921331247227,-1.1870287716454268e-18,0.17373673916491694,2.410849197345541e-18,4
0.9019999999999561,0.0009597044850521105,0.01796818733653429,-2.258595142290784e-19,0.04656120077940685,0.9847921331247227,-1.1756082893793535e-18,0.17373673916491694,2.443762150957215e-18,4
0.902499999999956,0.0009601419799056518,0.017968598447219795,-2.277170924384668e-19,0.046561051147354336,0.9847921331247227,-1.1629725495651204e-18,0.17373673916491694,2.4748464822384225e-18,4
0.902999999999956,0.0009605794747591933,0.0179690095579053,-2.2956779613032216e-19,0.046560901515301824,0.9847921331247227,-1.1461567167595867e-18,0.17373673916491694,2.5036848265282216e-18,4
0.9034999999999559,0.0009610169696127346,0.017969420668590804,-2.3141768258581565e-19,0.04656075188324931,0.9847921331247227,-1.1298071985785657e-18,0.17373673916491694,2.5315196646373514e-18,4
0.9039999999999558,0.0009614544644662759,0.01796983177927631,-2.3321207900089377e-19,0.0465606022511968,0.9847921331247227,-1.111877589085625e-18,0.17373673916491694,2.563433043139646e-18,4
0.9044999999999558,0.0009618919593198174,0.017970242889961813,-2.3500578736448174e-19,0.04656045261914429,0.9847921331247227,-1.0949251657425903e-18,0.17373673916491694,2.5934818266415068e-18,4
0.9049999999999557,0.0009623294541733587,0.017970654000647318,-2.3680099460094786e-19,0.046560302987091774,0.9847921331247227,-1.0788665752401866e-18,0.17373673916491694,2.6221797636584206e-18,4
0.9054999999999557,0.0009627669490269001,0.017971065111332823,-2.3859660254433544e-19,0.04656015335503926,0.9847921331247227,-1.0638163809638666e-18,0.17373673916491694,2.649969828371755e-18,4
0.9059999999999556,0.0009632044438804416,0.017971476222018327,-2.4038833327573004e-19,0.04656000372298675,0.9847921331247227,-1.0484871055922876e-18,0.17373673916491694,2.6761492760980677e-18,4
0.9064999999999556,0.0009636419387339829,0.017971887332703832,-2.4228744721940395e-19,0.04655985409093424,0.9847921331247227,-1.0373771333595719e-18,0.17373673916491694,2.7100198147190868e-18,4
0.9069999999999555,0.0009640794335875242,0.017972298443389337,-2.442175811717833e-19,0.046559704458881725,0.9847921331247227,-1.0260463468372834e-18,0.17373673916491694,2.743082696286606e-18,4
0.9074999999999555,0.0009645169284410657,0.01797270955407484,-2.461391661892631e-19,0.04655955482682921,0.9847921331247227,-1.0154536536189319e-18,0.17373673916491694,2.774185956795641e-18,4
0.9079999999999554,0.000964954423294607,0.017973120664760346,-2.480505430042167e-19,0.0465594051947767,0.9847921331247227,-1.0042476932045295e-18,0.17373673916491694,2.803566797935491e-18,4
0.9084999999999553,0.0009653919181481483,0.01797353177544585,-2.5014178400191637e-19,0.04655925556272419,0.9847921331247227,-9.935738565887808e-19,0.17373673916491694,2.8402524657130054e-18,4
0.9089999999999553,0.0009658294130016898,0.017973942886131355,-2.522139027791319e-19,0.046559105930671675,0.9847921331247227,-9.837641442099299e-19,0.17373673916491694,2.8746308291980462e-18,4
0.9094999999999552,0.0009662669078552312,0.01797435399681686,-2.542666491308143e-19,0.04655895629861916,0.9847921331247227,-9.736296239338914e-19,0.17373673916491694,2.9082360344761657e-18,4
0.9099999999999552,0.0009667044027087726,0.017974765107502365,-2.564230546314368e-19,0.04655880666656665,0.9847921331247227,-9.621696927719401e-19,0.17373673916491694,2.9443793497519584e-18,4
0.9104999999999551,0.000967141897562314,0.01797517621818787,-2.5858385014870195e-19,0.04655865703451414,0.9847921331247227,-9.522217200872213e-19,0.17373673916491694,2.975845919161604e-18,4
0.9109999999999551,0.0009675793924158553,0.017975587328873374,-2.607222067602153e-19,0.046558507402461626,0.9847921331247227,-9.436692221868636e-19,0.17373673916491694,3.0060501416108226e-18,4
0.911499999999955,0.0009680168872693967,0.01797599843955888,-2.6283992567771607e-19,0.04655835777040911,0.9847921331247227,-9.358781783445394e-19,0.17373673916491694,3.0353029262916327e-18,4
0.911999999999955,0.000968454382122938,0.017976409550244384,-2.6486293327230694e-19,0.0465582081383566,0.9847921331247227,-9.231372789081128e-19,0.17373673916491694,3.067247078018953e-18,4
0.9124999999999549,0.0009688918769764794,0.017976820660929888,-2.6682927630685736e-19,0.04655805850630409,0.9847921331247227,-9.090063820476095e-19,0.17373673916491694,3.097913078906997e-18,4
0.9129999999999548,0.0009693293718300209,0.017977231771615393,-2.6877983633266166e-19,0.046557908874251576,0.9847921331247227,-8.925343308476258e-19,0.17373673916491694,3.1261819095088125e-18,4
0.9134999999999548,0.0009697668666835622,0.017977642882300898,-2.707148597076368e-19,0.046557759242199064,0.9847921331247227,-8.759289729943e-19,0.17373673916491694,3.153447139656702e-18,4
0.9139999999999547,0.0009702043615371037,0.017978053992986402,-2.726351721677927e-19,0.04655760961014655,0.9847921331247227,-8.572385767006621e-19,0.17373673916491694,3.178835991722331e-18,4
0.9144999999999547,0.000970641856390645,0.017978465103671907,-2.7454136993100043e-19,0.04655745997809404,0.9847921331247227,-8.37209283095144e-19,0.17373673916491694,3.2029557080154828e-18,4
0.9149999999999546,0.0009710793512441863,0.01797887621435741,-2.7643130153050066e-19,0.046557310346041526,0.9847921331247227,-8.133215081127073e-19,0.17373673916491694,3.22594308330488e-18,4
0.9154999999999546,0.0009715168460977276,0.017979287325042916,-2.7830368334168814e-19,0.046557160713989014,0.9847921331247227,-7.876484198533325e-19,0.17373673916491694,3.2473711847763004e-18,4
0.9159999999999545,0.0009719543409512691,0.01797969843572842,-2.801473080496226e-19,0.0465570110819365,0.9847921331247227,-7.584177206176952e-19,0.17373673916491694,3.266134663668903e-18,4
0.9164999999999545,0.0009723918358048105,0.017980109546413926,-2.820273763177877e-19,0.04655686144988399,0.9847921331247227,-7.335544713868865e-19,0.17373673916491694,3.2853755540607067e-18,4
0.9169999999999544,0.0009728293306583519,0.01798052065709943,-2.8389458834216593e-19,0.04655671181783148,0.9847921331247227,-7.110192114266794e-19,0.17373673916491694,3.3035186114241242e-18,4
0.9174999999999544,0.0009732668255118933,0.017980931767784935,-2.857444489890254e-19,0.046556562185778964,0.9847921331247227,-6.890958319528638e-19,0.17373673916491694,3.321212296974019e-18,4
0.9179999999999543,0.0009737043203654346,0.01798134287847044,-2.8757468977774655e-19,0.04655641255372645,0.9847921331247227,-6.665992329318983e-19,0.17373673916491694,3.3372434737175168e-18,4
0.9184999999999542,0.000974141815218976,0.017981753989155944,-2.8937964255122357e-19,0.04655626292167394,0.9847921331247227,-6.469748162661723e-19,0.17373673916491694,3.352748432127782e-18,4
0.9189999999999542,0.0009745793100725174,0.01798216509984145,-2.9116651594911893e-19,0.04655611328962143,0.9847921331247227,-6.281229134675559e-19,0.17373673916491694,3.3668811409953897e-18,4
0.9194999999999541,0.0009750168049260587,0.017982576210526954,-2.929370014330917e-19,0.046555963657568915,0.9847921331247227,-6.114874596333911e-19,0.17373673916491694,3.3811646277581288e-18,4
0.9199999999999541,0.0009754542997796002,0.01798298732121246,-2.9468947078920284e-19,0.0465558140255164,0.9847921331247227,-5.955059765252151e-19,0.17373673916491694,3.3945834053125433e-18,4
0.920499999999954,0.0009758917946331416,0.017983398431897963,-2.9642443048927766e-19,0.04655566439346389,0.9847921331247227,-5.782475068189567e-19,0.17373673916491694,3.4067439693644433e-18,4
0.920999999999954,0.000976329289486683,0.017983809542583468,-2.981406473094018e-19,0.04655551476141138,0.9847921331247227,-5.607591679758138e-19,0.17373673916491694,3.4173554437582436e-18,4
0.9214999999999539,0.0009767667843402243,0.017984220653268972,-2.998376555246798e-19,0.046555365129358865,0.9847921331247227,-5.408505373574614e-19,0.17373673916491694,3.4277224465502788e-18,4
0.9219999999999539,0.0009772042791937657,0.017984631763954477,-3.0151439705574236e-19,0.04655521549730635,0.9847921331247227,-5.197848964262527e-19,0.17373673916491694,3.4372223195990734e-18,4
0.9224999999999538,0.000977641774047307,0.01798504287463998,-3.031730891707918e-19,0.04655506586525384,0.9847921331247227,-5.004823149046863e-19,0.17373673916491694,3.4464759114822024e-18,4
0.9229999999999537,0.0009780792689008484,0.017985453985325486,-3.0481049863192383e-19,0.04655491623320133,0.9847921331247227,-4.797045526755468e-19,0.17373673916491694,3.4547533967260934e-18,4
0.9234999999999537,0.0009785167637543898,0.01798586509601099,-3.064289454869306e-19,0.046554766601148816,0.9847921331247227,-4.585993850713519e-19,0.17373673916491694,3.4619401933082068e-18,4
0.9239999999999536,0.0009789542586079313,0.017986276206696496,-3.0802741725508227e-19,0.0465546169690963,0.9847921331247227,-4.369394487897491e-19,0.17373673916491694,3.468788870382215e-18,4
0.9244999999999536,0.0009793917534614727,0.017986687317382,-3.096014352835087e-19,0.04655446733704379,0.9847921331247227,-4.168910649644195e-19,0.17373673916491694,3.47531169210998e-18,4
0.9249999999999535,0.000979829248315014,0.017987098428067505,-3.1115636449337446e-19,0.04655431770499128,0.9847921331247227,-3.9480004394563283e-19,0.17373673916491694,3.4807582966917725e-18,4
0.9254999999999535,0.0009802667431685554,0.01798750953875301,-3.12693701477593e-19,0.046554168072938766,0.9847921331247227,-3.7281594477204754e-19,0.17373673916491694,3.485930671644983e-18,4
0.9259999999999534,0.0009807042380220966,0.017987920649438514,-3.142123048849932e-19,0.046554018440886254,0.9847921331247227,-3.523184193859644e-19,0.17373673916491694,3.490649451817929e-18,4
0.9264999999999534,0.000981141732875638,0.01798833176012402,-3.157064620413262e-19,0.04655386880883374,0.9847921331247227,-3.3087052770757407e-19,0.17373673916491694,3.494167640746868e-18,4
0.9269999999999533,0.0009815792277291795,0.017988742870809524,-3.171777162745104e-19,0.04655371917678123,0.9847921331247227,-3.08209435347025e-19,0.17373673916491694,3.497284395156287e-18,4
0.9274999999999533,0.000982016722582721,0.01798915398149503,-3.186303953368784e-19,0.046553569544728717,0.9847921331247227,-2.885106233632263e-19,0.17373673916491694,3.5006835068197516e-18,4
0.9279999999999532,0.0009824542174362624,0.017989565092180533,-3.200611155656325e-19,0.046553419912676204,0.9847921331247227,-2.6781974938106618e-19,0.17373673916491694,3.503508815713472e-18,4
0.9284999999999531,0.0009828917122898036,0.017989976202866038,-3.21470884444249e-19,0.04655327028062369,0.9847921331247227,-2.450127903246786e-19,0.17373673916491694,3.506196166430673e-18,4
0.9289999999999531,0.000983329207143345,0.017990387313551542,-3.228640965032642e-19,0.04655312064857118,0.9847921331247227,-2.2340444069947404e-19,0.17373673916491694,3.5092246456694425e-18,4
0.929499999999953,0.0009837667019968865,0.017990798424237047,-3.2423522972828907e-19,0.04655297101651867,0.9847921331247227,-2.0343869911220059e-19,0.17373673916491694,3.512091284483532e-18,4
0.929999999999953,0.0009842041968504277,0.017991209534922552,-3.255845763340502e-19,0.046552821384466155,0.9847921331247227,-1.856042269891272e-19,0.17373673916491694,3.5143538386992184e-18,4
0.9304999999999529,0.0009846416917039691,0.017991620645608056,-3.2691271170441134e-19,0.04655267175241364,0.9847921331247227,-1.6830557042342397e-19,0.17373673916491694,3.516946282269682e-18,4
0.9309999999999529,0.0009850791865575106,0.01799203175629356,-3.2821928784755155e-19,0.04655252212036113,0.9847921331247227,-1.5192838475729319e-19,0.17373673916491694,3.519725270926647e-18,4
0.9314999999999528,0.000985516681411052,0.017992442866979066,-3.2950753144027787e-19,0.04655237248830862,0.9847921331247227,-1.3710961748144692e-19,0.17373673916491694,3.523014556230118e-18,4
0.9319999999999528,0.0009859541762645935,0.01799285397766457,-3.307734800948666e-19,0.046552222856256105,0.9847921331247227,-1.2119529307222074e-19,0.17373673916491694,3.5261345431263595e-18,4
0.9324999999999527,0.0009863916711181347,0.017993265088350075,-3.3202121359094394e-19,0.04655207322420359,0.9847921331247227,-1.1030636720237635e-19,0.17373673916491694,3.530217934186103e-18,4
0.9329999999999526,0.0009868291659716761,0.01799367619903558,-3.332488803924609e-19,0.04655192359215108,0.9847921331247227,-9.717365688058416e-20,0.17373673916491694,3.5331896217595524e-18,4
0.9334999999999526,0.0009872666608252173,0.017994087309721084,-3.3445770910713476e-19,0.04655177396009857,0.9847921331247227,-8.452601234753568e-20,0.17373673916491694,3.53648224542849e-18,4
0.9339999999999525,0.0009877041556787588,0.01799449842040659,-3.3564841086364056e-19,0.046551624328046055,0.9847921331247227,-7.342454627479407e-20,0.17373673916491694,3.540388697117062e-18,4
0.9344999999999525,0.0009881416505323002,0.017994909531092094,-3.368184050260362e-19,0.04655147469599354,0.9847921331247227,-6.308266520274486e-20,0.17373673916491694,3.544664515499944e-18,4
0.9349999999999524,0.0009885791453858417,0.0179953206417776,-3.3797107898778955e-19,0.04655132506394103,0.9847921331247227,-5.4141196532797944e-20,0.17373673916491694,3.548999992216737e-18,4
0.9354999999999524,0.0009890166402393829,0.017995731752463103,-3.391026159261093e-19,0.04655117543188852,0.9847921331247227,-4.558213791109851e-20,0.17373673916491694,3.553955366741974e-18,4
0.9359999999999523,0.0009894541350929243,0.017996142863148608,-3.402196084750561e-19,0.046551025799836006,0.9847921331247227,-3.8377102558457965e-20,0.17373673916491694,3.55938497858775e-18,4
0.9364999999999523,0.0009898916299464658,0.017996553973834113,-3.413135367382191e-19,0.04655087616778349,0.9847921331247227,-3.215762380941745e-20,0.17373673916491694,3.565223822971715e-18,4
0.9369999999999522,0.000990329124800007,0.017996965084519617,-3.4239209836585575e-19,0.04655072653573098,0.9847921331247227,-2.575195153030326e-20,0.17373673916491694,3.570842417136584e-18,4
0.9374999999999521,0.0009907666196535484,0.017997376195205122,-3.4345365690297613e-19,0.04655057690367847,0.9847921331247227,-2.1054794836849022e-20,0.17373673916491694,3.576997788051124e-18,4
0.9379999999999521,0.0009912041145070899,0.017997787305890627,-3.44500689576501e-19,0.046550427271625956,0.9847921331247227,-1.6601061328326098e-20,0.17373673916491694,3.581898948872038e-18,4
0.938499999999952,0.0009916416093606313,0.01799819841657613,-3.4553242765942384e-19,0.046550277639573444,0.9847921331247227,-1.1554336393346425e-20,0.17373673916491694,3.586930855250861e-18,4
0.938999999999952,0.0009920791042141728,0.017998609527261636,-3.4654929922282053e-19,0.04655012800752093,0.9847921331247227,-5.669178298372353e-21,0.17373673916491694,3.59162744348646e-18,4
0.9394999999999519,0.000992516599067714,0.01799902063794714,-3.4755220399007553e-19,0.04654997837546842,0.9847921331247227,-2.96052539811325e-21,0.17373673916491694,3.597119790767817e-18,4
0.9399999999999519,0.0009929540939212554,0.017999431748632645,-3.485429181747172e-19,0.04654982874341591,0.9847921331247227,-1.872950009102024e-21,0.17373673916491694,3.601970890904453e-18,4
0.9404999999999518,0.0009933915887747969,0.01799984285931815,-3.495233756197556e-19,0.046549679111363394,0.9847921331247227,-3.2385557399693457e-21,0.17373673916491694,3.607014533153618e-18,4
0.9409999999999518,0.000993829083628338,0.018000253970003655,-3.504920535476693e-19,0.04654952947931088,0.9847921331247227,-4.179761229054471e-21,0.17373673916491694,3.611267447144997e-18,4
0.9414999999999517,0.0009942665784818795,0.01800066508068916,-3.514502634067201e-19,0.04654937984725837,0.9847921331247227,-5.239558383039441e-21,0.17373673916491694,3.615301035662281e-18,4
0.9419999999999517,0.000994704073335421,0.018001076191374664,-3.523994110340678e-19,0.04654923021520586,0.9847921331247227,-4.967562955787644e-21,0.17373673916491694,3.620180556544955e-18,4
0.9424999999999516,0.0009951415681889624,0.01800148730206017,-3.5333843180100357e-19,0.046549080583153345,0.9847921331247227,-4.9387582734164956e-21,0.17373673916491694,3.624334280006156e-18,4
0.9429999999999515,0.0009955790630425036,0.018001898412745673,-3.542691325284274e-19,0.04654893095110083,0.9847921331247227,-6.988931439929812e-21,0.17373673916491694,3.628667374118284e-18,4
0.9434999999999515,0.000996016557896045,0.018002309523431178,-3.5518698758031405e-19,0.04654878131904832,0.9847921331247227,-6.888721162191932e-21,0.17373673916491694,3.63238085083333e-18,4
0.9439999999999514,0.0009964540527495863,0.018002720634116683,-3.5609727331225456e-19,0.04654863168699581,0.9847921331247227,-7.557862801816355e-21,0.17373673916491694,3.636095499745057e-18,4
0.9444999999999514,0.0009968915476031277,0.018003131744802187,-3.569969328947811e-19,0.046548482054943295,0.9847921331247227,-6.621620194692703e-21,0.17373673916491694,3.639762288170398e-18,4
0.9449999999999513,0.0009973290424566692,0.018003542855487692,-3.578925873135928e-19,0.04654833242289078,0.9847921331247227,-6.464849094228331e-21,0.17373673916491694,3.644224714608153e-18,4
0.9454999999999513,0.0009977665373102106,0.018003953966173197,-3.587792978262818e-19,0.04654818279083827,0.9847921331247227,-4.393640668842117e-21,0.17373673916491694,3.648584757506154e-18,4
0.9459999999999512,0.000998204032163752,0.0180043650768587,-3.596612317830816e-19,0.04654803315878576,0.9847921331247227,-2.747811572973564e-21,0.17373673916491694,3.653360897370005e-18,4
0.9464999999999512,0.0009986415270172933,0.018004776187544206,-3.605355970446233e-19,0.046547883526733246,0.9847921331247227,-3.782386426928319e-21,0.17373673916491694,3.658369665931372e-18,4
0.9469999999999511,0.0009990790218708347,0.01800518729822971,-3.61403091788258e-19,0.04654773389468073,0.9847921331247227,-5.285638140255021e-21,0.17373673916491694,3.663485097787527e-18,4
0.947499999999951,0.0009995165167243762,0.018005598408915215,-3.6226179546891926e-19,0.04654758426262822,0.9847921331247227,-5.277956607309351e-21,0.17373673916491694,3.668622177543405e-18,4
0.947999999999951,0.0009999540115779174,0.01800600951960072,-3.6311734041147543e-19,0.04654743463057571,0.9847921331247227,-5.119101152123861e-21,0.17373673916491694,3.673069576916939e-18,4
0.9484999999999509,0.0010003915064314588,0.018006420630286225,-3.639642172287644e-19,0.046547284998523196,0.9847921331247227,-2.4651742284956386e-21,0.17373673916491694,3.6768365491333035e-18,4
0.9489999999999509,0.0010008290012850003,0.01800683174097173,-3.6480756513815665e-19,0.046547135366470684,0.9847921331247227,2.4264849914653004e-21,0.17373673916491694,3.680549792943904e-18,4
0.9494999999999508,0.0010012664961385417,0.018007242851657234,-3.6564581930761903e-19,0.04654698573441817,0.9847921331247227,7.962571344444123e-21,0.17373673916491694,3.684860316352342e-18,4
0.9499999999999508,0.001001703990992083,0.01800765396234274,-3.6647990708259307e-19,0.04654683610236566,0.9847921331247227,1.2036785023256299e-20,0.17373673916491694,3.689241340897854e-18,4
0.9504999999999507,0.0010021414858456244,0.018008065073028243,-3.673088850334041e-19,0.046546686470313146,0.9847921331247227,1.416020389664891e-20,0.17373673916491694,3.694149039653578e-18,4
0.9509999999999507,0.0010025789806991658,0.018008476183713748,-3.6813662704084245e-19,0.046546536838260634,0.9847921331247227,1.7494843330734752e-20,0.17373673916491694,3.6988670346941646e-18,4
0.9514999999999506,0.0010030164755527073,0.018008887294399253,-3.689586529636498e-19,0.04654638720620812,0.9847921331247227,2.003105967689534e-20,0.17373673916491694,3.703961248233014e-18,4
0.9519999999999506,0.0010034539704062485,0.018009298405084757,-3.697738988136818e-19,0.04654623757415561,0.9847921331247227,2.469727448874394e-20,0.17373673916491694,3.709232121208823e-18,4
0.9524999999999505,0.00100389146525979,0.018009709515770262,-3.7058183493828756e-19,0.0465460879421031,0.9847921331247227,2.798902949205531e-20,0.17373673916491694,3.714769455440191e-18,4
0.9529999999999504,0.0010043289601133314,0.018010120626455767,-3.7138700408593255e-19,0.046545938310050584,0.9847921331247227,3.217003931486286e-20,0.17373673916491694,3.720173887058011e-18,4
0.9534999999999504,0.0010047664549668726,0.01801053173714127,-3.721891772434359e-19,0.04654578867799807,0.9847921331247227,3.491049633428451e-20,0.17373673916491694,3.726067821510079e-18,4
0.9539999999999503,0.001005203949820414,0.018010942847826776,-3.7298407615458455e-19,0.04654563904594556,0.9847921331247227,4.047133014053151e-20,0.17373673916491694,3.731276783905826e-18,4
0.9544999999999503,0.0010056414446739555,0.01801135395851228,-3.737736019611593e-19,0.04654548941389305,0.9847921331247227,4.7500478508543546e-20,0.17373673916491694,3.735986459296605e-18,4
0.9549999999999502,0.0010060789395274967,0.018011765069197785,-3.7456044970697214e-19,0.046545339781840535,0.9847921331247227,5.493420639094491e-20,0.17373673916491694,3.740648738348948e-18,4
0.9554999999999502,0.0010065164343810381,0.01801217617988329,-3.7534423739467407e-19,0.04654519014978802,0.9847921331247227,6.156427078107113e-20,0.17373673916491694,3.745212552097966e-18,4
0.9559999999999501,0.0010069539292345796,0.018012587290568795,-3.7611779565498224e-19,0.04654504051773551,0.9847921331247227,7.007877100132301e-20,0.17373673916491694,3.7497849659001225e-18,4
0.9564999999999501,0.001007391424088121,0.0180129984012543,-3.7688662056205254e-19,0.046544890885683,0.9847921331247227,7.66890002201431e-20,0.17373673916491694,3.754664464724709e-18,4
0.95699999999995,0.0010078289189416622,0.018013409511939804,-3.776482021708916e-19,0.046544741253630485,0.9847921331247227,8.387409777036049e-20,0.17373673916491694,3.759677906379663e-18,4
0.95749999999995,0.0010082664137952037,0.01801382062262531,-3.7840375168646106e-19,0.04654459162157797,0.9847921331247227,8.905705652304783e-20,0.17373673916491694,3.7648043173929834e-18,4
0.9579999999999499,0.0010087039086487451,0.018014231733310813,-3.791575231089975e-19,0.04654444198952546,0.9847921331247227,9.54440569759821e-20,0.17373673916491694,3.769530909711686e-18,4
0.9584999999999498,0.0010091414035022866,0.018014642843996318,-3.7990909377790686e-19,0.04654429235747295,0.9847921331247227,1.0158198780858347e-19,0.17373673916491694,3.774061195438907e-18,4
0.9589999999999498,0.0010095788983558278,0.018015053954681823,-3.806556403874319e-19,0.046544142725420436,0.9847921331247227,1.0833910861698457e-19,0.17373673916491694,3.7785062233130605e-18,4
0.9594999999999497,0.0010100163932093692,0.018015465065367327,-3.8139821527139044e-19,0.04654399309336792,0.9847921331247227,1.1604673619010036e-19,0.17373673916491694,3.782543315681865e-18,4
0.9599999999999497,0.0010104538880629107,0.018015876176052832,-3.821393332535099e-19,0.04654384346131541,0.9847921331247227,1.2218806049778285e-19,0.17373673916491694,3.786880714273947e-18,4
0.9604999999999496,0.001010891382916452,0.018016287286738337,-3.828745186461387e-19,0.0465436938292629,0.9847921331247227,1.2885732717519686e-19,0.17373673916491694,3.790884726047252e-18,4
0.9609999999999496,0.0010113288777699933,0.01801669839742384,-3.8360663874284407e-19,0.046543544197210386,0.9847921331247227,1.3608292218206464e-19,0.17373673916491694,3.794814570000695e-18,4
0.9614999999999495,0.0010117663726235348,0.018017109508109346,-3.8433253417559125e-19,0.046543394565157874,0.9847921331247227,1.4073365836825e-19,0.17373673916491694,3.799011267779259e-18,4
0.9619999999999495,0.0010122038674770762,0.01801752061879485,-3.8504913625413924e-19,0.04654324493310536,0.9847921331247227,1.4647424738365046e-19,0.17373673916491694,3.802299838349821e-18,4
0.9624999999999494,0.0010126413623306174,0.018017931729480356,-3.857603284727686e-19,0.04654309530105285,0.9847921331247227,1.5248691311502182e-19,0.17373673916491694,3.805775770157353e-18,4
0.9629999999999493,0.0010130788571841589,0.01801834284016586,-3.8646541177592067e-19,0.046542945669000337,0.9847921331247227,1.5814911589927174e-19,0.17373673916491694,3.808967592420414e-18,4
0.9634999999999493,0.0010135163520377003,0.018018753950851365,-3.871654262879513e-19,0.046542796036947824,0.9847921331247227,1.636405258266323e-19,0.17373673916491694,3.811949298528354e-18,4
0.9639999999999492,0.0010139538468912418,0.01801916506153687,-3.878603086172981e-19,0.04654264640489531,0.9847921331247227,1.6953050937860392e-19,0.17373673916491694,3.81488466785517e-18,4
0.9644999999999492,0.001014391341744783,0.018019576172222374,-3.8854958432890235e-19,0.0465424967728428,0.9847921331247227,1.7391297445616187e-19,0.17373673916491694,3.818321354080269e-18,4
0.9649999999999491,0.0010148288365983244,0.01801998728290788,-3.892357173317998e-19,0.04654234714079029,0.9847921331247227,1.798238211237875e-19,0.17373673916491694,3.82151238313449e-18,4
0.9654999999999491,0.0010152663314518659,0.018020398393593384,-3.899144341228458e-19,0.046542197508737775,0.9847921331247227,1.8459182167390988e-19,0.17373673916491694,3.824664785384605e-18,4
0.965999999999949,0.001015703826305407,0.018020809504278888,-3.905898119201916e-19,0.04654204787668526,0.9847921331247227,1.893952397133836e-19,0.17373673916491694,3.827834918752419e-18,4
0.966499999999949,0.0010161413211589485,0.018021220614964393,-3.9125725961339296e-19,0.04654189824463275,0.9847921331247227,1.9307769654204476e-19,0.17373673916491694,3.831226791227564e-18,4
0.9669999999999489,0.00101657881601249,0.018021631725649898,-3.9191983373251565e-19,0.04654174861258024,0.9847921331247227,1.9759032714113064e-19,0.17373673916491694,3.835024637831008e-18,4
0.9674999999999488,0.0010170163108660314,0.018022042836335402,-3.925753275074599e-19,0.046541598980527725,0.9847921331247227,2.0072974915871645e-19,0.17373673916491694,3.839088724948903e-18,4
0.9679999999999488,0.0010174538057195726,0.018022453947020907,-3.932236978306893e-19,0.04654144934847521,0.9847921331247227,2.0652678835013633e-19,0.17373673916491694,3.8424965540136424e-18,4
0.9684999999999487,0.001017891300573114,0.01802286505770641,-3.9386524047191207e-19,0.0465412997164227,0.9847921331247227,2.1317642355367894e-19,0.17373673916491694,3.8459893292714626e-18,4
0.9689999999999487,0.0010183287954266555,0.018023276168391916,-3.9450520431794685e-19,0.04654115008437019,0.9847921331247227,2.1869540252061444e-19,0.17373673916491694,3.84954701792795e-18,4
0.9694999999999486,0.001018766290280197,0.01802368727907742,-3.9513858117461776e-19,0.046541000452317675,0.9847921331247227,2.2109025713048114e-19,0.17373673916491694,3.852940007993815e-18,4
0.9699999999999486,0.0010192037851337382,0.018024098389762926,-3.9576272185115415e-19,0.04654085082026516,0.9847921331247227,2.252668686970588e-19,0.17373673916491694,3.8565710941614724e-18,4
0.9704999999999485,0.0010196412799872796,0.01802450950044843,-3.963845374669553e-19,0.04654070118821265,0.9847921331247227,2.260619239820749e-19,0.17373673916491694,3.861034114427462e-18,4
0.9709999999999485,0.001020078774840821,0.018024920611133935,-3.970019981041101e-19,0.04654055155616014,0.9847921331247227,2.2415685701709444e-19,0.17373673916491694,3.865310479145177e-18,4
0.9714999999999484,0.0010205162696943623,0.01802533172181944,-3.976128777351299e-19,0.046540401924107626,0.9847921331247227,2.2419094323957743e-19,0.17373673916491694,3.8695329453262394e-18,4
0.9719999999999483,0.0010209537645479037,0.018025742832504944,-3.9821974100283445e-19,0.04654025229205511,0.9847921331247227,2.237943680628237e-19,0.17373673916491694,3.8736439866538355e-18,4
0.9724999999999483,0.0010213912594014452,0.01802615394319045,-3.9881999844699996e-19,0.0465401026600026,0.9847921331247227,2.255496778027657e-19,0.17373673916491694,3.8771351456950224e-18,4
0.9729999999999482,0.0010218287542549866,0.018026565053875954,-3.9941688311033502e-19,0.04653995302795009,0.9847921331247227,2.25583432026506e-19,0.17373673916491694,3.8809540005160126e-18,4
0.9734999999999482,0.0010222662491085278,0.01802697616456146,-4.000062525538911e-19,0.046539803395897576,0.9847921331247227,2.260843189859728e-19,0.17373673916491694,3.884450196536014e-18,4
0.9739999999999481,0.0010227037439620693,0.018027387275246963,-4.0059260923836397e-19,0.046539653763845064,0.9847921331247227,2.2436916550415985e-19,0.17373673916491694,3.888361325221208e-18,4
0.9744999999999481,0.0010231412388156107,0.018027798385932468,-4.011749747909024e-19,0.04653950413179255,0.9847921331247227,2.228963595839153e-19,0.17373673916491694,3.8924650599520676e-18,4
0.974999999999948,0.001023578733669152,0.018028209496617972,-4.017537020633785e-19,0.04653935449974004,0.9847921331247227,2.2265216107921486e-19,0.17373673916491694,3.896217487480345e-18,4
0.975499999999948,0.0010240162285226934,0.018028620607303477,-4.0232975901666993e-19,0.04653920486768753,0.9847921331247227,2.19125267978093e-19,0.17373673916491694,3.9003087996452854e-18,4
0.9759999999999479,0.0010244537233762348,0.01802903171798898,-4.0290713193332693e-19,0.046539055235635014,0.9847921331247227,2.1533918163090422e-19,0.17373673916491694,3.904258436595489e-18,4
0.9764999999999479,0.0010248912182297763,0.018029442828674486,-4.034792050433536e-19,0.0465389056035825,0.9847921331247227,2.0888745581293037e-19,0.17373673916491694,3.908438097498149e-18,4
0.9769999999999478,0.0010253287130833175,0.01802985393935999,-4.0405323721867174e-19,0.04653875597152999,0.9847921331247227,2.0173550295171365e-19,0.17373673916491694,3.9132937253916006e-18,4
0.9774999999999477,0.001025766207936859,0.018030265050045496,-4.0462380393268305e-19,0.04653860633947748,0.9847921331247227,1.9468761203992055e-19,0.17373673916491694,3.9183663556378366e-18,4
0.9779999999999477,0.0010262037027904004,0.018030676160731,-4.0519446478501005e-19,0.046538456707424965,0.9847921331247227,1.858996987919821e-19,0.17373673916491694,3.923030104422392e-18,4
0.9784999999999476,0.0010266411976439416,0.018031087271416505,-4.0576597192347614e-19,0.04653830707537245,0.9847921331247227,1.7866069258508208e-19,0.17373673916491694,3.927444574940687e-18,4
0.9789999999999476,0.001027078692497483,0.01803149838210201,-4.0634107622354767e-19,0.04653815744331994,0.9847921331247227,1.703086776437641e-19,0.17373673916491694,3.9320793815941044e-18,4
0.9794999999999475,0.0010275161873510245,0.018031909492787514,-4.069156556571332e-19,0.04653800781126743,0.9847921331247227,1.6258325181178585e-19,0.17373673916491694,3.936363398199889e-18,4
0.9799999999999475,0.001027953682204566,0.01803232060347302,-4.0749161300996934e-19,0.046537858179214915,0.9847921331247227,1.5457981427910204e-19,0.17373673916491694,3.940509059537184e-18,4
0.9804999999999474,0.0010283911770581074,0.018032731714158524,-4.080696561050648e-19,0.0465377085471624,0.9847921331247227,1.464806928116327e-19,0.17373673916491694,3.944906962337544e-18,4
0.9809999999999474,0.0010288286719116486,0.01803314282484403,-4.0864820255831194e-19,0.04653755891510989,0.9847921331247227,1.398187403748458e-19,0.17373673916491694,3.9496037533404965e-18,4
0.9814999999999473,0.00102926616676519,0.018033553935529533,-4.092302475164808e-19,0.04653740928305738,0.9847921331247227,1.3248082656881665e-19,0.17373673916491694,3.9547080035495545e-18,4
0.9819999999999472,0.0010297036616187312,0.018033965046215038,-4.0981320667396745e-19,0.046537259651004866,0.9847921331247227,1.272935045338845e-19,0.17373673916491694,3.959456826450169e-18,4
0.9824999999999472,0.0010301411564722727,0.018034376156900542,-4.1040031742624303e-19,0.04653711001895235,0.9847921331247227,1.225722141548862e-19,0.17373673916491694,3.963883184801969e-18,4
0.9829999999999471,0.0010305786513258141,0.018034787267586047,-4.1099334731185614e-19,0.04653696038689984,0.9847921331247227,1.18851788047097e-19,0.17373673916491694,3.968156950433499e-18,4
0.9834999999999471,0.0010310161461793556,0.018035198378271552,-4.11592113104509e-19,0.04653681075484733,0.9847921331247227,1.1487965188461316e-19,0.17373673916491694,3.9732389372908944e-18,4
0.983999999999947,0.0010314536410328968,0.018035609488957056,-4.1219529113498956e-19,0.046536661122794816,0.9847921331247227,1.1238882804268208e-19,0.17373673916491694,3.978612024604635e-18,4
0.984499999999947,0.0010318911358864382,0.01803602059964256,-4.1280062976612037e-19,0.046536511490742304,0.9847921331247227,1.0732273023821057e-19,0.17373673916491694,3.9847276472948885e-18,4
0.9849999999999469,0.0010323286307399797,0.018036431710328066,-4.1340935993744996e-19,0.04653636185868979,0.9847921331247227,1.04374593494832e-19,0.17373673916491694,3.9897537642245434e-18,4
0.9854999999999469,0.001032766125593521,0.01803684282101357,-4.140228728789873e-19,0.04653621222663728,0.9847921331247227,9.864820684732573e-20,0.17373673916491694,3.995029771806262e-18,4
0.9859999999999468,0.0010332036204470623,0.018037253931699075,-4.1463982102396935e-19,0.046536062594584766,0.9847921331247227,9.350462578450367e-20,0.17373673916491694,3.9994871053060795e-18,4
0.9864999999999468,0.0010336411153006038,0.01803766504238458,-4.1526107532880527e-19,0.046535912962532254,0.9847921331247227,8.574939346061347e-20,0.17373673916491694,4.004640546486423e-18,4
0.9869999999999467,0.0010340786101541452,0.018038076153070084,-4.158880615237717e-19,0.04653576333047974,0.9847921331247227,7.657700413411714e-20,0.17373673916491694,4.010067981550118e-18,4
0.9874999999999466,0.0010345161050076867,0.01803848726375559,-4.165180663678522e-19,0.04653561369842723,0.9847921331247227,6.842949450742316e-20,0.17373673916491694,4.015074360257079e-18,4
0.9879999999999466,0.0010349535998612279,0.018038898374441094,-4.1715593125061153e-19,0.04653546406637472,0.9847921331247227,6.054479517084502e-20,0.17373673916491694,4.019899817406938e-18,4
0.9884999999999465,0.0010353910947147693,0.0180393094851266,-4.177968271650949e-19,0.046535314434322204,0.9847921331247227,5.473255285864496e-20,0.17373673916491694,4.024119404915845e-18,4
0.9889999999999465,0.0010358285895683108,0.018039720595812103,-4.184439026861232e-19,0.04653516480226969,0.9847921331247227,4.9510264766069246e-20,0.17373673916491694,4.027571902551091e-18,4
0.9894999999999464,0.001036266084421852,0.018040131706497608,-4.1909591973624424e-19,0.04653501517021718,0.9847921331247227,4.280207940228166e-20,0.17373673916491694,4.0315219026782946e-18,4
0.9899999999999464,0.0010367035792753934,0.018040542817183113,-4.197527677007178e-19,0.04653486553816467,0.9847921331247227,3.768105509201973e-20,0.17373673916491694,4.0354272572508584e-18,4
0.9904999999999463,0.0010371410741289349,0.018040953927868617,-4.2041398165223005e-19,0.046534715906112155,0.9847921331247227,3.2663019605483935e-20,0.17373673916491694,4.039655494234712e-18,4
0.9909999999999463,0.0010375785689824763,0.018041365038554122,-4.2108338576209055e-19,0.04653456627405964,0.9847921331247227,2.753139840012898e-20,0.17373673916491694,4.043240759654411e-18,4
0.9914999999999462,0.0010380160638360175,0.018041776149239627,-4.2175987291861206e-19,0.04653441664200713,0.9847921331247227,2.2866351006891842e-20,0.17373673916491694,4.04655631024658e-18,4
0.9919999999999461,0.001038453558689559,0.01804218725992513,-4.2244339840483786e-19,0.04653426700995462,0.9847921331247227,1.9913366623899195e-20,0.17373673916491694,4.048853963493181e-18,4
0.9924999999999461,0.0010388910535431002,0.018042598370610636,-4.2313157689272363e-19,0.046534117377902105,0.9847921331247227,1.643243277304196e-20,0.17373673916491694,4.051427272993037e-18,4
0.992999999999946,0.0010393285483966416,0.01804300948129614,-4.238259588503346e-19,0.04653396774584959,0.9847921331247227,1.2924837491944665e-20,0.17373673916491694,4.054874791444452e-18,4
0.993499999999946,0.001039766043250183,0.018043420591981645,-4.2452208677419284e-19,0.04653381811379708,0.9847921331247227,1.0404169957677513e-20,0.17373673916491694,4.058383557323726e-18,4
0.9939999999999459,0.0010402035381037245,0.01804383170266715,-4.252229351181155e-19,0.04653366848174457,0.9847921331247227,6.242954528340017e-21,0.17373673916491694,4.061994346170119e-18,4
0.9944999999999459,0.001040641032957266,0.018044242813352655,-4.259276216288555e-19,0.046533518849692056,0.9847921331247227,3.623424323100925e-21,0.17373673916491694,4.065832739133264e-18,4
0.9949999999999458,0.0010410785278108072,0.01804465392403816,-4.2663962488089873e-19,0.04653336921763954,0.9847921331247227,1.6553855747950827e-21,0.17373673916491694,4.069421639521905e-18,4
0.9954999999999458,0.0010415160226643486,0.018045065034723664,-4.273606235470404e-19,0.04653321958558703,0.9847921331247227,-3.527546737520407e-22,0.17373673916491694,4.073358666274805e-18,4
0.9959999999999457,0.00104195351751789,0.01804547614540917,-4.2808724694244497e-19,0.04653306995353452,0.9847921331247227,-1.930647321695469e-21,0.17373673916491694,4.07655677854891e-18,4
0.9964999999999457,0.0010423910123714313,0.018045887256094673,-4.2882145639398213e-19,0.046532920321482006,0.9847921331247227,-3.033363043067202e-21,0.17373673916491694,4.079483658237904e-18,4
0.9969999999999456,0.0010428285072249727,0.018046298366780178,-4.295655330413584e-19,0.046532770689429494,0.9847921331247227,-5.091805077541404e-21,0.17373673916491694,4.0823917448714694e-18,4
0.9974999999999455,0.0010432660020785142,0.018046709477465683,-4.3031334856419967e-19,0.04653262105737698,0.9847921331247227,-5.062916088791862e-21,0.17373673916491694,4.084215729486729e-18,4
0.9979999999999455,0.0010437034969320556,0.018047120588151187,-4.310741963129154e-19,0.04653247142532447,0.9847921331247227,-5.648268530168335e-21,0.17373673916491694,4.0859606763837044e-18,4
0.9984999999999454,0.001044140991785597,0.018047531698836692,-4.318393860176099e-19,0.04653232179327196,0.9847921331247227,-5.359538116326546e-21,0.17373673916491694,4.086888407516498e-18,4
0.9989999999999454,0.0010445784866391383,0.018047942809522197,-4.3261621278120687e-19,0.046532172161219444,0.9847921331247227,-4.578742393658547e-21,0.17373673916491694,4.0877533080926716e-18,4
0.9994999999999453,0.0010450159814926797,0.0180483539202077,-4.333958271466879e-19,0.04653202252916693,0.9847921331247227,-1.6520676440730579e-21,0.17373673916491694,4.0879993859397484e-18,4
0.9999999999999453,0.001045453476346221,0.018048765030893206,-4.34177858531974e-19,0.04653187289711442,0.9847921331247227,-1.1539508764085025e-22,0.17373673916491694,4.088303285554728e-18,4
