time_s,along_slope_displacement_m,x,y,z,qw,qx,qy,qz,contacts
0.0,0.0,0.017135209180616003,0.0,0.047078600301374014,0.984807753012208,0.0,0.17364817766693033,0.0,0
0.001,3.355217749541496e-06,0.017135209180616003,0.0,0.0470687903009544,0.984807753012208,0.0,0.17364817766693033,0.0,0
0.002,1.0065653248626861e-05,0.017135209180616003,0.0,0.04704917030011516,0.984807753012208,0.0,0.17364817766693033,0.0,0
0.003,2.0131306497253722e-05,0.017135209180616003,0.0,0.04701974029885631,0.984807753012208,0.0,0.17364817766693033,0.0,0
0.004,3.355217749542208e-05,0.017135209180616003,0.0,0.046980500297177846,0.984807753012208,0.0,0.17364817766693033,0.0,0
0.005,5.032826624313193e-05,0.017135209180616003,0.0,0.046931450295079766,0.984807753012208,0.0,0.17364817766693033,0.0,4
0.006,6.55096262894553e-05,0.017135271940612578,-3.644757371811471e-23,0.0468872353994493,0.9848076941217025,-2.0769319106858148e-21,0.17364851165125197,1.1527658049936213e-20,4
0.007,7.925757203640389e-05,0.017135424303446885,-7.013801370881136e-23,0.04684745770862799,0.9848075848679981,-1.4789074394897773e-20,0.17364913125743095,2.1997224431944027e-20,4
0.008,9.17165618999466e-05,0.01713568691770919,8.625239333985734e-24,0.04681175158599909,0.9848074329501797,-2.152641161793684e-20,0.1736499928191104,3.250205136107718e-20,4
0.009000000000000001,0.00010301609091006689,0.017136075182903405,1.3145788776172468e-22,0.04677978072321339,0.9848072452732255,-2.2038858363113902e-20,0.17365105717317347,4.302903294713551e-20,4
0.010000000000000002,0.00011327234088808968,0.01713660005611502,2.4160114930011738e-22,0.04675123553169547,0.9848070279932638,-1.6044821453337903e-22,0.17365228940349325,5.0430368594536936e-20,4
0.011000000000000003,0.00012258962581795094,0.017137268744363356,2.692213172664739e-22,0.04672583081888292,0.9848067865689897,2.1742953416331015e-20,0.17365365854959675,5.712242245807971e-20,4
0.012000000000000004,0.0001310616629177301,0.017138085301452662,1.7304907694410276e-22,0.04670330371169681,0.9848065258157863,3.883008492834493e-20,0.17365513729988075,6.208627381894423e-20,4
0.013000000000000005,0.00013877269434457555,0.017139051144141406,1.1544895780835963e-22,0.04668341179505927,0.9848062499601944,5.552888906515191e-20,0.17365670168277036,6.161662239708813e-20,4
0.014000000000000005,0.0001457984800787095,0.017140165499459344,3.686161951324675e-23,0.04666593143788849,0.9848059626931629,7.658473943885742e-20,0.17365833076472945,6.066680832167603e-20,4
0.015000000000000006,0.00015220717905950256,0.017141425792750586,-9.032839742911502e-23,0.0466506562829687,0.984805667221078,1.1823616954181677e-19,0.1736600063608398,5.3940284705626266e-20,4
0.016000000000000007,0.00015806013287972867,0.017142827984311538,-1.5632418403475017e-22,0.04663739588048664,0.98480536631396,1.5313551559445785e-19,0.17366171276141062,4.935555758729207e-20,4
0.017000000000000008,0.00016341256412333283,0.017144366861182158,-1.059749417603929e-22,0.04662597444791837,0.9848050623504997,1.8647746675882177e-19,0.1736634364765021,4.985461257842241e-20,4
0.01800000000000001,0.00016831419963491876,0.017146036289632235,4.393858941172541e-23,0.04661622974141158,0.9848047573597943,2.0534788382168073e-19,0.17366516599916149,5.198160885704119e-20,4
0.01900000000000001,0.00017280982754222735,0.017147829433084592,2.665069601378088e-22,0.04660801202589989,0.9848044530597732,2.2761317036231067e-19,0.17366689158743168,5.060380717695081e-20,4
0.02000000000000001,0.0001769397956446299,0.01714973893957815,4.61490393869059e-22,0.0466011831329629,0.9848041508923886,2.4371261277702244e-19,0.17366860506470663,5.1244750399648384e-20,4
0.02100000000000001,0.00018074045777644575,0.017151757102354462,7.152635066061615e-22,0.04659561559695507,0.9848038520557034,2.617925143780308e-19,0.17367029963769773,4.9646673179684316e-20,4
0.022000000000000013,0.00018424457391187277,0.017153875996722204,1.0260050605441278e-21,0.046591191861209205,0.984803557533036,2.8491688955893213e-19,0.17367196973108773,4.9935963508634906e-20,4
0.023000000000000013,0.00018748166906614318,0.01715608759599287,1.3926695712642055e-21,0.04658780354721044,0.9848032681193453,3.178024127364039e-19,0.17367361083784855,4.855560761695024e-20,4
0.024000000000000014,0.00019047835544052229,0.017158383868972456,1.8230736967777804e-21,0.04658535078056344,0.9848029844450437,3.449565759695999e-19,0.17367521938415573,4.900979763511151e-20,4
0.025000000000000015,0.0001932586217373829,0.01716075686122608,2.2863546261493014e-21,0.04658374156836442,0.9848027069974252,3.8123836437901755e-19,0.17367679260782964,4.8693009249784924e-20,4
0.026000000000000016,0.00019584409312107523,0.017163198762097518,2.8323783440138415e-21,0.04658289122326111,0.9848024361398952,4.1217284364755543e-19,0.17367832844925457,4.6935817843245803e-20,4
0.027000000000000017,0.00019825426490854378,0.017165701959257026,3.455421503209841e-21,0.046582721830055955,0.9848021721291788,4.376542568904639e-19,0.17367982545376617,4.537879395389451e-20,4
0.028000000000000018,0.0002005067127312979,0.01716825908236433,4.189126208675271e-21,0.04658316175119673,0.9848019151306776,4.67711785421997e-19,0.17368128268454547,4.133255527016316e-20,4
0.02900000000000002,0.00020261728161001337,0.017170863037265904,4.949021634265027e-21,0.04658414516791565,0.9848016652321347,4.909356223656485e-19,0.1736826996451111,3.520249737935801e-20,4
0.03000000000000002,0.00020460025611838224,0.017173507031994176,5.725829804009237e-21,0.04658561165413575,0.9848014224557582,5.0069586470420005e-19,0.17368407621055773,3.1630665084241887e-20,4
0.03100000000000002,0.00020646851357914402,0.017176184595699133,6.580921482262602e-21,0.04658750578056986,0.9848011867689433,5.154210517600582e-19,0.1736854125667443,2.878831871697549e-20,4
0.03200000000000002,0.00020823366202814769,0.017178889591518462,7.509319568051457e-21,0.04658977674670105,0.9848009580937247,5.142575401754639e-19,0.17368670915669177,2.795965092951449e-20,4
0.03300000000000002,0.0002099061644985857,0.017181616224279713,8.506730632194049e-21,0.04659237803856138,0.9848007363150774,5.143239625556732e-19,0.1736879666335032,3.0204818706858986e-20,4
0.03400000000000002,0.00021149545101413806,0.017184359043825804,9.53074037500605e-21,0.04659526711042261,0.984800521288181,5.161392416499703e-19,0.1736891858191712,3.162956258897826e-20,4
0.035000000000000024,0.000213010019534389,0.01718711294466282,1.062651955663811e-20,0.046598405088683875,0.9848003128447493,5.171541583945723e-19,0.17369036766868642,3.4298890152993975e-20,4
0.036000000000000025,0.00021445752696620026,0.017189873162545572,1.181296819142683e-20,0.04660175649639111,0.9848001107985205,5.190538686362194e-19,0.17369151323890752,3.7831095306254356e-20,4
0.037000000000000026,0.00021584487123919494,0.01719263526854111,1.300738265006794e-20,0.04660528899695407,0.9847999149499942,5.200347373228569e-19,0.17369262366169716,4.259386462788656e-20,4
0.03800000000000003,0.0002171782653401748,0.0171953951610427,1.420351606885439e-20,0.04660897315574271,0.9847997250904984,5.060126362161168e-19,0.17369370012086988,4.632365130723405e-20,4
0.03900000000000003,0.0002184633041092089,0.01719814905614595,1.5438408848867264e-20,0.04661278221834715,0.9847995410056554,4.999220444742565e-19,0.17369474383253636,4.749065235010285e-20,4
0.04000000000000003,0.00021970502451761184,0.017200893476744444,1.668513634056016e-20,0.046616691904377144,0.984799362478317,5.007789634538783e-19,0.17369575602846526,4.9359315724886834e-20,4
0.04100000000000003,0.000220907960074454,0.017203625240653653,1.7928961423793095e-20,0.04662068021575877,0.9847991892910286,4.9743705935402835e-19,0.1736967379421176,5.2568783402416865e-20,4
0.04200000000000003,0.0002220761899422381,0.01720634144802861,1.9160155997293474e-20,0.04662472725856019,0.9847990212280756,4.997826121531201e-19,0.1736976907970399,5.548663242283378e-20,4
0.04300000000000003,0.00022321338328345797,0.01720903946830256,2.0353048532580328e-20,0.0466288150774452,0.984798858077166,4.990847850239676e-19,0.17369861579733278,5.81950408036259e-20,4
0.04400000000000003,0.0002243228393069102,0.017211716926839704,2.1617798502140984e-20,0.046632927501914376,0.9847986996307913,4.974904569399326e-19,0.1736995141199375,5.638969847330001e-20,4
0.04500000000000003,0.00022540752343533577,0.01721437169146525,2.2872041350492637e-20,0.04663705000354955,0.9847985456873066,4.800543640627002e-19,0.17370038690850942,5.703436273880607e-20,4
0.046000000000000034,0.00022647009997363667,0.017217001859009505,2.4104862932064053e-20,0.04664116956352858,0.9847983960517698,4.638290918259662e-19,0.17370123526866982,5.629560218250065e-20,4
0.047000000000000035,0.0002275129616188835,0.017219605741979713,2.5297302239698244e-20,0.046645274549724995,0.9847982505365683,4.610975702602985e-19,0.17370206026444973,5.3369026040993e-20,4
0.048000000000000036,0.0002285382561193401,0.017222181855452975,2.649476346317172e-20,0.04664935460275084,0.984798108961867,4.621862678385944e-19,0.17370286291575815,5.074924015451914e-20,4
0.04900000000000004,0.00022954791035912774,0.01722472890426605,2.771426162328268e-20,0.04665340053034207,0.9847979711559002,4.602957418844661e-19,0.1737036441967259,4.573203287760338e-20,4
0.05000000000000004,0.0002305436521178263,0.017227245770562477,2.8918629388263985e-20,0.04665740420952379,0.984797836955133,4.549938259232533e-19,0.17370440503479273,4.259863952826802e-20,4
0.05100000000000004,0.00023152702972962806,0.017229731501744255,3.010365745606932e-20,0.04666135849602815,0.9847977062043126,4.416565614003094e-19,0.17370514631041986,4.005446680363656e-20,4
0.05200000000000004,0.00023249942984460088,0.017232185298863858,3.12714316616126e-20,0.0466652571404713,0.9847975787564276,4.280089395770872e-19,0.17370586885732447,3.7495996255698004e-20,4
0.05300000000000004,0.00023346209347480164,0.017234606505482676,3.243516478523429e-20,0.04666909471082648,0.9847974544725903,4.2661268195389504e-19,0.17370657346314455,3.317447203312425e-20,4
0.05400000000000004,0.00023441613049003592,0.017236994597013573,3.357729168069367e-20,0.04667286652076015,0.9847973332218586,4.112608086589771e-19,0.17370726087045404,3.1429561752178557e-20,4
0.05500000000000004,0.00023536253271210205,0.01723934917055819,3.4757998821786614e-20,0.04667656856342523,0.9847972148810078,3.9280466035376963e-19,0.17370793177805835,2.9067376481204505e-20,4
0.05600000000000004,0.00023630218574187753,0.017241669935243727,3.5924003069370154e-20,0.04668019745033153,0.9847970993342633,3.5979550658339235e-19,0.17370858684250912,2.9522837545203775e-20,4
0.057000000000000044,0.00023723587964057826,0.017243956703058862,3.702440878518007e-20,0.04668375035493772,0.9847969864730046,3.167562362394182e-19,0.17370922667978572,3.826785707605077e-20,4
0.058000000000000045,0.00023816431857484914,0.017246209380184414,3.8108089187743696e-20,0.04668722496063219,0.9847968761954474,2.9249209968109847e-19,0.17370985186709795,4.4331998013252707e-20,4
0.059000000000000045,0.0002390881295247575,0.01724842795881091,3.9153088835453845e-20,0.04669061941279151,0.9847967684063113,2.830614067004946e-19,0.17371046294477108,4.300767404394988e-20,4
0.060000000000000046,0.00024000787014429056,0.01725061250943254,4.01597520172378e-20,0.0466939322746257,0.9847966630164786,2.730207100286958e-19,0.1737110604181802,4.005706489438069e-20,4
0.06100000000000005,0.00024092403585532283,0.01725276317360469,4.118662473658421e-20,0.04669716248653832,0.9847965599426503,2.690945983982023e-19,0.17371164475970594,3.8741881959608124e-20,4
0.06200000000000005,0.00024183706624832145,0.017254880157150636,4.2170870666024856e-20,0.04670030932874763,0.9847964591070008,2.60407531781183e-19,0.17371221641068801,3.86317324969859e-20,4
0.06300000000000004,0.00024274735085604194,0.017256963723801613,4.3124583098751096e-20,0.04670337238693166,0.9847963604368374,2.4410875275323133e-19,0.17371277578335761,4.128358394123258e-20,4
0.06400000000000004,0.00024365523436018183,0.017259014189253557,4.403600649260918e-20,0.04670635152067601,0.9847962638642664,2.298194882570208e-19,0.17371332326273228,4.256925972850086e-20,4
0.06500000000000004,0.00024456102128521363,0.017261031915623164,4.489437643946665e-20,0.046709246834518124,0.9847961693258679,1.9976317672874827e-19,0.1737138592084609,4.369681468752417e-20,4
0.06600000000000004,0.0002454649802285212,0.017263017306285496,4.576672599149158e-20,0.04671205865139567,0.9847960767623805,1.693970528464056e-19,0.17371438395660843,4.3119732895869763e-20,4
0.06700000000000005,0.0002463673476712758,0.017264970801075235,4.6573864960765695e-20,0.04671478748831981,0.9847959861183992,1.344187406800707e-19,0.17371489782137264,4.372610538574261e-20,4
0.06800000000000005,0.0002472683314102653,0.017266892871833615,4.739678150294595e-20,0.04671743403410652,0.9847958973420856,1.0141557484683634e-19,0.17371540109672717,4.790083274127236e-20,4
0.06900000000000005,0.0002481681136470909,0.01726878401828325,4.8154578294368875e-20,0.04671999912901055,0.9847958103848913,7.088391559034846e-20,0.17371589405798676,5.0485005507247637e-20,4
0.07000000000000005,0.0002490668537677234,0.01727064476421334,4.884685312647944e-20,0.04672248374611751,0.9847957252012967,3.691273025815016e-20,0.17371637696329184,5.463832436773699e-20,4
0.07100000000000005,0.0002499646908422451,0.017272475653958105,4.945420846057786e-20,0.04672488897435965,0.9847956417485635,3.050086486112195e-21,0.1737168500550115,6.017920328706038e-20,4
0.07200000000000005,0.0002508617458718068,0.01727427724915168,5.0007990441667794e-20,0.04672721600303037,0.9847955599865016,-3.068147686283798e-20,0.17371731356106415,6.73253935749893e-20,4
0.07300000000000005,0.0002517581238072599,0.01727605012574331,5.049249828361059e-20,0.046729466107681465,0.9847954798772507,-5.700532307880319e-20,0.1737177676961566,7.255536461049597e-20,4
0.07400000000000005,0.0002526539153616252,0.01727779487125715,5.0936481595743065e-20,0.04673164063729515,0.984795401385076,-6.051651835936162e-20,0.1737182126629426,7.452457481788837e-20,4
0.07500000000000005,0.0002535491986364194,0.017279512082281588,5.1311382400126944e-20,0.046733741002631,0.9847953244761777,-6.47755518687303e-20,0.17371864865310285,7.81185058500696e-20,4
0.07600000000000005,0.00025444404058003525,0.017281202362173648,5.164151348352367e-20,0.0467357686656548,0.984795249118514,-6.957598025019935e-20,0.1737190758483489,7.987117392047248e-20,4
0.07700000000000005,0.00025533849829454736,0.017282866318964564,5.192012549910857e-20,0.04673772512996334,0.9847951752816368,-6.207505421823579e-20,0.17371949442135293,8.036788593467089e-20,4
0.07800000000000006,0.0002562326202058502,0.017284504563453377,5.214516540930152e-20,0.04673961193212535,0.984795102936541,-4.8746984347164345e-20,0.17371990453660732,8.211318940828752e-20,4
0.07900000000000006,0.0002571264471105525,0.017286117707475897,5.2337452240566895e-20,0.0467414306338646,0.9847950320555237,-3.747749016072131e-20,0.17372030635121616,8.342153601554503e-20,4
0.08000000000000006,0.0002580200131118269,0.01728770636233712,5.2494036103138166e-20,0.04674318281501675,0.9847949626120568,-3.0133777567193703e-20,0.17372070001562262,8.513809496807382e-20,4
0.08100000000000006,0.0002589133464552057,0.01728927113739571,5.2625601991501933e-20,0.046744870067196576,0.9847948945806693,-2.73044005559369e-20,0.17372108567427527,8.518093032218963e-20,4
0.08200000000000006,0.0002598064702742759,0.01729081263878986,5.27151711512941e-20,0.04674649398811697,0.9847948279368395,-1.980585994282851e-20,0.17372146346623674,8.430969200280817e-20,4
0.08300000000000006,0.0002606994032553035,0.017292331468294297,5.2766899651624035e-20,0.04674805617650543,0.984794762656898,-2.2100792155304404e-20,0.17372183352573795,8.631930473392542e-20,4
0.08400000000000006,0.000261592160228886,0.01729382822229893,5.279614890941701e-20,0.046749558227568,0.9847946987179383,-1.4561176483041395e-20,0.1737221959826817,8.689819482581299e-20,4
0.08500000000000006,0.0002624847526960431,0.0172953034909001,5.2837268441627185e-20,0.04675100172895432,0.9847946360977369,-7.800056427029623e-21,0.17372255096309835,9.212549517379745e-20,4
0.08600000000000006,0.0002633771892953427,0.017296757857095894,5.288324008734712e-20,0.046752388257180984,0.98479457477468,1.7283920665447065e-20,0.17372289858955703,9.573007884258844e-20,4
0.08700000000000006,0.00026426947621710517,0.017298191896077616,5.2917202378469647e-20,0.046753719374473826,0.9847945147276992,3.631669105636149e-20,0.17372323898153563,9.699505429538298e-20,4
0.08800000000000006,0.0002651616175700924,0.01729960617460988,5.294645479496845e-20,0.04675499662599261,0.9847944559362124,4.925999030105468e-20,0.17372357225575236,9.74471097410767e-20,4
0.08900000000000007,0.0002660536157055735,0.01730100125049233,5.297681205709105e-20,0.046756221537404614,0.984794398380072,5.545252834321647e-20,0.1737238985264616,9.864313657513145e-20,4
0.09000000000000007,0.00026694547150320897,0.017302377672096417,5.3010283672373406e-20,0.04675739561277605,0.9847943420395179,5.649221393494055e-20,0.1737242179057173,1.0054086487310896e-19,4
0.09100000000000007,0.00026783718462271554,0.017303735977971094,5.305832282756303e-20,0.04675852033275294,0.9847942868951371,6.40345052067507e-20,0.17372453050360587,1.019531323440234e-19,4
0.09200000000000007,0.00026872875372491124,0.017305076696511688,5.312265862143303e-20,0.04675959715300502,0.9847942329278273,7.295221848489659e-20,0.1737248364284516,1.0369256101189818e-19,4
0.09300000000000007,0.00026962017666540435,0.017306400345686614,5.3201678602003923e-20,0.04676062750290859,0.9847941801187645,8.02457110701737e-20,0.17372513578699664,1.0175769894386225e-19,4
0.09400000000000007,0.0002705114506638171,0.017307707432816927,5.328136524505399e-20,0.04676161278444607,0.9847941284493763,8.516775706958578e-20,0.17372542868455773,9.688670532854938e-20,4
0.09500000000000007,0.0002714025724511943,0.01730899845440406,5.336361389387286e-20,0.04676255437130173,0.9847940779013175,9.15116243783135e-20,0.173725715225162,9.298025255655427e-20,4
0.09600000000000007,0.00027229353839795936,0.01731027389600147,5.344405754590363e-20,0.0467634536081349,0.9847940284564493,8.486317202745945e-20,0.1737259955116635,9.22717213930359e-20,4
0.09700000000000007,0.0002731843446245499,0.017311534232126134,5.353275482305577e-20,0.046764311810013344,0.9847939800968222,7.84293134137408e-20,0.17372626964584242,9.156926394895912e-20,4
0.09800000000000007,0.0002740749870966375,0.01731277992620619,5.3620919634209535e-20,0.04676513026199098,0.9847939328046614,7.277312267427194e-20,0.17372653772848864,8.80240437005635e-20,4
0.09900000000000007,0.00027496546170668965,0.01731401143056126,5.3714324602962644e-20,0.0467659102188154,0.9847938865623543,7.273573565006032e-20,0.17372679985947126,8.273602396642217e-20,4
0.10000000000000007,0.0002758557643433747,0.01731522918641228,5.380280674124025e-20,0.04676665290475186,0.9847938413524403,6.565382138743515e-20,0.17372705613779543,7.83424311652667e-20,4
0.10100000000000008,0.0002767458909502332,0.017316433623917812,5.389061668466033e-20,0.046767359513511624,0.9847937971576028,5.3718019883309e-20,0.173727306661648,7.761924240782039e-20,4
0.10200000000000008,0.0002776358375748468,0.017317625162234188,5.396341602228904e-20,0.046768031208273324,0.9847937539606635,3.631089255401265e-20,0.17372755152843308,7.903248353364946e-20,4
0.10300000000000008,0.00027852560040964665,0.017318804209596878,5.401960184112085e-20,0.046768669121787294,0.9847937117445767,1.3993915383615785e-20,0.17372779083479867,8.229999267707407e-20,4
0.10400000000000008,0.00027941517582530617,0.017319971163420784,5.405077787496321e-20,0.04676927435655344,0.9847936704924273,-8.952885065971368e-21,0.17372802467665566,8.529510767367435e-20,4
0.10500000000000008,0.00028030456039768636,0.017321126410417307,5.407113030411991e-20,0.04676984798506412,0.9847936301874273,-2.1068498435969222e-20,0.1737282531491898,8.443505289311314e-20,4
0.10600000000000008,0.0002811937509290863,0.017322270326726202,5.4067113847967206e-20,0.04677039105010426,0.9847935908129156,-4.70589698142965e-20,0.17372847634686783,8.548495855283225e-20,4
0.10700000000000008,0.0002820827444645315,0.017323403278060406,5.404450640666493e-20,0.046770904565101676,0.9847935523523574,-7.122813600756109e-20,0.17372869436343838,8.797683543296107e-20,4
0.10800000000000008,0.0002829715383037336,0.01732452561986214,5.40127441174266e-20,0.04677138951452096,0.9847935147893454,-8.258657751837359e-20,0.1737289072919285,8.733429233659467e-20,4
0.10900000000000008,0.0002838601300093063,0.01732563769746881,5.3962391804531675e-20,0.04677184685429526,0.9847934781076005,-9.195998448686783e-20,0.17372911522463644,8.610500366466756e-20,4
0.11000000000000008,0.00028474851741173697,0.01732673984628722,5.387708008606152e-20,0.04677227751229045,0.984793442290974,-1.0051572031285346e-19,0.17372931825312135,8.490316611695919e-20,4
0.11100000000000008,0.00028563669861154484,0.0173278323919749,5.3785118501780305e-20,0.04677268238879692,0.9847934073234493,-1.114950029733101e-19,0.17372951646819024,8.33278423096e-20,4
0.11200000000000009,0.0002865246719790765,0.017328915650627275,5.3683168414134267e-20,0.04677306235704454,0.9847933731891454,-1.249516728225647e-19,0.173729709959883,8.300096756387415e-20,4
0.11300000000000009,0.0002874124361522395,0.017329989928969718,5.356329930539881e-20,0.04677341826373681,0.9847933398723191,-1.3396787924730608e-19,0.17372989881745582,8.197927784311962e-20,4
0.11400000000000009,0.00028829999003253767,0.017331055524553406,5.3415399934818114e-20,0.04677375092960066,0.9847933073573687,-1.4068290621104057e-19,0.17373008312936317,8.277628819788068e-20,4
0.11500000000000009,0.00028918733277965604,0.017332112725954155,5.3257785060049464e-20,0.04677406114994856,0.9847932756288372,-1.4611279382276795e-19,0.17373026298323904,8.051902767733688e-20,4
0.11600000000000009,0.0002900744638048671,0.01733316181297342,5.308987101425588e-20,0.04677434969525,0.9847932446714154,-1.4669118558253955e-19,0.17373043846587755,7.7298276379535e-20,4
0.11700000000000009,0.00029096138276343397,0.0173342030568407,5.290012276364356e-20,0.04677461731170986,0.9847932144699457,-1.5634719945808236e-19,0.17373060966321327,7.72456609168542e-20,4
0.11800000000000009,0.00029184808954626064,0.017335236720416737,5.268147526772604e-20,0.046774864721851044,0.9847931850094255,-1.6682170418453394e-19,0.1737307766603015,7.751724668265367e-20,4
0.11900000000000009,0.00029273458427090987,0.017336263058396868,5.24479915674483e-20,0.04677509262509953,0.9847931562750107,-1.6498013747677504e-19,0.17373093954129876,7.536583259603196e-20,4
0.12000000000000009,0.00029362086727214936,0.017337282317514045,5.2183794696072834e-20,0.046775301698369735,0.9847931282520191,-1.5360024468885555e-19,0.17373109838944345,7.130842093535363e-20,4
0.1210000000000001,0.0002945069390921692,0.017338294736741002,5.1923854451145765e-20,0.04677549259664859,0.9847931009259334,-1.3883849140206538e-19,0.17373125328703728,6.729928222015809e-20,4
0.1220000000000001,0.00029539280047056056,0.017339300547491165,5.1667969032731694e-20,0.04677566595357683,0.9847930742824048,-1.1837847513685427e-19,0.1737314043154272,6.434891717524556e-20,4
0.1230000000000001,0.0002962784523341512,0.017340299973817915,5.1408729635260443e-20,0.046775822382026204,0.9847930483072558,-1.0415226429638089e-19,0.17373155155498807,6.175299305732835e-20,4
0.1240000000000001,0.00029716389578681644,0.017341293232611885,5.1149036580461396e-20,0.04677596247467131,0.9847930229864832,-9.448225514083845e-20,0.1737316950851063,5.912956569433119e-20,4
0.12500000000000008,0.0002980491320992939,0.017342280533795967,5.08778335675085e-20,0.046776086804555174,0.984792998306261,-9.011789186171777e-20,0.17373183498416445,5.81215822122524e-20,4
0.12600000000000008,0.00029893416269906385,0.017343262080517775,5.0596556907032244e-20,0.04677619592564759,0.9847929742529425,-9.060222549182215e-20,0.17373197132952664,5.651548517324837e-20,4
0.12700000000000009,0.0002998189891603974,0.01734423806933936,5.033499150514627e-20,0.04677629037339551,0.9847929508130632,-7.729694424778906e-20,0.17373210419752533,5.143218805378062e-20,4
0.12800000000000009,0.00030070361319455534,0.017345208690423948,5.0081390389267384e-20,0.0467763706652647,0.9847929279733424,-6.311810544067705e-20,0.17373223366344892,4.4969772053774904e-20,4
0.1290000000000001,0.0003015880366402122,0.01734617412771956,4.9802685014351587e-20,0.046776437301272275,0.9847929057206857,-3.634171384869717e-20,0.17373235980153073,3.771799601072444e-20,4
0.1300000000000001,0.0003024722614541106,0.017347134559139322,4.952327684041824e-20,0.0467764907645094,0.9847928840421865,-1.0947076522900312e-20,0.17373248268493896,3.363630309658929e-20,4
0.1310000000000001,0.0003033562897019882,0.01734809015673842,4.927031922151534e-20,0.046776531521653994,0.9847928629251272,4.530650929874015e-21,0.17373260238576782,2.956298111072127e-20,4
0.1320000000000001,0.0003042401235497877,0.017349041086887527,4.90283265859808e-20,0.046776560023472934,0.9847928423569817,1.3509523227553453e-20,0.17373271897502995,2.829344894974456e-20,4
0.1330000000000001,0.00030512376525517,0.017349987510442668,4.8807558180853756e-20,0.04677657670531356,0.9847928223254151,2.314836169376174e-20,0.17373283252264987,2.797347561180829e-20,4
0.1340000000000001,0.0003060072171593306,0.017350929582911435,4.860193920857012e-20,0.04677658198758427,0.9847928028182856,1.9744342628376626e-20,0.17373294309745863,2.8791194782470574e-20,4
0.1350000000000001,0.00030689048167913526,0.01735186745461553,4.842101327497168e-20,0.0467765762762241,0.9847927838236452,1.5280042285222628e-20,0.1737330507671895,2.883537438742556e-20,4
0.1360000000000001,0.00030777356129957427,0.017352801270849566,4.826350509011901e-20,0.0467765599631611,0.9847927653297397,1.2945273033654147e-20,0.17373315559847494,2.688939596835743e-20,4
0.1370000000000001,0.0003086564585665569,0.01735373117203616,4.8113345631289807e-20,0.0467765334267595,0.9847927473250097,6.7211720360464484e-21,0.17373325765684447,2.6873342623628828e-20,4
0.1380000000000001,0.00030953917608001163,0.017354657293877255,4.796313984001469e-20,0.04677649703225563,0.9847927297980901,-1.1086205428002152e-20,0.17373335700672368,3.048778609206601e-20,4
0.1390000000000001,0.00031042171648730597,0.017355579767501697,4.782877912379184e-20,0.04677645113218266,0.9847927127378111,-2.4016024116477807e-20,0.17373345371143428,3.358603562943463e-20,4
0.1400000000000001,0.0003113040824770027,0.0173564987196091,4.768554894946819e-20,0.046776396066784076,0.9847926961331969,-5.232401856781679e-20,0.17373354783319503,4.113061235701677e-20,4
0.1410000000000001,0.0003121862767729262,0.017357414272609985,4.7531098322578774e-20,0.0467763321644161,0.9847926799734661,-7.508059074709032e-20,0.1737336394331237,4.746800573571225e-20,4
0.1420000000000001,0.00031306830212851926,0.01735832654476224,4.738409208764483e-20,0.04677625974193908,0.9847926642480309,-9.43619607564043e-20,0.17373372857124,5.308355880304503e-20,4
0.1430000000000001,0.00031395016132151844,0.01735923565030392,4.7230008044975346e-20,0.04677617910509793,0.9847926489464968,-1.0092828035817572e-19,0.17373381530646922,5.618687013683024e-20,4
0.1440000000000001,0.0003148318571489293,0.01736014169958246,4.7057900768962835e-20,0.04677609054889185,0.984792634058661,-1.0652727275878966e-19,0.17373389969664688,5.686385929882042e-20,4
0.1450000000000001,0.0003157133924222546,0.0173610447991803,4.6869217734546073e-20,0.046775994357933386,0.9847926195745125,-1.2342064892693109e-19,0.17373398179852398,5.821346155030189e-20,4
0.1460000000000001,0.000316594769963047,0.017361945052037017,4.6663904536547304e-20,0.04677589080679704,0.9847926054842301,-1.3919353151831702e-19,0.17373406166777325,5.852264064542969e-20,4
0.1470000000000001,0.0003174759925986852,0.017362842557567974,4.643984627726005e-20,0.04677578016035758,0.984792591778182,-1.5861112795948458e-19,0.1737341393589959,6.42109589957927e-20,4
0.1480000000000001,0.00031835706315843824,0.01736373741177959,4.620026774333737e-20,0.046775662674118236,0.9847925784469237,-1.8649523257910082e-19,0.17373421492572916,7.179227611743725e-20,4
0.1490000000000001,0.00031923798446977604,0.017364629707381257,4.5940230812927704e-20,0.04677553859452901,0.9847925654811972,-2.0621270491732965e-19,0.17373428842045444,7.790890616333516e-20,4
0.1500000000000001,0.0003201187593549043,0.01736551953389397,4.5667390665077905e-20,0.04677540815929523,0.984792552871929,-2.1287389650842006e-19,0.17373435989460606,7.969365722832348e-20,4
0.1510000000000001,0.00032099939062754293,0.017366406977755742,4.537266467598209e-20,0.04677527159767662,0.9847925406102288,-2.1179118804806128e-19,0.17373442939858058,7.914713282112398e-20,4
0.1520000000000001,0.0003218798810899339,0.017367292122423886,4.507169357175802e-20,0.046775129130777054,0.9847925286873875,-2.011256783862875e-19,0.17373449698174664,7.416608302797041e-20,4
0.1530000000000001,0.0003227602335300388,0.017368175048474183,4.474858364757656e-20,0.04677498097182522,0.9847925170948756,-1.9241781693706971e-19,0.17373456269245527,7.134684761665023e-20,4
0.1540000000000001,0.00032364045071896317,0.01736905583369706,4.4401833250679226e-20,0.04677482732644639,0.984792505824341,-1.9376504826414392e-19,0.1737346265780506,6.963872552428164e-20,4
0.1550000000000001,0.0003245205354085548,0.017369934553190816,4.403034918947281e-20,0.04677466839292557,0.9847924948676074,-2.0653004591298096e-19,0.17373468868488123,6.934604390365893e-20,4
0.1560000000000001,0.00032540049032920307,0.017370811279451958,4.364884472511982e-20,0.046774504362462166,0.9847924842166722,-2.1162045136922173e-19,0.17373474905831163,6.51339599461061e-20,4
0.1570000000000001,0.00032628031818780025,0.01737168608246274,4.325129453140426e-20,0.046774335419416405,0.984792473863704,-2.1327050149599664e-19,0.17373480774273412,6.246580617303986e-20,4
0.1580000000000001,0.0003271600216658783,0.017372559029775955,4.2829503396987575e-20,0.0467741617415478,0.984792463801041,-2.2034385801952216e-19,0.17373486478158115,6.086536848380403e-20,4
0.1590000000000001,0.00032803960341791093,0.01737343018659708,4.2400149868467115e-20,0.046773983500245746,0.9847924540211883,-2.2137398595611794e-19,0.17373492021733783,5.873503987222922e-20,4
0.16000000000000011,0.00032891906606974836,0.017374299615863786,4.197430833947062e-20,0.04677380086075261,0.9847924445168159,-2.1296331830982868e-19,0.17373497409155464,5.2907918433028133e-20,4
0.16100000000000012,0.00032979841221721616,0.017375167378322936,4.1550410467336135e-20,0.04677361398237934,0.9847924352807563,-1.9896803368111804e-19,0.17373502644486055,4.347026540663778e-20,4
0.16200000000000012,0.00033067764442483487,0.01737603353260512,4.1123935135740353e-20,0.046773423018714004,0.9847924263060025,-1.7963015869169637e-19,0.17373507731697624,3.155478518581825e-20,4
0.16300000000000012,0.00033155676522466846,0.017376898135296772,4.0693042874308244e-20,0.04677322811782329,0.984792417585705,-1.6441017006781544e-19,0.17373512674672748,1.868321653389641e-20,4
0.16400000000000012,0.0003324357771153176,0.017377761241009995,4.0265649631125035e-20,0.0467730294224473,0.98479240911317,-1.5454613699456462e-19,0.17373517477205866,9.92306347168072e-21,4
0.16500000000000012,0.0003333146825609911,0.017378622902450073,3.983264631281841e-20,0.04677282707018774,0.9847924008818567,-1.4310037063693648e-19,0.17373522143004655,9.963029209351833e-22,4
0.16600000000000012,0.0003341934839907097,0.017379483170480804,3.940406944171339e-20,0.04677262119368977,0.9847923928853749,-1.3400612541097293e-19,0.17373526675691406,-5.965902308150194e-21,4
0.16700000000000012,0.0003350721837976081,0.017380342094187703,3.897379409209636e-20,0.04677241192081768,0.9847923851174827,-1.3335460978430322e-19,0.17373531078804416,-9.990585056458835e-21,4
0.16800000000000012,0.0003359507843383312,0.01738119972093911,3.8552505184385165e-20,0.04677219937482454,0.9847923775720838,-1.3557204611064356e-19,0.17373535355799377,-1.2965100900728863e-20,4
0.16900000000000012,0.000336829287932516,0.017382056096445293,3.814109752848301e-20,0.04677198367451611,0.9847923702432251,-1.4179349882412805e-19,0.17373539510050784,-1.5222522044779547e-20,4
0.17000000000000012,0.0003377076968623678,0.017382911264815587,3.775374515187681e-20,0.046771764934409085,0.9847923631250941,-1.481042977378053e-19,0.1737354354485333,-1.7608539449850677e-20,4
0.17100000000000012,0.00033858601337229973,0.01738376526861364,3.736641945109799e-20,0.04677154326488389,0.9847923562120171,-1.6466827213767585e-19,0.17373547463423314,-1.6033919268348433e-20,4
0.17200000000000013,0.00033946423966866977,0.017384618148910826,3.696874207183103e-20,0.04677131877233224,0.9847923494984558,-1.8027349103320991e-19,0.17373551268900045,-1.4670600909088016e-20,4
0.17300000000000013,0.000340342377919573,0.017385469945337857,3.6570569263066076e-20,0.04677109155929954,0.9847923429790055,-2.0392168255701245e-19,0.1737355496434724,-1.3404957962080488e-20,4
0.17400000000000013,0.0003412204302546889,0.017386320696134678,3.617039129726084e-20,0.0467708617246224,0.984792336648392,-2.1032843090770214e-19,0.17373558552754426,-1.405767832723472e-20,4
0.17500000000000013,0.0003420983987652178,0.017387170438198686,3.576485702159828e-20,0.046770629363561335,0.98479233050147,-2.1100285169697153e-19,0.1737356203703833,-1.5961652364347052e-20,4
0.17600000000000013,0.0003429762855038465,0.017388019207131313,3.53512315941222e-20,0.046770394567928815,0.9847923245332199,-2.170903566795459e-19,0.17373565420044262,-1.5352396703880153e-20,4
0.17700000000000013,0.000343854092484782,0.017388867037283057,3.4916803419066116e-20,0.04677015742621291,0.9847923187387456,-2.212055149107969e-19,0.17373568704547504,-1.4600617999466443e-20,4
0.17800000000000013,0.0003447318216838296,0.017389713961796966,3.448135912313576e-20,0.04676991802369653,0.9847923131132723,-2.2480815819643273e-19,0.17373571893254672,-1.4344228628004817e-20,4
0.17900000000000013,0.00034560947503851214,0.01739056001265066,3.403053874046154e-20,0.04676967644257253,0.984792307652144,-2.297338100510668e-19,0.17373574988805082,-1.3273490770731175e-20,4
0.18000000000000013,0.0003464870544482423,0.01739140522069693,3.3577287416709533e-20,0.04676943276205474,0.9847923023508206,-2.3048030136305344e-19,0.17373577993772102,-1.1625748056582162e-20,4
0.18100000000000013,0.00034736456177452356,0.017392249615702942,3.311840357800496e-20,0.046769187058485095,0.9847922972048765,-2.2181661532650804e-19,0.17373580910664485,-9.612325400639547e-21,4
0.18200000000000013,0.00034824199884119525,0.017393093226388108,3.26549725109645e-20,0.046768939405437,0.9847922922099973,-2.1435253241122293e-19,0.17373583741927703,-6.3443331178635116e-21,4
0.18300000000000013,0.0003491193674346967,0.017393936080460668,3.219157748528079e-20,0.04676868987381501,0.9847922873619783,-2.0858103238091377e-19,0.1737358648994526,-4.230582322398195e-21,4
0.18400000000000014,0.0003499966693043782,0.017394778204653013,3.1733135449258255e-20,0.04676843853195101,0.9847922826567217,-1.9273827229515177e-19,0.17373589157039998,-4.6235117981757676e-21,4
0.18500000000000014,0.0003508739061628261,0.017395619624755793,3.1271906595883846e-20,0.046768185445696955,0.9847922780902343,-1.7599043151826227e-19,0.17373591745475367,-4.890999614423008e-21,4
0.18600000000000014,0.00035175107968623176,0.017396460365650877,3.0822702153325656e-20,0.04676793067851437,0.9847922736586254,-1.5969733580136877e-19,0.17373594257456718,-4.8463548440933785e-21,4
0.18700000000000014,0.0003526281915147553,0.017397300451343137,3.0372777895970905e-20,0.04676767429156059,0.9847922693581048,-1.47799983282822e-19,0.17373596695132545,-4.435222629832524e-21,4
0.18800000000000014,0.0003535052432529416,0.017398139904991186,2.996071305465176e-20,0.046767416343772,0.9847922651849804,-1.2432563019732157e-19,0.17373599060595735,-6.763179350908841e-21,4
0.18900000000000014,0.0003543822364701237,0.01739897874893701,2.9568848934370935e-20,0.046767156891944286,0.984792261135656,-9.624737881829566e-20,0.17373601355884785,-7.194906569979739e-21,4
0.19000000000000014,0.00035525917270087554,0.017399817004734613,2.920079598746189e-20,0.0467668959908098,0.984792257206629,-6.285950675714695e-20,0.17373603582985014,-1.0225368619101588e-20,4
0.19100000000000014,0.00035613605344544496,0.017400654693177652,2.885031501474162e-20,0.046766633693112195,0.9847922533944887,-4.118994198230794e-20,0.1737360574382975,-8.500686535828154e-21,4
0.19200000000000014,0.00035701288017024114,0.01740149183432612,2.8535904847370877e-20,0.04676637004967837,0.9847922496959142,-3.301825738127176e-20,0.17373607840301514,-5.1537045757194374e-21,4
0.19300000000000014,0.0003578896543082898,0.0174023284475321,2.824269645577907e-20,0.04676610510948784,0.9847922461076718,-1.796921220908348e-20,0.1737360987423316,-5.017381732500906e-21,4
0.19400000000000014,0.0003587663772597342,0.017403164551464637,2.7986654997492825e-20,0.04676583891973964,0.9847922426266137,7.670012771318793e-21,0.17373611847409026,-8.552059012773381e-21,4
0.19500000000000015,0.000359643050392322,0.01740400016413373,2.774585640847385e-20,0.04676557152591682,0.9847922392496757,3.4945662303584284e-20,0.1737361376156605,-1.227065275428333e-20,4
0.19600000000000015,0.00036051967504191934,0.01740483530291351,2.752763799786535e-20,0.046765302971848596,0.9847922359738752,5.049467545163907e-20,0.17373615618394875,-1.2038273213867734e-20,4
0.19700000000000015,0.00036139625251301185,0.01740566998456459,2.734800393920062e-20,0.04676503329977031,0.9847922327963095,7.124789359914128e-20,0.17373617419540924,-1.1117867448609772e-20,4
0.19800000000000015,0.00036227278407921856,0.01740650422525565,2.7204161335363435e-20,0.04676476255038123,0.9847922297141535,7.956573994541977e-20,0.17373619166605478,-9.057294592586163e-21,4
0.19900000000000015,0.00036314927098382517,0.017407338040584266,2.709704460788939e-20,0.04676449076290022,0.9847922267246584,9.061507383442625e-20,0.17373620861146713,-8.286703255543712e-21,4
0.20000000000000015,0.00036402571444029216,0.017408171445597018,2.7023497411975844e-20,0.0467642179751195,0.9847922238251495,1.0653392211285365e-19,0.17373622504680736,-6.82277002656501e-21,4
0.20100000000000015,0.0003649021156327887,0.017409004454808884,2.697238552148432e-20,0.04676394422345637,0.9847922210130245,1.176909980238571e-19,0.1737362409868259,-4.354457367279172e-21,4
0.20200000000000015,0.00036577847571671123,0.017409837082221966,2.6955599029571467e-20,0.046763669543003136,0.984792218285752,1.303301320054197e-19,0.17373625644587257,-4.7152239147076036e-21,4
0.20300000000000015,0.0003666547958192176,0.01741066934134356,2.6982232478528623e-20,0.046763393967575194,0.9847922156408694,1.6293451059524595e-19,0.17373627143790613,-7.986396965320764e-21,4
0.20400000000000015,0.0003675310770397522,0.017411501245203596,2.704666566033629e-20,0.04676311752975742,0.9847922130759812,1.9080661374694875e-19,0.173736285976504,-9.716681353991545e-21,4
0.20500000000000015,0.00036840732045057424,0.01741233280637146,2.714857803815508e-20,0.04676284026094884,0.9847922105887579,2.1552589431231188e-19,0.17373630007487162,-1.2834240723706919e-20,4
0.20600000000000016,0.0003692835270972714,0.017413164036972222,2.7277922718789224e-20,0.04676256219140573,0.9847922081769338,2.3638296268194733e-19,0.1737363137458515,-1.740369236717862e-20,4
0.20700000000000016,0.0003701596979993016,0.017413994948702334,2.743706351095857e-20,0.046762283350283124,0.9847922058383057,2.467533683641515e-19,0.17373632700193237,-2.1173103634851286e-20,4
0.20800000000000016,0.0003710358341504942,0.017414825552844716,2.762950747518222e-20,0.046762003765674826,0.9847922035707313,2.430625424893981e-19,0.173736339855258,-2.0963301044239147e-20,4
0.20900000000000016,0.0003719119365195754,0.017415655860283364,2.7869247486256407e-20,0.046761723464652,0.9847922013721273,2.4343033500781404e-19,0.1737363523176358,-2.073715627503903e-20,4
0.21000000000000016,0.00037278800605068056,0.017416485881517417,2.815255399641143e-20,0.04676144247330034,0.9847921992404688,2.3893851562316607e-19,0.17373636440054527,-1.874314113916165e-20,4
0.21100000000000016,0.00037366404366386116,0.017417315626674746,2.8455215630082225e-20,0.046761160816755874,0.9847921971737867,2.333597186718517e-19,0.1737363761151464,-1.966507470510742e-20,4
0.21200000000000016,0.00037454005025559133,0.017418145105525057,2.877530468894719e-20,0.046760878519239546,0.9847921951701674,2.1782572590309883e-19,0.17373638747228773,-1.7077618239083638e-20,4
0.21300000000000016,0.0003754160266992698,0.017418974327492537,2.9109353962246946e-20,0.046760595604090446,0.9847921932277515,1.9410301080818162e-19,0.17373639848251451,-1.3681868431012262e-20,4
0.21400000000000016,0.00037629197384570867,0.017419803301668053,2.945081534286066e-20,0.04676031209379792,0.9847921913447286,1.5374419061767204e-19,0.17373640915607574,-3.761075646298056e-21,4
0.21500000000000016,0.00037716789252362703,0.017420632036820923,2.9790627010805e-20,0.046760028010032456,0.9847921895193427,1.0598794919602777e-19,0.1737364195029329,8.366509224727938e-21,4
0.21600000000000016,0.0003780437835401316,0.017421460541410274,3.011726671429089e-20,0.04675974337367549,0.9847921877498858,5.1631352377231944e-20,0.17373642953276663,2.1756493714663648e-20,4
0.21700000000000016,0.0003789196476811936,0.017422288823595995,3.04184010386311e-20,0.046759458204848114,0.9847921860346981,1.7875307212212276e-21,0.1737364392549843,3.5076690064569593e-20,4
0.21800000000000017,0.0003797954857121285,0.01742311689124932,3.068793711703573e-20,0.04675917252293873,0.9847921843721671,-6.004450676742874e-20,0.17373644867872706,5.155939081835905e-20,4
0.21900000000000017,0.0003806712983780489,0.017423944751963013,3.0919241164762375e-20,0.04675888634662972,0.9847921827607259,-1.1427293176239557e-19,0.1737364578128768,6.569867402180056e-20,4
0.22000000000000017,0.000381547086404334,0.017424772413061222,3.110899810563779e-20,0.046758599693923146,0.984792181198852,-1.5640181478193443e-19,0.17373646666606302,7.992122405680331e-20,4
0.22100000000000017,0.0003824228504970743,0.017425599881608963,3.123575413822908e-20,0.046758312582165514,0.9847921796850664,-1.9307335053891152e-19,0.17373647524666944,9.346052468387512e-20,4
0.22200000000000017,0.00038329859134351795,0.01742642716442128,3.1293888645783265e-20,0.04675802502807162,0.9847921782179322,-2.4523415808300386e-19,0.17373648356284052,1.1035447071452425e-19,4
0.22300000000000017,0.00038417430961251205,0.017427254268072085,3.128564080075952e-20,0.04675773704774757,0.9847921767960537,-2.8594280028871866e-19,0.17373649162248786,1.2637575794057375e-19,4
0.22400000000000017,0.00038505000595492704,0.017428081198902677,3.1205204971252363e-20,0.04675744865671291,0.9847921754180752,-3.337181014752021e-19,0.17373649943329633,1.4321564567173787e-19,4
0.22500000000000017,0.00038592568100409563,0.017428907963029976,3.105273593653274e-20,0.04675715986992201,0.9847921740826798,-3.83243646617543e-19,0.17373650700273016,1.607757111589623e-19,4
0.22600000000000017,0.000386801335376212,0.01742973456635444,3.083748329649552e-20,0.04675687070178461,0.9847921727885885,-4.2798947515432753e-19,0.17373651433803888,1.7518122148980843e-19,4
0.22700000000000017,0.00038767696967075574,0.01743056101456774,3.055165453775977e-20,0.046756581166185675,0.9847921715345593,-4.463558893969337e-19,0.17373652144626311,1.8519311863464014e-19,4
0.22800000000000017,0.0003885525844708822,0.01743138731316012,3.0175646749498086e-20,0.046756291276504505,0.984792170319386,-4.715761871602161e-19,0.17373652833424016,1.9330242271263033e-19,4
0.22900000000000018,0.00038942818034383344,0.017432213467427536,2.9720199262907237e-20,0.04675600104563312,0.9847921691418973,-4.901725046335129e-19,0.17373653500860958,2.0010314935853263e-19,4
0.23000000000000018,0.0003903037578413128,0.01743303948247853,2.9195680538254736e-20,0.04675571048599404,0.9847921680009556,-5.059331518222053e-19,0.1737365414758185,2.0679157487094376e-19,4
0.23100000000000018,0.00039117931749987423,0.017433865363240847,2.8586346679812114e-20,0.04675541960955736,0.9847921668954566,-5.326935996678387e-19,0.17373654774212685,2.1441723985276286e-19,4
0.23200000000000018,0.000392054859841295,0.017434691114467837,2.790817922035775e-20,0.04675512842785723,0.984792165824328,-5.599278148100303e-19,0.17373655381361255,2.2106064789713756e-19,4
0.23300000000000018,0.00039293038537293657,0.01743551674074462,2.7172746248175563e-20,0.04675483695200773,0.984792164786529,-5.770788376754512e-19,0.17373655969617646,2.2231030398072047e-19,4
0.23400000000000018,0.000393805894588109,0.01743634224649404,2.6356723783596506e-20,0.04675454519271819,0.9847921637810487,-6.00450968384173e-19,0.17373656539554724,2.2267445898341986e-19,4
0.23500000000000018,0.00039468138796642865,0.017437167635982413,2.5440187700245667e-20,0.0467542531603079,0.9847921628069062,-6.295165080691326e-19,0.1737365709172861,2.2786217168250004e-19,4
0.23600000000000018,0.00039555686597415396,0.017437992913325043,2.44777001993309e-20,0.046753960864720334,0.984792161863149,-6.413007560180381e-19,0.17373657626679137,2.3040322215535558e-19,4
0.23700000000000018,0.0003964323290645286,0.01743881808249159,2.34182036888505e-20,0.04675366831553684,0.9847921609488527,-6.441516758478291e-19,0.17373658144930318,2.2889734719489735e-19,4
0.23800000000000018,0.00039730777767810974,0.01743964314731121,2.23231499116524e-20,0.04675337552198982,0.98479216006312,-6.376572958113194e-19,0.17373658646990767,2.2300856404287986e-19,4
0.23900000000000018,0.0003981832122431042,0.017440468111477526,2.1123809105860482e-20,0.04675308249297545,0.9847921592050799,-6.430458433892151e-19,0.17373659133354136,2.1875574510848796e-19,4
0.24000000000000019,0.0003990586331756619,0.017441292978553423,1.987346931952679e-20,0.04675278923706592,0.9847921583738873,-6.560130925739876e-19,0.17373659604499533,2.145470897848564e-19,4
0.2410000000000002,0.00039993404088021963,0.017442117751975687,1.8577690092711615e-20,0.04675249576252123,0.9847921575687218,-6.6725901518495015e-19,0.1737366006089193,2.0898255090389903e-19,4
0.2420000000000002,0.00040080943574977233,0.017442942435059446,1.725228118471685e-20,0.04675220207730059,0.9847921567887875,-6.706414997825795e-19,0.17373660502982552,2.0567646750828201e-19,4
0.2430000000000002,0.00040168481816619205,0.017443767031002495,1.5881119631777834e-20,0.046751908189073335,0.9847921560333118,-6.784861449587329e-19,0.17373660931209275,2.0459476972451775e-19,4
0.2440000000000002,0.00040256018850051716,0.017444591542889437,1.4473329435203045e-20,0.04675161410522951,0.9847921553015451,-6.837480664209627e-19,0.1737366134599699,2.044206000914544e-19,4
0.2450000000000002,0.00040343554711321986,0.01744541597369569,1.3049079029609483e-20,0.04675131983289005,0.98479215459276,-6.819801061975857e-19,0.17373661747757982,2.0316195043586583e-19,4
0.2460000000000002,0.000404310894354506,0.01744624032629135,1.1608927268849888e-20,0.04675102537891655,0.984792153906251,-6.814173314464922e-19,0.17373662136892273,2.0313926962579053e-19,4
0.2470000000000002,0.00040518623056457615,0.017447064603444928,1.0147695510677529e-20,0.046750730749920755,0.9847921532413331,-6.724905484075352e-19,0.17373662513787985,2.0113252514696332e-19,4
0.2480000000000002,0.00040606155607388983,0.017447888807826932,8.665218988458981e-21,0.04675043595227362,0.9847921525973421,-6.648497913677919e-19,0.1737366287882167,1.9955214066598439e-19,4
0.2490000000000002,0.00040693687120342786,0.017448712942013344,7.17568131480892e-21,0.046750140992114116,0.9847921519736337,-6.587379522136667e-19,0.17373663232358633,1.9721177723359874e-19,4
0.25000000000000017,0.000407812176264946,0.017449537008488964,5.682393702193713e-21,0.04674984587535766,0.9847921513695824,-6.414141629566694e-19,0.1737366357475327,1.9364714943615022e-19,4
0.25100000000000017,0.0004086874715612243,0.017450361009650635,4.1489781758848445e-21,0.046749550607704256,0.9847921507845819,-6.208286223577349e-19,0.17373663906349368,1.8814491495221228e-19,4
0.25200000000000017,0.00040956275738630334,0.01745118494781036,2.618475034228537e-21,0.04674925519464636,0.9847921502180438,-6.026691312903022e-19,0.17373664227480407,1.8504460428859548e-19,4
0.25300000000000017,0.000410438034025725,0.017452008825198297,1.0985026398882692e-21,0.04674895964147641,0.9847921496693974,-5.898523693148089e-19,0.17373664538469866,1.8299376327546291e-19,4
0.25400000000000017,0.00041131330175675805,0.017452832643965664,-4.166736468272033e-22,0.04674866395329416,0.9847921491380892,-5.828326554903759e-19,0.17373664839631503,1.8026271994804534e-19,4
0.25500000000000017,0.00041218856084862613,0.01745365640618753,-1.9165359214665916e-21,0.04674836813501365,0.9847921486235823,-5.73007394909295e-19,0.1737366513126964,1.7721372389239834e-19,4
0.25600000000000017,0.00041306381156273235,0.017454480113865512,-3.413781852672185e-21,0.04674807219136999,0.9847921481253561,-5.714679186337385e-19,0.1737366541367943,1.7334080544025887e-19,4
0.2570000000000002,0.0004139390541528593,0.017455303768930373,-4.888212497737573e-21,0.04674777612692589,0.9847921476429055,-5.643894767537335e-19,0.1737366568714713,1.660403954819387e-19,4
0.2580000000000002,0.000414814288865395,0.01745612737324453,-6.365432278263596e-21,0.04674747994607792,0.9847921471757406,-5.73460175797592e-19,0.1737366595195035,1.6364783745246835e-19,4
0.2590000000000002,0.00041568951593952435,0.017456950928604477,-7.841906086224204e-21,0.04674718365306256,0.9847921467233867,-5.856188631816376e-19,0.17373666208358315,1.6232473149605914e-19,4
0.2600000000000002,0.00041656473560742726,0.017457774436743106,-9.340745035247792e-21,0.046746887251962056,0.984792146285383,-5.906788887334528e-19,0.17373666456632095,1.5847866322738357e-19,4
0.2610000000000002,0.00041743994809448115,0.017458597899331976,-1.0830578373953694e-20,0.04674659074671002,0.984792145861283,-5.946804899744259e-19,0.17373666697024853,1.5466352270016144e-19,4
0.2620000000000002,0.00041831515361944404,0.017459421317983476,-1.2322970404524057e-20,0.046746294141096836,0.9847921454506536,-6.01444670927539e-19,0.17373666929782078,1.513269234931624e-19,4
0.2630000000000002,0.0004191903523946363,0.017460244694252912,-1.3839319210395934e-20,0.0467459974387749,0.9847921450530749,-5.874405358792756e-19,0.17373667155141798,1.4296163598103219e-19,4
0.2640000000000002,0.00042006554462612334,0.01746106802964054,-1.535130041399411e-20,0.04674570064326364,0.9847921446681396,-5.709200066530974e-19,0.17373667373334806,1.3348602078810015e-19,4
0.2650000000000002,0.00042094073051389565,0.017461891325593507,-1.685840115758082e-20,0.046745403757954315,0.9847921442954529,-5.67628275634559e-19,0.17373667584584876,1.2467598645578836e-19,4
0.2660000000000002,0.00042181591025202894,0.017462714583507736,-1.8381580492020902e-20,0.04674510678611476,0.9847921439346322,-5.550215844879509e-19,0.1737366778910896,1.144782726378446e-19,4
0.2670000000000002,0.00042269108402885613,0.017463537804729735,-1.9891140290861024e-20,0.04674480973089382,0.9847921435853064,-5.357133955862327e-19,0.17373667987117397,1.0567998164368884e-19,4
0.2680000000000002,0.00042356625202712573,0.017464360990558345,-2.1373973033706376e-20,0.04674451259532572,0.9847921432471157,-5.169602011174294e-19,0.173736681788141,9.504067041645485e-20,4
0.2690000000000002,0.00042444141442416785,0.017465184142246435,-2.2844882680309962e-20,0.046744215382334205,0.9847921429197115,-5.000094120511286e-19,0.17373668364396752,8.579998999613663e-20,4
0.2700000000000002,0.00042531657139203234,0.01746600726100252,-2.4284481773840107e-20,0.0467439180947366,0.9847921426027556,-4.7968828608866405e-19,0.1737366854405699,7.714823355772752e-20,4
0.2710000000000002,0.00042619172309765134,0.017466830347992335,-2.5701359095416135e-20,0.04674362073524767,0.9847921422959203,-4.556238880930237e-19,0.17373668717980575,6.861866129868884e-20,4
0.2720000000000002,0.0004270668697029835,0.017467653404340356,-2.7104389461188068e-20,0.046743323306483335,0.9847921419988878,-4.394129715637459e-19,0.17373668886347585,6.107916483262498e-20,4
0.2730000000000002,0.00042794201136514467,0.017468476431131245,-2.847264656095693e-20,0.04674302581096432,0.9847921417113502,-4.200169642053886e-19,0.17373669049332563,5.377350689280161e-20,4
0.2740000000000002,0.00042881714823656496,0.017469299429411278,-2.980763923536622e-20,0.04674272825111955,0.9847921414330092,-3.9703432552679586e-19,0.17373669207104692,4.576511508966505e-20,4
0.2750000000000002,0.0004296922804651034,0.017470122400189688,-3.1101357857489923e-20,0.04674243062928958,0.9847921411635754,-3.768809849708833e-19,0.17373669359827956,3.572332985138732e-20,4
0.2760000000000002,0.00043056740819419077,0.01747094534443999,-3.235783787820933e-20,0.04674213294772974,0.9847921409027683,-3.729585426325677e-19,0.1737366950766129,2.6193604614230298e-20,4
0.2770000000000002,0.00043144253156295314,0.017471768263101227,-3.357843215989166e-20,0.04674183520861327,0.9847921406503163,-3.6466551661763997e-19,0.17373669650758736,1.5185668141964217e-20,4
0.2780000000000002,0.0004323176507063332,0.01747259115707921,-3.475621706133464e-20,0.0467415374140343,0.9847921404059559,-3.5991332366067496e-19,0.1737366978926958,7.55048197678694e-21,4
0.2790000000000002,0.00043319276575521856,0.017473414027247683,-3.590709392005712e-20,0.04674123956601074,0.984792140169432,-3.438941191702797e-19,0.17373669923338508,-1.0051734820475726e-22,4
0.2800000000000002,0.0004340678768365478,0.01747423687444946,-3.702135183463225e-20,0.04674094166648707,0.9847921399404971,-3.366495598397115e-19,0.17373670053105736,-7.299412500162112e-21,4
0.2810000000000002,0.0004349429840734345,0.017475059699497527,-3.80945683840696e-20,0.046740643717336966,0.9847921397189116,-3.3109615156788275e-19,0.17373670178707137,-1.5718880280566054e-20,4
0.2820000000000002,0.00043581808758527544,0.017475882503176082,-3.914768339492193e-20,0.04674034572036592,0.984792139504443,-3.2927750472876695e-19,0.17373670300274388,-1.9866185704759442e-20,4
0.2830000000000002,0.0004366931874878544,0.01747670528624157,-4.017836775250425e-20,0.04674004767731372,0.9847921392968664,-3.4506384371890016e-19,0.17373670417935083,-1.8730546802854727e-20,4
0.2840000000000002,0.0004375682838934512,0.01747752804942366,-4.118264973303664e-20,0.04673974958985681,0.9847921390959635,-3.5170380215004876e-19,0.17373670531812863,-1.9912613563442884e-20,4
0.2850000000000002,0.00043844337691094137,0.017478350793426183,-4.215888589190532e-20,0.04673945145961065,0.9847921389015232,-3.5941246873823095e-19,0.1737367064202753,-2.0253632631377297e-20,4
0.2860000000000002,0.00043931846664590037,0.017479173518928068,-4.3104086924275396e-20,0.04673915328813188,0.9847921387133405,-3.5353396791075086e-19,0.17373670748695172,-2.4504170258940732e-20,4
0.2870000000000002,0.0004401935532006946,0.017479996226584204,-4.4031006619488044e-20,0.046738855076920494,0.984792138531217,-3.4835231737491824e-19,0.17373670851928258,-2.9899271647015363e-20,4
0.2880000000000002,0.0004410686366745791,0.0174808189170263,-4.494512724713027e-20,0.0467385568274219,0.9847921383549606,-3.416312116496463e-19,0.1737367095183577,-3.5198149346952e-20,4
0.2890000000000002,0.00044194371716378846,0.017481641590863708,-4.584580199022539e-20,0.04673825854102891,0.9847921381843848,-3.2193438966310997e-19,0.1737367104852329,-4.1841660827858306e-20,4
0.2900000000000002,0.0004428187947616186,0.017482464248684198,-4.6737442321865476e-20,0.04673796021908362,0.9847921380193081,-3.18830627677259e-19,0.17373671142093094,-4.512967590225182e-20,4
0.2910000000000002,0.0004436938695585232,0.017483286891054745,-4.762015287747639e-20,0.04673766186287932,0.9847921378595579,-3.301532220568797e-19,0.17373671232644328,-4.560473483754202e-20,4
0.2920000000000002,0.0004445689416421934,0.01748410951852225,-4.84835379863128e-20,0.046737363473662225,0.9847921377049637,-3.321096873380761e-19,0.17373671320272982,-4.926726961323785e-20,4
0.2930000000000002,0.00044544401109763895,0.017484932131614256,-4.93364272036435e-20,0.04673706505263318,0.9847921375553613,-3.359846968225578e-19,0.17373671405072072,-5.154133588893803e-20,4
0.2940000000000002,0.0004463190780072682,0.01748575473083963,-5.018788719037578e-20,0.046736766600949345,0.984792137410592,-3.402623602634394e-19,0.17373671487131703,-5.3828558549171903e-20,4
0.2950000000000002,0.0004471941424509659,0.017486577316689234,-5.1032084107772614e-20,0.04673646811972578,0.9847921372705016,-3.4531789704149735e-19,0.17373671566539167,-5.227412042859146e-20,4
0.2960000000000002,0.0004480692045061648,0.017487399889636542,-5.188528944455777e-20,0.04673616961003696,0.9847921371349411,-3.6591773967922595e-19,0.17373671643379016,-4.54217445884152e-20,4
0.2970000000000002,0.0004489442642479188,0.017488222450138275,-5.274131026785183e-20,0.04673587107291826,0.9847921370037658,-3.9702887226047063e-19,0.17373671717733158,-3.784572100191716e-20,4
0.2980000000000002,0.00044981932174897876,0.017489044998634986,-5.3594660508441696e-20,0.046735572509367385,0.9847921368768358,-4.2548097827033424e-19,0.17373671789680933,-2.9986295016186644e-20,4
0.2990000000000002,0.00045069437707985553,0.017489867535551634,-5.445506784730396e-20,0.04673527392034574,0.9847921367540154,-4.521381560073906e-19,0.17373671859299192,-2.3178080422114228e-20,4
0.3000000000000002,0.0004515694303088952,0.017490690061298136,-5.533742758158954e-20,0.04673497530677973,0.9847921366351735,-4.791641060021267e-19,0.17373671926662368,-1.6363518415895096e-20,4
0.3010000000000002,0.00045244448150232985,0.017491512576269897,-5.624841753946286e-20,0.046734676669562075,0.9847921365201828,-5.106115436084004e-19,0.17373671991842563,-9.296312366828399e-21,4
0.3020000000000002,0.00045331953072435475,0.017492335080848326,-5.721010983034312e-20,0.04673437800955299,0.9847921364089202,-5.272928198397176e-19,0.17373672054909609,-2.7098197906711116e-21,4
0.3030000000000002,0.00045419457803717726,0.01749315757540133,-5.819015343371478e-20,0.04673407932758141,0.9847921363012662,-5.298693939894906e-19,0.17373672115931138,-3.2669272146492273e-22,4
0.3040000000000002,0.0004550696235010881,0.017493980060283795,-5.920042373118667e-20,0.0467337806244461,0.9847921361971053,-5.349008253712561e-19,0.17373672174972657,4.163132575755012e-22,4
0.3050000000000002,0.00045594466717450614,0.01749480253583804,-6.024013148975634e-20,0.04673348190091677,0.9847921360963257,-5.368834638318153e-19,0.17373672232097606,1.5719129690230246e-21,4
0.3060000000000002,0.0004568197091140498,0.017495625002394277,-6.12921636950577e-20,0.04673318315773512,0.9847921359988188,-5.432400590289674e-19,0.17373672287367425,3.381926470542759e-21,4
0.3070000000000002,0.00045769474937457994,0.017496447460271018,-6.236043581024024e-20,0.04673288439561586,0.9847921359044798,-5.537851537418275e-19,0.17373672340841617,5.106448254094319e-21,4
0.3080000000000002,0.00045856978800925435,0.017497269909775504,-6.344565458570475e-20,0.04673258561524771,0.984792135813207,-5.60570189682642e-19,0.17373672392577805,5.133034896346686e-21,4
0.3090000000000002,0.0004594448250695807,0.017498092351204104,-6.454204473772782e-20,0.04673228681729432,0.9847921357249019,-5.655341852520801e-19,0.1737367244263179,7.796199066910096e-21,4
0.3100000000000002,0.000460319860605469,0.01749891478484269,-6.56510090641717e-20,0.04673198800239521,0.9847921356394692,-5.587842179095687e-19,0.17373672491057615,8.989455539026513e-21,4
0.3110000000000002,0.00046119489466528,0.017499737210967026,-6.67815877829388e-20,0.04673168917116662,0.9847921355568166,-5.580239946918546e-19,0.17373672537907606,1.1103363029493385e-20,4
0.3120000000000002,0.0004620699272958625,0.0175005596298431,-6.793646575768069e-20,0.046731390324202385,0.9847921354768546,-5.52082753900274e-19,0.17373672583232436,9.345695700823368e-21,4
0.3130000000000002,0.0004629449585426106,0.017501382041727492,-6.911481822099088e-20,0.04673109146207472,0.9847921353994968,-5.454928004396386e-19,0.17373672627081174,8.1975771314008e-21,4
0.3140000000000002,0.000463819988449503,0.0175022044468677,-7.036258238888307e-20,0.04673079258533504,0.9847921353246594,-5.514267554731339e-19,0.17373672669501333,1.2421055847862086e-20,4
0.3150000000000002,0.00046469501705914473,0.017503026845502458,-7.164768239457038e-20,0.04673049369451469,0.984792135252261,-5.58227493015287e-19,0.17373672710538918,1.417865875511515e-20,4
0.3160000000000002,0.00046557004441281105,0.01750384923786205,-7.292913505504852e-20,0.04673019479012569,0.9847921351822231,-5.580656479522058e-19,0.17373672750238472,1.307271217585636e-20,4
0.3170000000000002,0.0004664450705504912,0.017504671624168616,-7.420566143230851e-20,0.04672989587266144,0.9847921351144697,-5.61427333095696e-19,0.17373672788643127,1.647520012120723e-20,4
0.3180000000000002,0.0004673200955109204,0.01750549400463642,-7.546626422821533e-20,0.04672959694259737,0.9847921350489272,-5.649326424691906e-19,0.17373672825794645,2.0471382507971445e-20,4
0.31900000000000023,0.00046819511933162387,0.01750631637947215,-7.673101895379727e-20,0.04672929800039165,0.984792134985524,-5.723183577558826e-19,0.17373672861733458,2.6418363703447885e-20,4
0.32000000000000023,0.00046907014204894897,0.017507138748875172,-7.800645528915667e-20,0.046728999046485746,0.9847921349241913,-5.858455909513646e-19,0.17373672896498712,3.387141645869296e-20,4
0.32100000000000023,0.0004699451636981068,0.017507961113037804,-7.929287610526773e-20,0.0467287000813051,0.9847921348648621,-5.932337200367878e-19,0.17373672930128306,4.22202680649689e-20,4
0.32200000000000023,0.00047082018431320337,0.01750878347214555,-8.05855507412473e-20,0.04672840110525966,0.9847921348074716,-5.944954447348749e-19,0.17373672962658934,4.806230022331437e-20,4
0.32300000000000023,0.0004716952039272731,0.017509605826377343,-8.187999058233629e-20,0.04672810211874446,0.9847921347519573,-5.821791837670879e-19,0.17373672994126121,5.236070215176555e-20,4
0.32400000000000023,0.0004725702225723166,0.017510428175905795,-8.319680548444848e-20,0.04672780312214018,0.9847921346982584,-5.760501993772344e-19,0.1737367302456426,5.737421968743116e-20,4
0.32500000000000023,0.00047344524027932266,0.017511250520897394,-8.451809484579996e-20,0.04672750411581363,0.9847921346463163,-5.6496189980718515e-19,0.1737367305400664,6.241993608504653e-20,4
0.32600000000000023,0.0004743202570783099,0.017512072861512743,-8.584213560215367e-20,0.04672720510011831,0.9847921345960741,-5.427801088968581e-19,0.1737367308248549,6.419306109040304e-20,4
0.32700000000000023,0.00047519527299835074,0.01751289519790676,-8.716045186145742e-20,0.04672690607539484,0.9847921345474766,-5.23549449593064e-19,0.1737367311003202,6.564735732796111e-20,4
0.32800000000000024,0.0004760702880676013,0.017513717530228876,-8.848068341070193e-20,0.04672660704197146,0.9847921345004707,-5.070526833636323e-19,0.1737367313667643,6.836461771568537e-20,4
0.32900000000000024,0.0004769453023133285,0.01751453985862323,-8.978326045988845e-20,0.04672630800016446,0.9847921344550046,-4.831290857349135e-19,0.17373673162447956,6.810669263606106e-20,4
0.33000000000000024,0.0004778203157619441,0.017515362183228866,-9.112947036180741e-20,0.04672600895027864,0.9847921344110285,-4.681911995952611e-19,0.17373673187374902,7.042188655433702e-20,4
0.33100000000000024,0.00047869532843902447,0.017516184504179903,-9.244459727547363e-20,0.046725709892607714,0.9847921343684941,-4.562811770737779e-19,0.17373673211484666,7.034690349161314e-20,4
0.33200000000000024,0.00047957034036933343,0.01751700682160571,-9.37574617686921e-20,0.046725410827434706,0.9847921343273546,-4.457344895910996e-19,0.1737367323480377,7.086354350698356e-20,4
0.33300000000000024,0.00048044535157685495,0.017517829135631074,-9.503905985493425e-20,0.046725111755032356,0.9847921342875647,-4.379827597801828e-19,0.17373673257357877,6.97428286208538e-20,4
0.33400000000000024,0.0004813203620848189,0.017518651446376377,-9.630619649880077e-20,0.046724812675663474,0.9847921342490806,-4.344371563251494e-19,0.1737367327917184,7.006173252416168e-20,4
0.33500000000000024,0.00048219537191571636,0.017519473753957727,-9.753437664404532e-20,0.04672451358958132,0.9847921342118598,-4.2097225238052884e-19,0.173736733002697,7.042836094190496e-20,4
0.33600000000000024,0.000483070381091325,0.01752029605848713,-9.873042501123959e-20,0.04672421449702994,0.9847921341758613,-3.920714815959124e-19,0.17373673320674746,7.047253259862619e-20,4
0.33700000000000024,0.00048394538963273325,0.01752111836007262,-9.991445811331257e-20,0.046723915398244505,0.9847921341410453,-3.754144258511083e-19,0.17373673340409498,7.458665455456527e-20,4
0.33800000000000024,0.0004848203975603612,0.017521940658818413,-1.01069195654896e-19,0.04672361629345164,0.9847921341073733,-3.4975675412902363e-19,0.17373673359495767,7.582180217715888e-20,4
0.33900000000000025,0.0004856954048939821,0.017522762954825032,-1.0220059546743612e-19,0.04672331718286972,0.9847921340748081,-3.299662711818278e-19,0.17373673377954657,7.64848360557485e-20,4
0.34000000000000025,0.0004865704116527399,0.017523585248189446,-1.0333278166959379e-19,0.046723018066709185,0.9847921340433138,-3.015626527474204e-19,0.17373673395806594,7.462561607590472e-20,4
0.34100000000000025,0.00048744541785517123,0.017524407539005186,-1.0443144284393819e-19,0.04672271894517282,0.9847921340128554,-2.7733196646302e-19,0.17373673413071347,7.508177868813665e-20,4
0.34200000000000025,0.0004883204235192226,0.017525229827362477,-1.0548557502568702e-19,0.04672241981845603,0.984792133983399,-2.52971386406798e-19,0.1737367342976805,7.541131440286223e-20,4
0.34300000000000025,0.0004891954286622715,0.01752605211334835,-1.0649907470872504e-19,0.04672212068674714,0.9847921339549123,-2.291413558386524e-19,0.1737367344591522,7.627396024475166e-20,4
0.34400000000000025,0.0004900704333011394,0.017526874397046747,-1.0747849196499057e-19,0.04672182155022759,0.9847921339273633,-2.12893590089566e-19,0.17373673461530775,7.755466814227409e-20,4
0.34500000000000025,0.0004909454374521132,0.017527696678538648,-1.0841536068275964e-19,0.04672152240907224,0.9847921339007216,-1.9926056553742465e-19,0.1737367347663206,8.108461000131787e-20,4
0.34600000000000025,0.0004918204411309646,0.017528518957902164,-1.0932777335194646e-19,0.0467212232634496,0.9847921338749577,-2.0452328487538612e-19,0.17373673491235853,8.765663864622306e-20,4
0.34700000000000025,0.0004926954443529564,0.017529341235212638,-1.1020546902887285e-19,0.04672092411352204,0.9847921338500427,-2.1536045456448718e-19,0.17373673505358397,9.658419762995804e-20,4
0.34800000000000025,0.0004935704471328702,0.017530163510542752,-1.110552861152034e-19,0.04672062495944604,0.9847921338259491,-2.1654293425937098e-19,0.17373673519015412,1.0297739513670227e-19,4
0.34900000000000025,0.0004944454494850111,0.01753098578396261,-1.1187547750337964e-19,0.04672032580137237,0.9847921338026498,-2.1518910643079704e-19,0.17373673532222103,1.0811476387945286e-19,4
0.35000000000000026,0.0004953204514232309,0.017531808055539833,-1.1268258680855933e-19,0.046720026639446334,0.9847921337801191,-2.1982254287690504e-19,0.1737367354499319,1.1724120732642516e-19,4
0.35100000000000026,0.0004961954529609352,0.01753263032533965,-1.1346388090632298e-19,0.04671972747380795,0.9847921337583317,-2.183684356059912e-19,0.17373673557342914,1.2535284302681172e-19,4
0.35200000000000026,0.0004970704541111058,0.017533452593424988,-1.1421400109436062e-19,0.04671942830459213,0.9847921337372635,-2.1224155179700715e-19,0.17373673569285056,1.3187739400526287e-19,4
0.35300000000000026,0.0004979454548863048,0.017534274859856536,-1.1494308187854557e-19,0.04671912913192891,0.9847921337168907,-1.9900038933323296e-19,0.1737367358083295,1.3688064681178586e-19,4
0.35400000000000026,0.0004988204552986938,0.01753509712469284,-1.1565835130159205e-19,0.04671882995594358,0.9847921336971907,-1.9876563844007477e-19,0.173736735919995,1.4326535535506688e-19,4
0.35500000000000026,0.0004996954553600479,0.017535919387990373,-1.1639698994416977e-19,0.04671853077675687,0.9847921336781414,-2.0343724296523064e-19,0.17373673602797193,1.512934141074043e-19,4
0.35600000000000026,0.0005005704550817608,0.01753674164980361,-1.1712768988434107e-19,0.04671823159448513,0.9847921336597216,-2.1276368462319643e-19,0.1737367361323811,1.5595896871151075e-19,4
0.35700000000000026,0.0005014454544748589,0.01753756391018509,-1.1784850839393258e-19,0.04671793240924048,0.9847921336419105,-2.2388497305836474e-19,0.1737367362333394,1.6171904880836124e-19,4
0.35800000000000026,0.0005023204535500249,0.017538386169185505,-1.18542321418119e-19,0.046717633221130955,0.9847921336246883,-2.2784703197868466e-19,0.17373673633095996,1.6658436191530376e-19,4
0.35900000000000026,0.0005031954523175882,0.017539208426853744,-1.1921662750230168e-19,0.046717334030260675,0.9847921336080356,-2.338390327001607e-19,0.17373673642535217,1.7125698051154352e-19,4
0.36000000000000026,0.00050407045078755,0.017540030683236965,-1.1989278618016297e-19,0.04671703483672997,0.9847921335919338,-2.4883563822230936e-19,0.17373673651662194,1.7711768783644483e-19,4
0.36100000000000027,0.0005049454489695928,0.017540852938380664,-1.2055122590811797e-19,0.04671673564063552,0.9847921335763649,-2.508397824893158e-19,0.1737367366048717,1.801753349032724e-19,4
0.36200000000000027,0.0005058204468730821,0.017541675192328715,-1.212110452805574e-19,0.04671643644207049,0.9847921335613111,-2.547231169382101e-19,0.1737367366902006,1.8320434183392445e-19,4
0.36300000000000027,0.0005066954445070909,0.01754249744512345,-1.2186544013166677e-19,0.04671613724112466,0.9847921335467558,-2.4554997359958143e-19,0.1737367367727045,1.8395726860542946e-19,4
0.36400000000000027,0.0005075704418803932,0.017543319696805695,-1.2252561005563146e-19,0.046715838037884545,0.9847921335326825,-2.4478306868754657e-19,0.17373673685247618,1.86135856655028e-19,4
0.36500000000000027,0.0005084454390014814,0.017544141947414833,-1.2318797833716602e-19,0.04671553883243352,0.9847921335190754,-2.4144641578964384e-19,0.1737367369296054,1.8692323585946586e-19,4
0.36600000000000027,0.0005093204358785773,0.017544964196988855,-1.238549635922903e-19,0.04671523962485192,0.9847921335059191,-2.4688645595274953e-19,0.17373673700417902,1.8810007673485606e-19,4
0.36700000000000027,0.0005101954325196371,0.017545786445564406,-1.2451765126358748e-19,0.04671494041521716,0.9847921334931988,-2.468512137947316e-19,0.17373673707628104,1.8874650643670096e-19,4
0.36800000000000027,0.0005110704289323598,0.017546608693176834,-1.2517604300330579e-19,0.046714641203603864,0.9847921334809003,-2.485793067490659e-19,0.17373673714599275,1.8922267084113531e-19,4
0.36900000000000027,0.0005119454251241932,0.01754743093986023,-1.2584112839566033e-19,0.04671434199008391,0.9847921334690096,-2.6180812295605037e-19,0.17373673721339275,1.9358730457354077e-19,4
0.3700000000000003,0.0005128204211023531,0.01754825318564749,-1.265086006768992e-19,0.04671404277472658,0.9847921334575134,-2.6616105581170846e-19,0.17373673727855715,1.964587761583095e-19,4
0.3710000000000003,0.0005136954168738123,0.017549075430570334,-1.2716768845233227e-19,0.046713743557598636,0.9847921334463985,-2.7607374311079127e-19,0.1737367373415595,1.9868401026394477e-19,4
0.3720000000000003,0.0005145704124453243,0.017549897674659365,-1.2784087050342067e-19,0.04671344433876442,0.9847921334356525,-2.9219918201915865e-19,0.17373673740247103,2.0410025066221157e-19,4
0.3730000000000003,0.0005154454078234215,0.0175507199179441,-1.285244215356456e-19,0.04671314511828592,0.9847921334252633,-3.01991112504702e-19,0.17373673746136056,2.0838439945806603e-19,4
0.3740000000000003,0.0005163204030144298,0.017551542160453012,-1.2921047136204667e-19,0.04671284589622288,0.984792133415219,-3.065519671658037e-19,0.17373673751829474,2.1154879401966964e-19,4
0.3750000000000003,0.0005171953980244665,0.01755236440221357,-1.299129671234034e-19,0.04671254667263288,0.9847921334055083,-3.073738620543437e-19,0.17373673757333802,2.1669633356942222e-19,4
0.3760000000000003,0.00051807039285945,0.017553186643252262,-1.3062075191009457e-19,0.046712247447571395,0.9847921333961202,-3.004431898948678e-19,0.1737367376265527,2.197788236303824e-19,4
0.3770000000000003,0.0005189453875251093,0.017554008883594648,-1.313381051854234e-19,0.04671194822109189,0.984792133387044,-2.9127128221650175e-19,0.1737367376779991,2.2177378218890095e-19,4
0.3780000000000003,0.0005198203820269893,0.017554831123265377,-1.3205736764045032e-19,0.04671164899324588,0.9847921333782694,-2.736209073737707e-19,0.17373673772773557,2.1896233318527676e-19,4
0.3790000000000003,0.0005206953763704548,0.017555653362288228,-1.3278939825162425e-19,0.04671134976408302,0.9847921333697867,-2.595009641218294e-19,0.1737367377758185,2.16937826905926e-19,4
0.3800000000000003,0.0005215703705606925,0.017556475600686135,-1.3351283748001844e-19,0.04671105053365114,0.984792133361586,-2.4308911317375837e-19,0.17373673782230248,2.130622821754868e-19,4
0.3810000000000003,0.0005224453646027282,0.017557297838481225,-1.342356524099277e-19,0.04671075130199635,0.9847921333536581,-2.294345965913776e-19,0.1737367378672403,2.0892846436601702e-19,4
0.3820000000000003,0.0005233203585014162,0.017558120075694836,-1.3494356379269731e-19,0.046710452069163085,0.9847921333459939,-2.1574141686583153e-19,0.17373673791068303,2.046334431242052e-19,4
0.3830000000000003,0.0005241953522614599,0.017558942312347555,-1.3562884501534965e-19,0.04671015283519415,0.9847921333385848,-1.937052474945235e-19,0.17373673795268005,1.98171335670295e-19,4
0.3840000000000003,0.0005250703458874069,0.017559764548459242,-1.363053769212071e-19,0.04670985360013081,0.9847921333314223,-1.6931438086034337e-19,0.17373673799327916,1.9385016788443783e-19,4
0.3850000000000003,0.0005259453393836598,0.017560586784049047,-1.3696094315265075e-19,0.04670955436401281,0.9847921333244983,-1.3336395004124062e-19,0.17373673803252654,1.8916965879750371e-19,4
0.3860000000000003,0.0005268203327544719,0.017561409019135447,-1.375953211124852e-19,0.046709255126878485,0.9847921333178049,-1.1142397874531358e-19,0.17373673807046688,1.8655850645268992e-19,4
0.3870000000000003,0.000527695326003965,0.017562231253736262,-1.3819731124702583e-19,0.04670895588876474,0.9847921333113344,-9.085011137479883e-20,0.17373673810714343,1.8366835062245674e-19,4
0.3880000000000003,0.0005285703191361237,0.017563053487868685,-1.3878143803900216e-19,0.04670865664970716,0.9847921333050795,-7.028995705224543e-20,0.173736738142598,1.7989462512950102e-19,4
0.3890000000000003,0.0005294453121548055,0.0175638757215493,-1.3934114515347673e-19,0.046708357409740026,0.9847921332990331,-5.665822013944563e-20,0.173736738176871,1.7822991937427383e-19,4
0.3900000000000003,0.0005303203050637387,0.0175646979547941,-1.398698579874701e-19,0.04670805816889639,0.9847921332931883,-4.929869151850921e-20,0.17373673821000155,1.7532024783992907e-19,4
0.3910000000000003,0.000531195297866533,0.017565520187618512,-1.4036227003401045e-19,0.046707758927208076,0.9847921332875382,-4.123317239594553e-20,0.17373673824202748,1.7275198731008064e-19,4
0.3920000000000003,0.0005320702905666802,0.017566342420037424,-1.408167559303207e-19,0.04670745968470578,0.9847921332820766,-3.653976181048124e-20,0.1737367382729854,1.7289337803793127e-19,4
0.3930000000000003,0.0005329452831675533,0.017567164652065186,-1.4125929439439937e-19,0.046707160441419066,0.9847921332767972,-3.469645445964083e-20,0.17373673830291067,1.739193853915286e-19,4
0.3940000000000003,0.0005338202756724246,0.01756798688371565,-1.4166184248581908e-19,0.04670686119737642,0.9847921332716939,-2.4743279345679808e-20,0.1737367383318375,1.741655256756668e-19,4
0.3950000000000003,0.0005346952680844528,0.017568809115002172,-1.4203751049261281e-19,0.046706561952605315,0.984792133266761,-1.2463471954132732e-20,0.173736738359799,1.7216058980662925e-19,4
0.3960000000000003,0.000535570260406697,0.01756963134593764,-1.4238174708619565e-19,0.0467062627071322,0.9847921332619927,5.936281488212797e-21,0.17373673838682716,1.6928244645984566e-19,4
0.3970000000000003,0.0005364452526421138,0.017570453576534476,-1.426915335077217e-19,0.046705963460982575,0.9847921332573836,2.1070599317916575e-20,0.17373673841295295,1.6758061751936464e-19,4
0.3980000000000003,0.0005373202447935669,0.017571275806804676,-1.4296315053554063e-19,0.046705664214181014,0.9847921332529284,4.486802660788474e-20,0.1737367384382063,1.630066030989237e-19,4
0.3990000000000003,0.0005381952368638192,0.017572098036759798,-1.4321209859046116e-19,0.0467053649667512,0.984792133248622,6.157320986919165e-20,0.17373673846261614,1.5849499757143128e-19,4
0.4000000000000003,0.0005390702288555526,0.017572920266411,-1.4343502769837522e-19,0.046705065718715945,0.9847921332444595,6.832690993789584e-20,0.1737367384862105,1.5537494473607412e-19,4
0.4010000000000003,0.0005399452207713561,0.01757374249576904,-1.4362441007148217e-19,0.04670476647009724,0.984792133240436,6.22586510818331e-20,0.17373673850901641,1.5374637530647544e-19,4
0.4020000000000003,0.0005408202126137307,0.017574564724844297,-1.4378196070343036e-19,0.046704467220916285,0.9847921332365471,6.254146045798635e-20,0.1737367385310601,1.5172245816347752e-19,4
0.4030000000000003,0.0005416952043851065,0.017575386953646785,-1.439181959701648e-19,0.04670416797119349,0.9847921332327882,6.40533435035236e-20,0.17373673855236682,1.49315183448306e-19,4
0.4040000000000003,0.0005425701960878231,0.017576209182186157,-1.4402027743096097e-19,0.04670386872094854,0.984792133229155,5.806459119047015e-20,0.17373673857296112,1.4820521499260814e-19,4
0.4050000000000003,0.0005434451877241489,0.017577031410471733,-1.4411141106408425e-19,0.0467035694702004,0.9847921332256433,4.8007525895873575e-20,0.17373673859286665,1.5232895500944926e-19,4
0.4060000000000003,0.0005443201792962758,0.017577853638512494,-1.4418478689455603e-19,0.04670327021896734,0.984792133222249,2.747041731805329e-20,0.1737367386121063,1.5615601906734421e-19,4
0.4070000000000003,0.0005451951708063279,0.01757867586631711,-1.4424530544866063e-19,0.04670297096726698,0.9847921332189683,9.436495565638889e-21,0.17373673863070224,1.5682205270260286e-19,4
0.4080000000000003,0.000546070162256354,0.01757949809389394,-1.4429821266987222e-19,0.04670267171511628,0.9847921332157974,2.182504261129646e-21,0.17373673864867584,1.540200278694225e-19,4
0.4090000000000003,0.0005469451536483429,0.01758032032125105,-1.4435434811602098e-19,0.046702372462531595,0.9847921332127326,2.220796203154883e-21,0.1737367386660478,1.4951861786206188e-19,4
0.4100000000000003,0.0005478201449842094,0.01758114254839622,-1.444162161680333e-19,0.0467020732095287,0.9847921332097704,1.198528040631339e-20,0.17373673868283818,1.446761851112871e-19,4
0.4110000000000003,0.0005486951362658095,0.017581964775336946,-1.4447623231728332e-19,0.046701773956122766,0.9847921332069075,2.4425088019332612e-20,0.17373673869906628,1.3730189913737359e-19,4
0.4120000000000003,0.0005495701274949422,0.017582787002080474,-1.4452573362171808e-19,0.04670147470232844,0.9847921332041404,3.739778574527016e-20,0.17373673871475087,1.311751553052029e-19,4
0.4130000000000003,0.0005504451186733422,0.017583609228633782,-1.4457574045746144e-19,0.04670117544815982,0.984792133201466,4.583616665814242e-20,0.17373673872991002,1.2491693731098437e-19,4
0.4140000000000003,0.0005513201098026916,0.01758443145500361,-1.4462303148797285e-19,0.0467008761936305,0.9847921331988813,4.720930534608202e-20,0.17373673874456122,1.1854118923926357e-19,4
0.4150000000000003,0.000552195100884612,0.017585253681196445,-1.4464845213431251e-19,0.04670057693875358,0.9847921331963831,4.8275525030850364e-20,0.17373673875872142,1.1433989078567173e-19,4
0.4160000000000003,0.0005530700919206753,0.01758607590721856,-1.4465949548958264e-19,0.04670027768354169,0.9847921331939687,6.115901976331048e-20,0.17373673877240697,1.0950533929777136e-19,4
0.4170000000000003,0.0005539450829124005,0.017586898133075998,-1.4467911319421979e-19,0.04669997842800698,0.9847921331916353,6.372477293887662e-20,0.17373673878563367,1.0529644052138439e-19,4
0.4180000000000003,0.0005548200738612563,0.017587720358774588,-1.446892474897481e-19,0.04669967917216118,0.9847921331893801,6.577753066409154e-20,0.17373673879841683,1.0185091123688748e-19,4
0.4190000000000003,0.0005556950647686672,0.017588542584319956,-1.4468714253691941e-19,0.04669937991601559,0.9847921331872005,5.930552809641045e-20,0.17373673881077126,1.0142996451936996e-19,4
0.4200000000000003,0.0005565700556360077,0.017589364809717525,-1.4467411944637217e-19,0.04669908065958108,0.9847921331850941,5.994833617114443e-20,0.17373673882271123,9.94115177686146e-20,4
0.4210000000000003,0.0005574450464646034,0.01759018703497253,-1.4464355167160978e-19,0.04669878140286816,0.9847921331830582,5.915781783833564e-20,0.1737367388342506,9.780310319520019e-20,4
0.4220000000000003,0.0005583200372557425,0.017591009260090013,-1.446169946070777e-19,0.04669848214588692,0.9847921331810908,6.34957300427567e-20,0.17373673884540267,9.538704979433689e-20,4
0.4230000000000003,0.0005591950280106647,0.017591831485074847,-1.445941113530423e-19,0.04669818288864712,0.9847921331791895,5.948582722915718e-20,0.1737367388561804,9.515216942205329e-20,4
0.4240000000000003,0.0005600700187305734,0.017592653709931728,-1.445597922974885e-19,0.04669788363115814,0.9847921331773519,6.640302845519484e-20,0.17373673886659632,9.117584559538858e-20,4
0.4250000000000003,0.0005609450094166339,0.017593475934665186,-1.445034841444343e-19,0.04669758437342903,0.984792133175576,7.869111791718675e-20,0.1737367388766625,8.727533825384057e-20,4
0.4260000000000003,0.0005618200000699679,0.01759429815927959,-1.444402541108804e-19,0.04669728511546851,0.9847921331738598,8.62262891737828e-20,0.17373673888639057,8.254027728896775e-20,4
0.4270000000000003,0.0005626949906916656,0.01759512038377916,-1.4435988124515474e-19,0.046696985857284976,0.9847921331722013,9.981260264460582e-20,0.1737367388957919,7.85729138439056e-20,4
0.4280000000000003,0.0005635699812827752,0.017595942608167957,-1.442764903239811e-19,0.04669668659888653,0.9847921331705984,1.159739571616855e-19,0.1737367389048773,7.42101367639736e-20,4
0.4290000000000003,0.0005644449718443133,0.0175967648324499,-1.4418053656196806e-19,0.046696387340280976,0.9847921331690495,1.2852826481891107e-19,0.17373673891365746,7.208637927273525e-20,4
0.4300000000000003,0.0005653199623772643,0.01759758705662878,-1.4407439541614433e-19,0.04669608808147583,0.9847921331675525,1.444068840159693e-19,0.17373673892214248,6.797130648839578e-20,4
0.4310000000000003,0.0005661949528825798,0.01759840928070824,-1.4394971025727088e-19,0.04669578882247834,0.9847921331661059,1.5887994208142825e-19,0.17373673893034228,6.462829065597301e-20,4
0.43200000000000033,0.0005670699433611764,0.017599231504691802,-1.4380648412328358e-19,0.046695489563295486,0.9847921331647079,1.682141461697282e-19,0.17373673893826638,6.460738636218843e-20,4
0.43300000000000033,0.0005679449338139458,0.01760005372858286,-1.43623232843239e-19,0.046695190303934,0.984792133163357,1.7476044049582323e-19,0.173736738945924,6.502092737962536e-20,4
0.43400000000000033,0.0005688199242417469,0.017600875952384694,-1.4340330018172493e-19,0.04669489104440037,0.9847921331620515,1.9467050469172204e-19,0.17373673895332406,6.379192069628868e-20,4
0.43500000000000033,0.000569694914645408,0.017601698176100456,-1.4316678669455005e-19,0.04669459178470084,0.98479213316079,2.0328838282682854e-19,0.17373673896047517,6.414010909275186e-20,4
0.43600000000000033,0.0005705699050257372,0.017602520399733198,-1.4291690351110653e-19,0.04669429252484143,0.9847921331595708,2.1410601462520232e-19,0.17373673896738567,6.364939235245034e-20,4
0.43700000000000033,0.0005714448953835073,0.017603342623285858,-1.4264335474420423e-19,0.04669399326482796,0.9847921331583926,2.1152662872767166e-19,0.1737367389740636,6.549554840581829e-20,4
0.43800000000000033,0.0005723198857194714,0.01760416484676127,-1.4236058300285325e-19,0.04669369400466601,0.9847921331572542,2.0474468340043473e-19,0.17373673898051678,6.692615250033159e-20,4
0.43900000000000033,0.0005731948760343578,0.017604987070162174,-1.4204716546318335e-19,0.046693394744360975,0.9847921331561541,1.9163013132388034e-19,0.1737367389867527,6.849223388725007e-20,4
0.44000000000000034,0.0005740698663288656,0.0176058092934912,-1.417269517973467e-19,0.04669309548391804,0.984792133155091,1.8014982883538542e-19,0.17373673899277867,7.140080544010664e-20,4
0.44100000000000034,0.0005749448566036779,0.0176066315167509,-1.4140048560268742e-19,0.04669279622334222,0.9847921331540637,1.6796088572685201e-19,0.17373673899860168,7.602889327911866e-20,4
0.44200000000000034,0.0005758198468594501,0.017607453739943726,-1.410779117077122e-19,0.04669249696263834,0.984792133153071,1.5754484426507058e-19,0.17373673900422856,8.24746361784556e-20,4
0.44300000000000034,0.0005766948370968156,0.017608275963072045,-1.4074175337483416e-19,0.04669219770181104,0.9847921331521118,1.3475128113008565e-19,0.17373673900966588,9.415567417726686e-20,4
0.44400000000000034,0.0005775698273163899,0.017609098186138143,-1.4041040102487422e-19,0.046691898440864806,0.9847921331511849,1.0186907300582325e-19,0.17373673901492,1.0891617325519064e-19,4
0.44500000000000034,0.0005784448175187635,0.01760992040914422,-1.400906626368884e-19,0.04669159917980396,0.9847921331502891,7.419324003936556e-20,0.17373673901999706,1.2230568519778372e-19,4
0.44600000000000034,0.0005793198077045137,0.0176107426320924,-1.3977440468562986e-19,0.04669129991863265,0.9847921331494236,4.84588965436867e-20,0.173736739024903,1.3357078602292028e-19,4
0.44700000000000034,0.0005801947978741953,0.01761156485498474,-1.394695255287333e-19,0.04669100065735489,0.9847921331485873,3.606591579329595e-20,0.17373673902964354,1.4204401070045918e-19,4
0.44800000000000034,0.0005810697880283449,0.01761238707782321,-1.391931831221911e-19,0.046690701395974546,0.9847921331477791,2.727344043548946e-20,0.17373673903422426,1.479029058437688e-19,4
0.44900000000000034,0.0005819447781674811,0.017613209300609722,-1.3894770114919748e-19,0.046690402134495344,0.9847921331469982,1.5660343612264973e-20,0.1737367390386505,1.5483031304412427e-19,4
0.45000000000000034,0.0005828197682921049,0.017614031523346115,-1.387190403840108e-19,0.04669010287292087,0.9847921331462437,1.0596497268991092e-20,0.17373673904292747,1.588618955220084e-19,4
0.45100000000000035,0.0005836947584027003,0.01761485374603416,-1.3851810833791154e-19,0.046689803611254584,0.9847921331455146,2.2499745728860928e-20,0.17373673904706016,1.5789764344433889e-19,4
0.45200000000000035,0.0005845697484997363,0.017615675968675575,-1.383431069354245e-19,0.04668950434949982,0.9847921331448102,2.3094458180907303e-20,0.1737367390510534,1.5881510156756778e-19,4
0.45300000000000035,0.0005854447385836652,0.017616498191272003,-1.3818025609237684e-19,0.04668920508765978,0.9847921331441295,3.051148840589032e-20,0.1737367390549119,1.6044145696463932e-19,4
0.45400000000000035,0.0005863197286549282,0.017617320413825042,-1.3804008956545563e-19,0.046688905825737564,0.9847921331434718,3.6108436108043514e-20,0.17373673905864018,1.603529729222615e-19,4
0.45500000000000035,0.0005871947187139458,0.017618142636336227,-1.3791755408641726e-19,0.046688606563736156,0.9847921331428363,4.9751133572966057e-20,0.1737367390622426,1.5985634120713166e-19,4
0.45600000000000035,0.0005880697087611308,0.01761896485880704,-1.377899704741957e-19,0.046688307301658426,0.9847921331422222,6.785745375715484e-20,0.1737367390657234,1.5776891267080149e-19,4
0.45700000000000035,0.0005889446987968771,0.017619787081238913,-1.3767107751731612e-19,0.04668800803950715,0.984792133141629,7.773766620209175e-20,0.17373673906908668,1.5733748571920655e-19,4
0.45800000000000035,0.0005898196888215678,0.01762060930363322,-1.3756075869497805e-19,0.046687708777284995,0.9847921331410556,8.888272183051355e-20,0.17373673907233636,1.542648265273004e-19,4
0.45900000000000035,0.000590694678835571,0.017621431525991296,-1.3744043086499366e-19,0.04668740951499453,0.9847921331405017,1.0436747782706329e-19,0.1737367390754763,1.4999858267668204e-19,4
0.46000000000000035,0.0005915696688392457,0.01762225374831442,-1.3731585963468317e-19,0.04668711025263824,0.9847921331399665,1.0547642547277153e-19,0.17373673907851014,1.473314173353196e-19,4
0.46100000000000035,0.0005924446588329371,0.01762307597060383,-1.3718224733035548e-19,0.046686810990218514,0.9847921331394494,1.0388407221591104e-19,0.1737367390814415,1.4715143330924907e-19,4
0.46200000000000035,0.0005933196488169812,0.01762389819286072,-1.3705463154403216e-19,0.04668651172773765,0.9847921331389496,8.330218634161499e-20,0.17373673908427378,1.4928640935323396e-19,4
0.46300000000000036,0.0005941946387917009,0.017624720415086243,-1.369241395034743e-19,0.046686212465197864,0.9847921331384668,6.649203171924151e-20,0.17373673908701034,1.4980831514569927e-19,4
0.46400000000000036,0.0005950696287574085,0.01762554263728151,-1.3672670610001627e-19,0.0466859132026013,0.9847921331380003,5.953342459166204e-20,0.1737367390896544,1.506913568462952e-19,4
0.46500000000000036,0.0005959446187144032,0.017626364859447588,-1.3652724555682812e-19,0.046685613939950014,0.9847921331375497,5.823142811123748e-20,0.17373673909220905,1.4899555255317038e-19,4
0.46600000000000036,0.0005968196086629813,0.017627187081585515,-1.363415645699807e-19,0.046685314677245994,0.9847921331371142,5.152397678469001e-20,0.17373673909467732,1.4690941324143596e-19,4
0.46700000000000036,0.0005976945986034233,0.017628009303696287,-1.3616511309279562e-19,0.04668501541449115,0.9847921331366934,4.1231180265704356e-20,0.17373673909706214,1.4515688063179608e-19,4
0.46800000000000036,0.0005985695885360009,0.017628831525780864,-1.3600075168235726e-19,0.04668471615168734,0.984792133136287,3.9147116774020293e-20,0.17373673909936627,1.4132180045230836e-19,4
0.46900000000000036,0.0005994445784609773,0.017629653747840174,-1.3585831232219578e-19,0.04668441688883632,0.9847921331358942,3.840535036817876e-20,0.17373673910159246,1.38655604917642e-19,4
0.47000000000000036,0.0006003195683786096,0.01763047596987511,-1.3572202202810825e-19,0.04668411762593982,0.9847921331355147,4.267985691798751e-20,0.17373673910374332,1.3448356676576626e-19,4
0.47100000000000036,0.0006011945582891426,0.017631298191886538,-1.3559397314080464e-19,0.04668381836299948,0.9847921331351481,4.7168327878212013e-20,0.1737367391058214,1.302750551775071e-19,4
0.47200000000000036,0.0006020695481928149,0.01763212041387529,-1.354734816297396e-19,0.0466835191000169,0.984792133134794,3.669999701371793e-20,0.17373673910782916,1.289806238017299e-19,4
0.47300000000000036,0.0006029445380898554,0.017632942635842166,-1.3536066340238903e-19,0.046683219836993604,0.9847921331344518,2.058183353818227e-20,0.17373673910976895,1.2856090786522576e-19,4
0.47400000000000037,0.0006038195279804914,0.017633764857787945,-1.3526342239428717e-19,0.04668292057393107,0.9847921331341212,-4.131429126131575e-21,0.17373673911164306,1.316193054805551e-19,4
0.47500000000000037,0.0006046945178649347,0.01763458707971337,-1.3519351890107316e-19,0.04668262131083073,0.9847921331338018,-3.604004770706463e-20,0.17373673911345372,1.3594377827693738e-19,4
0.47600000000000037,0.0006055695077433927,0.017635409301619165,-1.351506507165577e-19,0.046682322047693944,0.9847921331334931,-6.340335336452805e-20,0.17373673911520307,1.369012167093069e-19,4
0.47700000000000037,0.0006064444976160673,0.017636231523506022,-1.3513131252895824e-19,0.04668202278452204,0.9847921331331949,-9.841427595521212e-20,0.17373673911689316,1.3763699199742557e-19,4
0.47800000000000037,0.0006073194874831513,0.017637053745374612,-1.3514500965321477e-19,0.0466817235213163,0.9847921331329068,-1.2781777489521878e-19,0.17373673911852602,1.359988405790097e-19,4
0.47900000000000037,0.0006081944773448342,0.017637875967225585,-1.3519683767402663e-19,0.04668142425807794,0.9847921331326285,-1.6541841650074477e-19,0.17373673912010357,1.357026679196152e-19,4
0.48000000000000037,0.000609069467201296,0.01763869818905956,-1.3529056768989295e-19,0.04668112499480815,0.9847921331323596,-2.0867033088716335e-19,0.17373673912162765,1.3500589746709687e-19,4
0.48100000000000037,0.000609944457052715,0.017639520410877144,-1.3541819445040174e-19,0.046680825731508065,0.9847921331320998,-2.451244889006612e-19,0.1737367391231001,1.3334081488081633e-19,4
0.4820000000000004,0.0006108194468992581,0.017640342632678913,-1.3558600024408468e-19,0.04668052646817879,0.9847921331318489,-2.7152780373588174e-19,0.17373673912452262,1.3162547032455953e-19,4
0.4830000000000004,0.0006116944367410904,0.01764116485446543,-1.3579565445843668e-19,0.04668022720482138,0.9847921331316064,-2.867293265376644e-19,0.17373673912589693,1.280772863587053e-19,4
0.4840000000000004,0.0006125694265783708,0.017641987076237233,-1.3605458880692396e-19,0.046679927941436855,0.9847921331313721,-3.073735189524444e-19,0.17373673912722465,1.2532145642279998e-19,4
0.4850000000000004,0.0006134444164112489,0.017642809297994843,-1.3637124951057498e-19,0.046679628678026205,0.9847921331311459,-3.288619591641446e-19,0.17373673912850734,1.223103091288839e-19,4
0.4860000000000004,0.000614319406239878,0.017643631519738766,-1.367400208425473e-19,0.046679329414590374,0.9847921331309273,-3.3437755572461654e-19,0.17373673912974655,1.1653654820129232e-19,4
0.4870000000000004,0.0006151943960643979,0.017644453741469484,-1.371537448526349e-19,0.04667903015113028,0.9847921331307161,-3.429089031055844e-19,0.1737367391309437,1.1146174017822337e-19,4
0.4880000000000004,0.0006160693858849464,0.017645275963187462,-1.3761379106171215e-19,0.04667873088764679,0.9847921331305121,-3.353451095221524e-19,0.17373673913210025,1.0382596977098594e-19,4
0.4890000000000004,0.0006169443757016589,0.017646098184893155,-1.3811177904158068e-19,0.046678431624140766,0.984792133130315,-3.2771973765164424e-19,0.17373673913321758,9.847194709126435e-20,4
0.4900000000000004,0.0006178193655146651,0.017646920406586997,-1.386272451203081e-19,0.046678132360613016,0.9847921331301246,-3.171124971244558e-19,0.173736739134297,9.259615867205473e-20,4
0.4910000000000004,0.0006186943553240866,0.017647742628269406,-1.3916387004610264e-19,0.04667783309706434,0.9847921331299406,-2.982054106493991e-19,0.17373673913533977,8.343226051476646e-20,4
0.4920000000000004,0.0006195693451300485,0.01764856484994079,-1.3973025513299511e-19,0.04667753383349548,0.9847921331297629,-2.857086825603878e-19,0.17373673913634716,7.664645359467564e-20,4
0.4930000000000004,0.0006204443349326644,0.017649387071601536,-1.40351543889201e-19,0.04667723456990718,0.9847921331295912,-2.814269188570363e-19,0.17373673913732035,6.992085285607518e-20,4
0.4940000000000004,0.0006213193247320476,0.017650209293252023,-1.4097205957534059e-19,0.04667693530630015,0.9847921331294254,-2.6014733887248036e-19,0.1737367391382605,6.015004781709434e-20,4
0.4950000000000004,0.0006221943145283046,0.017651031514892612,-1.4159674918941406e-19,0.04667663604267506,0.9847921331292652,-2.458394614953986e-19,0.1737367391391687,5.2097232635667634e-20,4
0.4960000000000004,0.0006230693043215449,0.017651853736523657,-1.4221074070630854e-19,0.046676336779032566,0.9847921331291104,-2.267479278612299e-19,0.1737367391400461,4.295475430800064e-20,4
0.4970000000000004,0.0006239442941118686,0.017652675958145493,-1.4286606846795428e-19,0.0466760375153733,0.9847921331289609,-2.212031010058954e-19,0.1737367391408937,3.8069861136526666e-20,4
0.4980000000000004,0.0006248192838993735,0.017653498179758448,-1.4350794757830032e-19,0.04667573825169788,0.9847921331288164,-2.2357043385673397e-19,0.17373673914171248,3.3178181195134614e-20,4
0.4990000000000004,0.0006256942736841537,0.017654320401362833,-1.4414524811669594e-19,0.04667543898800688,0.9847921331286769,-2.2764984002482906e-19,0.17373673914250345,3.043101963327733e-20,4
0.5000000000000003,0.0006265692634663037,0.017655142622958954,-1.4478220753177985e-19,0.04667513972430086,0.9847921331285421,-2.38518365064497e-19,0.17373673914326757,3.0835869291346236e-20,4
0.5010000000000003,0.0006274442532459131,0.017655964844547106,-1.4541226754432231e-19,0.046674840460580375,0.9847921331284119,-2.4692680953691597e-19,0.1737367391440057,3.3892321336912603e-20,4
0.5020000000000003,0.0006283192430230657,0.01765678706612757,-1.4602660630385685e-19,0.04667454119684595,0.9847921331282861,-2.540402031990605e-19,0.17373673914471877,3.5192564955756723e-20,4
0.5030000000000003,0.0006291942327978427,0.017657609287700615,-1.4664477891620328e-19,0.04667424193309809,0.9847921331281645,-2.6762253390628683e-19,0.17373673914540758,3.8468575408532316e-20,4
0.5040000000000003,0.0006300692225703255,0.017658431509266506,-1.472651140761248e-19,0.04667394266933728,0.9847921331280471,-2.780240597602433e-19,0.173736739146073,4.022736240526558e-20,4
0.5050000000000003,0.0006309442123405933,0.017659253730825497,-1.47888666228163e-19,0.04667364340556399,0.9847921331279338,-2.8815927551184554e-19,0.17373673914671578,4.021204338911905e-20,4
0.5060000000000003,0.0006318192021087174,0.01766007595237783,-1.4852517652286143e-19,0.04667334414177868,0.9847921331278242,-2.8802000557266707e-19,0.1737367391473367,3.8136350308922765e-20,4
0.5070000000000003,0.0006326941918747727,0.01766089817392374,-1.4915503702473648e-19,0.04667304487798177,0.9847921331277184,-2.780989589157951e-19,0.1737367391479365,3.779256983775295e-20,4
0.5080000000000003,0.000633569181638827,0.01766172039546346,-1.4979190761535565e-19,0.04667274561417369,0.9847921331276162,-2.6888223742947203e-19,0.17373673914851592,3.578322962809297e-20,4
0.5090000000000003,0.0006344441714009505,0.017662542616997203,-1.5043808405845674e-19,0.04667244635035485,0.9847921331275175,-2.608884135273911e-19,0.17373673914907561,3.417675704599865e-20,4
0.5100000000000003,0.0006353191611612067,0.017663364838525184,-1.5107189555960808e-19,0.04667214708652563,0.9847921331274221,-2.392620123911612e-19,0.17373673914961626,3.352281412401e-20,4
0.5110000000000003,0.00063619415091966,0.017664187060047607,-1.5169413610528993e-19,0.046671847822686414,0.9847921331273299,-2.056039596696164e-19,0.17373673915013854,2.931658705267331e-20,4
0.5120000000000003,0.0006370691406763727,0.01766500928156467,-1.523057533139161e-19,0.04667154855883756,0.9847921331272409,-1.704202799469283e-19,0.17373673915064303,2.7464938069707614e-20,4
0.5130000000000003,0.0006379441304313997,0.01766583150307656,-1.5290323441387685e-19,0.04667124929497942,0.984792133127155,-1.443127647732589e-19,0.17373673915113036,2.9912773728145174e-20,4
0.5140000000000003,0.0006388191201848,0.01766665372458346,-1.5347590155856798e-19,0.04667095003111233,0.9847921331270719,-1.1515388597700742e-19,0.1737367391516011,3.0964234358322663e-20,4
0.5150000000000003,0.0006396941099366285,0.01766747594608555,-1.540250055468829e-19,0.046670650767236616,0.9847921331269917,-9.698313701402521e-20,0.1737367391520558,3.2250416179229196e-20,4
0.5160000000000003,0.0006405690996869378,0.017668298167582995,-1.5453673971322182e-19,0.04667035150335259,0.9847921331269142,-8.505409079220576e-20,0.17373673915249505,3.3506061233890206e-20,4
0.5170000000000003,0.0006414440894357771,0.017669120389075962,-1.5501769816339284e-19,0.04667005223946055,0.9847921331268393,-8.771842991538605e-20,0.17373673915291932,3.8989712263094684e-20,4
0.5180000000000003,0.0006423190791832018,0.017669942610564614,-1.5548765178366255e-19,0.046669752975560794,0.984792133126767,-8.319141325021759e-20,0.17373673915332916,4.358962274743742e-20,4
0.5190000000000003,0.0006431940689292552,0.0176707648320491,-1.559322669252093e-19,0.0466694537116536,0.9847921331266972,-7.159742038506256e-20,0.17373673915372503,4.648201637744835e-20,4
0.5200000000000004,0.0006440690586739873,0.017671587053529565,-1.5633524941552595e-19,0.046669154447739225,0.9847921331266297,-6.068575418640686e-20,0.17373673915410742,4.970536932677442e-20,4
0.5210000000000004,0.0006449440484174358,0.017672409275006153,-1.5671010824576317e-19,0.04666885518381795,0.9847921331265646,-4.6283098137365274e-20,0.1737367391544768,5.386631241408115e-20,4
0.5220000000000004,0.0006458190381596514,0.017673231496479005,-1.5706042904175889e-19,0.04666855591989001,0.9847921331265016,-5.20551510147512e-20,0.1737367391548336,6.088934831705998e-20,4
0.5230000000000004,0.0006466940279006716,0.017674053717948248,-1.5739791752294055e-19,0.046668256655955656,0.9847921331264408,-5.998618104413096e-20,0.17373673915517823,6.699922245165395e-20,4
0.5240000000000004,0.000647569017640542,0.017674875939414015,-1.5770862886039444e-19,0.04666795739201511,0.984792133126382,-7.81584480318314e-20,0.1737367391555111,7.492731909114488e-20,4
0.5250000000000004,0.0006484440073792952,0.017675698160876423,-1.580056638734597e-19,0.046667658128068605,0.9847921331263253,-1.01369611758903e-19,0.17373673915583265,8.37930738451805e-20,4
0.5260000000000004,0.0006493189971169748,0.0176765203823356,-1.5829852449487383e-19,0.046667358864116354,0.9847921331262705,-1.1698126632004383e-19,0.17373673915614324,8.988699962890728e-20,4
0.5270000000000004,0.0006501939868536141,0.01767734260379165,-1.5864835868396952e-19,0.046667059600158566,0.9847921331262175,-1.3113877263753705e-19,0.17373673915644322,9.922966338224879e-20,4
0.5280000000000004,0.0006510689765892486,0.01767816482524469,-1.5900332764911948e-19,0.04666676033619544,0.9847921331261664,-1.6024792401963927e-19,0.173736739156733,1.1186805398873276e-19,4
0.5290000000000004,0.0006519439663239096,0.017678987046694825,-1.5936526800699842e-19,0.046666461072227175,0.984792133126117,-1.8677853266269829e-19,0.17373673915701288,1.2488335502381725e-19,4
0.5300000000000004,0.000652818956057634,0.01767980926814216,-1.5972864487812675e-19,0.046666161808253954,0.9847921331260693,-2.09834617384003e-19,0.17373673915728322,1.356181755037103e-19,4
0.5310000000000004,0.000653693945790454,0.01768063148958679,-1.6016284846764625e-19,0.04666586254427595,0.9847921331260232,-2.2012275688722684e-19,0.17373673915754434,1.4123933285247448e-19,4
0.5320000000000004,0.0006545689355223957,0.017681453711028812,-1.6060588298178013e-19,0.04666556328029335,0.9847921331259787,-2.2083750663932537e-19,0.17373673915779655,1.4132815544237533e-19,4
0.5330000000000004,0.0006554439252534925,0.01768227593246832,-1.6105639644126085e-19,0.04666526401630631,0.9847921331259357,-2.3015756788217927e-19,0.17373673915804017,1.443761404000501e-19,4
0.5340000000000004,0.0006563189149837726,0.0176830981539054,-1.6151466279026433e-19,0.04666496475231499,0.9847921331258942,-2.3877546427653237e-19,0.17373673915827548,1.4458829737499743e-19,4
0.5350000000000004,0.0006571939047132648,0.017683920375340143,-1.6197924726328095e-19,0.04666466548831955,0.9847921331258541,-2.4004503969134237e-19,0.17373673915850274,1.4523101143213255e-19,4
0.5360000000000004,0.0006580688944419923,0.017684742596772628,-1.6245588570406968e-19,0.046664366224320145,0.9847921331258154,-2.355900963042437e-19,0.17373673915872226,1.453223552650033e-19,4
0.5370000000000004,0.0006589438841699855,0.017685564818202937,-1.6294017121113476e-19,0.046664066960316906,0.984792133125778,-2.193207373562666e-19,0.17373673915893428,1.425943348052338e-19,4
0.5380000000000004,0.0006598188738972632,0.017686387039631143,-1.6342460625521931e-19,0.046663767696309984,0.9847921331257419,-2.0789428744616994e-19,0.17373673915913906,1.3977414682598555e-19,4
0.5390000000000004,0.0006606938636238578,0.017687209261057327,-1.6393065438491356e-19,0.0466634684322995,0.984792133125707,-2.0460812276127083e-19,0.17373673915933688,1.3994260338427593e-19,4
0.5400000000000004,0.0006615688533497836,0.017688031482481555,-1.6443464464509118e-19,0.0466631691682856,0.9847921331256733,-1.9658993737307424e-19,0.17373673915952792,1.3702381414473543e-19,4
0.5410000000000004,0.0006624438430750687,0.017688853703903898,-1.6492950095553137e-19,0.04666286990426839,0.9847921331256407,-1.9046140178801367e-19,0.17373673915971244,1.3250942872586739e-19,4
0.5420000000000004,0.0006633188327997349,0.017689675925324423,-1.6543032474571674e-19,0.046662570640248,0.9847921331256093,-1.8217368349608394e-19,0.17373673915989066,1.2691596386702407e-19,4
0.5430000000000004,0.0006641938225238034,0.017690498146743196,-1.659351504524079e-19,0.04666227137622454,0.9847921331255789,-1.760107224058683e-19,0.1737367391600628,1.2099910476321996e-19,4
0.5440000000000004,0.0006650688122472922,0.017691320368160277,-1.664470361029319e-19,0.04666197211219813,0.9847921331255496,-1.7996319587258212e-19,0.17373673916022905,1.1708878506034242e-19,4
0.5450000000000004,0.0006659438019702216,0.017692142589575726,-1.6699881222270722e-19,0.04666167284816887,0.9847921331255213,-1.8630057444899276e-19,0.17373673916038965,1.1188128413273584e-19,4
0.5460000000000004,0.0006668187916926107,0.0176929648109896,-1.675396191331381e-19,0.04666137358413686,0.984792133125494,-1.8495385060300164e-19,0.17373673916054475,1.0719363774441881e-19,4
0.5470000000000004,0.0006676937814144793,0.01769378703240196,-1.6806722256993672e-19,0.04666107432010221,0.9847921331254675,-1.7907898968843513e-19,0.17373673916069454,1.0100857833739779e-19,4
0.5480000000000004,0.0006685687711358453,0.017694609253812853,-1.6858920005963846e-19,0.04666077505606501,0.984792133125442,-1.7520432541268907e-19,0.17373673916083923,9.447775981968552e-20,4
0.5490000000000004,0.0006694437608567247,0.017695431475222335,-1.6910352446246632e-19,0.04666047579202535,0.9847921331254174,-1.5938352823513185e-19,0.17373673916097898,8.679436714960575e-20,4
0.5500000000000004,0.000670318750577132,0.017696253696630453,-1.6961715003458397e-19,0.04666017652798332,0.9847921331253936,-1.411448719995208e-19,0.17373673916111393,7.865717834148133e-20,4
0.5510000000000004,0.0006711937402970845,0.017697075918037257,-1.7012298056522639e-19,0.04665987726393901,0.9847921331253706,-1.3069553741994634e-19,0.17373673916124427,7.161810489842897e-20,4
0.5520000000000004,0.0006720687300165994,0.017697898139442794,-1.7061774134754015e-19,0.0466595779998925,0.9847921331253484,-1.2551517327469827e-19,0.17373673916137017,6.565520654373478e-20,4
0.5530000000000004,0.0006729437197356896,0.017698720360847107,-1.7110903896596931e-19,0.04665927873584387,0.984792133125327,-1.1654570764347176e-19,0.17373673916149177,6.089884027981803e-20,4
0.5540000000000004,0.000673818709454369,0.01769954258225024,-1.7158663104934063e-19,0.0466589794717932,0.9847921331253062,-1.0318769882425443e-19,0.1737367391616092,5.826271165005798e-20,4
0.5550000000000004,0.0006746936991726532,0.017700364803652235,-1.7203399711956935e-19,0.046658680207740555,0.9847921331252862,-7.495081218151846e-20,0.1737367391617226,5.449116927482364e-20,4
0.5560000000000004,0.000675568688890555,0.017701187025053133,-1.7244764754731286e-19,0.04665838094368602,0.9847921331252669,-3.001962489580272e-20,0.17373673916183216,5.056955916481699e-20,4
0.5570000000000004,0.0006764436786080891,0.017702009246452974,-1.7283904732922924e-19,0.04665808167962965,0.9847921331252483,1.2091616552716972e-20,0.17373673916193796,4.5215354751673155e-20,4
0.5580000000000004,0.0006773186683252673,0.017702831467851794,-1.7319630925767168e-19,0.046657782415571517,0.9847921331252303,4.3200915279474525e-20,0.17373673916204013,4.056152797132803e-20,4
0.5590000000000004,0.0006781936580421011,0.01770365368924963,-1.7352236565346505e-19,0.046657483151511685,0.9847921331252129,7.077575786205692e-20,0.1737367391621388,3.8461439277136986e-20,4
0.5600000000000004,0.0006790686477586017,0.017704475910646514,-1.7381268148896699e-19,0.046657183887450215,0.9847921331251961,1.0287998351394344e-19,0.17373673916223412,3.5764076152286655e-20,4
0.5610000000000004,0.0006799436374747803,0.017705298132042482,-1.7405412047227044e-19,0.04665688462338717,0.9847921331251799,1.2000124138503557e-19,0.17373673916232615,3.446956745425635e-20,4
0.5620000000000004,0.0006808186271906473,0.017706120353437566,-1.7424659075456091e-19,0.04665658535932261,0.9847921331251642,1.3199745915970842e-19,0.17373673916241505,3.178191841905443e-20,4
0.5630000000000004,0.0006816936169062155,0.017706942574831797,-1.7439444979096357e-19,0.04665628609525657,0.9847921331251491,1.3405805287769807e-19,0.1737367391625009,2.901000666812634e-20,4
0.5640000000000004,0.0006825686066214927,0.017707764796225205,-1.7450056887957453e-19,0.04665598683118913,0.9847921331251345,1.3299111018093554e-19,0.1737367391625838,2.562432720279773e-20,4
0.5650000000000004,0.0006834435963364917,0.01770858701761782,-1.7457038706441013e-19,0.046655687567120324,0.9847921331251204,1.321519564410857e-19,0.17373673916266388,2.3569553083459543e-20,4
0.5660000000000004,0.0006843185860512188,0.017709409239009672,-1.7459873741563967e-19,0.04665538830305021,0.9847921331251067,1.3620029062421811e-19,0.1737367391627412,2.1252913385727964e-20,4
0.5670000000000004,0.0006851935757656857,0.017710231460400783,-1.7458729539868703e-19,0.046655089038978824,0.9847921331250935,1.401044426328086e-19,0.1737367391628159,1.7622309787472745e-20,4
0.5680000000000004,0.0006860685654798997,0.017711053681791183,-1.7454597906426694e-19,0.046654789774906225,0.9847921331250807,1.3304824179549416e-19,0.17373673916288804,1.528193449528824e-20,4
0.5690000000000004,0.0006869435551938693,0.017711875903180897,-1.7447537868479377e-19,0.04665449051083245,0.9847921331250684,1.255718897096858e-19,0.1737367391629577,1.0930042719547961e-20,4
0.5700000000000004,0.0006878185449076052,0.017712698124569947,-1.7438147480483681e-19,0.04665419124675754,0.9847921331250565,1.2777799016254584e-19,0.17373673916302498,3.7291107363340296e-21,4
0.5710000000000004,0.0006886935346211139,0.01771352034595836,-1.742706761431418e-19,0.04665389198268154,0.9847921331250451,1.2670412575108605e-19,0.17373673916308996,-6.518986542686587e-22,4
0.5720000000000004,0.0006895685243344039,0.017714342567346157,-1.7414720237447487e-19,0.046653592718604496,0.984792133125034,1.2092603692412448e-19,0.17373673916315271,-4.286881935134814e-21,4
0.5730000000000004,0.0006904435140474797,0.01771516478873336,-1.7399765391900398e-19,0.046653293454526436,0.9847921331250233,1.1191794504616873e-19,0.1737367391632133,-6.839134289198448e-21,4
0.5740000000000004,0.0006913185037603521,0.017715987010119987,-1.7382554020194964e-19,0.0466529941904474,0.984792133125013,1.2352504059650144e-19,0.17373673916327184,-1.2900760955465272e-20,4
0.5750000000000004,0.0006921934934730258,0.01771680923150606,-1.7362525401303118e-19,0.046652694926367415,0.984792133125003,1.4226050785827987e-19,0.17373673916332835,-1.9072874454320684e-20,4
0.5760000000000004,0.000693068483185509,0.017717631452891604,-1.7341802240058546e-19,0.04665239566228653,0.9847921331249934,1.608408116148834e-19,0.17373673916338295,-2.2590817189432674e-20,4
0.5770000000000004,0.0006939434728978056,0.01771845367427663,-1.7318934735165816e-19,0.04665209639820477,0.984792133124984,1.8114172907401285e-19,0.17373673916343566,-2.4593622825860714e-20,4
0.5780000000000004,0.0006948184626099256,0.01771927589566116,-1.7295341247541065e-19,0.04665179713412217,0.984792133124975,2.012637986647405e-19,0.17373673916348656,-2.689736641102333e-20,4
0.5790000000000004,0.0006956934523218731,0.01772009811704521,-1.726788395107423e-19,0.04665149787003875,0.9847921331249664,2.324346585207214e-19,0.17373673916353571,-3.046328085926305e-20,4
0.5800000000000004,0.0006965684420336553,0.0177209203384288,-1.72369591999532e-19,0.04665119860595455,0.9847921331249581,2.582266103116183e-19,0.17373673916358318,-3.450698660953878e-20,4
0.5810000000000004,0.0006974434317452765,0.017721742559811945,-1.7202292602053157e-19,0.0466508993418696,0.98479213312495,2.865336946330283e-19,0.17373673916362903,-3.7635776024383773e-20,4
0.5820000000000004,0.0006983184214567426,0.01772256478119466,-1.7164985437140937e-19,0.04665060007778392,0.9847921331249422,2.983465074037561e-19,0.1737367391636733,-3.759028911144012e-20,4
0.5830000000000004,0.0006991934111680573,0.01772338700257696,-1.712393146313268e-19,0.04665030081369754,0.9847921331249346,3.088201282435424e-19,0.17373673916371607,-3.904580589212323e-20,4
0.5840000000000004,0.0007000684008792271,0.01772420922395886,-1.7080566020679004e-19,0.046650001549610486,0.9847921331249273,3.139734047702773e-19,0.17373673916375737,-4.0914577328586675e-20,4
0.5850000000000004,0.0007009433905902581,0.017725031445340374,-1.7033585108244001e-19,0.04664970228552278,0.9847921331249203,3.222348239426059e-19,0.17373673916379725,-4.387539709420883e-20,4
0.5860000000000004,0.0007018183803011564,0.017725853666721518,-1.6984818080542721e-19,0.046649403021434444,0.9847921331249135,3.1621926592333696e-19,0.17373673916383575,-4.3132726576320594e-20,4
0.5870000000000004,0.000702693370011922,0.0177266758881023,-1.6933074768174577e-19,0.0466491037573455,0.984792133124907,3.259657768942281e-19,0.17373673916387294,-4.325266745077097e-20,4
0.5880000000000004,0.0007035683597225609,0.017727498109482737,-1.6879122184149824e-19,0.04664880449325598,0.9847921331249007,3.3769054711766646e-19,0.17373673916390886,-4.207667201754582e-20,4
0.5890000000000004,0.0007044433494330792,0.01772832033086284,-1.6822816869512768e-19,0.046648505229165894,0.9847921331248946,3.5078753015872015e-19,0.17373673916394355,-4.041810770230588e-20,4
0.5900000000000004,0.0007053183391434793,0.01772914255224262,-1.6765992465602507e-19,0.04664820596507527,0.9847921331248887,3.5392265931983326e-19,0.17373673916397706,-3.7048152061524396e-20,4
0.5910000000000004,0.0007061933288537672,0.01772996477362209,-1.670720421889233e-19,0.04664790670098412,0.984792133124883,3.5161805014428577e-19,0.1737367391640094,-3.047677139418359e-20,4
0.5920000000000004,0.0007070683185639424,0.01773078699500126,-1.6647516820529794e-19,0.046647607436892474,0.9847921331248775,3.42721203458872e-19,0.17373673916404062,-2.28876471992747e-20,4
0.5930000000000004,0.0007079433082740131,0.017731609216380142,-1.6586430121058066e-19,0.04664730817280034,0.9847921331248721,3.2408345728321014e-19,0.17373673916407079,-1.2395163667454224e-20,4
0.5940000000000004,0.000708818297983982,0.017732431437758746,-1.6524400218201516e-19,0.046647008908707745,0.984792133124867,3.042915740501782e-19,0.1737367391640999,-4.319046157561942e-21,4
0.5950000000000004,0.0007096932876938509,0.01773325365913708,-1.6459894615715738e-19,0.046646709644614696,0.984792133124862,2.9838031475997394e-19,0.17373673916412802,-1.4857004769971623e-21,4
0.5960000000000004,0.0007105682774036223,0.017734075880515152,-1.6393850751298014e-19,0.04664641038052122,0.9847921331248572,3.059256560857834e-19,0.1737367391641552,-2.7633989689545903e-21,4
0.5970000000000004,0.0007114432671133039,0.017734898101892976,-1.6328510186775411e-19,0.046646111116427316,0.9847921331248526,3.0325147284795677e-19,0.17373673916418142,-3.5524298785579214e-21,4
0.5980000000000004,0.000712318256822898,0.01773572032327056,-1.6261383981882486e-19,0.04664581185233301,0.9847921331248481,3.060715028903723e-19,0.17373673916420676,-5.431482253333565e-21,4
0.5990000000000004,0.0007131932465324067,0.01773654254464791,-1.6193518146837298e-19,0.04664551258823832,0.9847921331248438,3.1464442330201356e-19,0.1737367391642312,-7.986026976628082e-21,4
0.6000000000000004,0.0007140682362418316,0.017737364766025037,-1.612706818005419e-19,0.04664521332414325,0.9847921331248396,3.1110349740479544e-19,0.17373673916425483,-1.0600584847531338e-20,4
0.6010000000000004,0.0007149432259511745,0.017738186987401944,-1.6059838937491248e-19,0.046644914060047823,0.9847921331248356,3.12081962320278e-19,0.17373673916427765,-1.4767293460221055e-20,4
0.6020000000000004,0.0007158182156604406,0.017739009208778644,-1.599243972504886e-19,0.04664461479595205,0.9847921331248317,3.0900786213609906e-19,0.17373673916429969,-1.7282827499338398e-20,4
0.6030000000000004,0.0007166932053696313,0.01773983143015514,-1.592274995259291e-19,0.04664431553185594,0.9847921331248279,3.193558002524742e-19,0.17373673916432095,-2.0384514286774382e-20,4
0.6040000000000004,0.0007175681950787488,0.017740653651531445,-1.585367948369789e-19,0.04664401626775951,0.9847921331248243,3.1740704647962165e-19,0.17373673916434149,-1.9497663090237063e-20,4
0.6050000000000004,0.0007184431847877969,0.017741475872907562,-1.57845116811522e-19,0.04664371700366277,0.9847921331248207,3.134862699633717e-19,0.17373673916436133,-1.7612813124242557e-20,4
0.6060000000000004,0.0007193181744967799,0.017742298094283498,-1.571448862354499e-19,0.04664341773956573,0.9847921331248174,3.101587183618373e-19,0.17373673916438048,-1.5431285068907053e-20,4
0.6070000000000004,0.0007201931642056972,0.01774312031565926,-1.564355524541836e-19,0.0466431184754684,0.9847921331248142,3.0076272646889675e-19,0.17373673916439897,-1.050953129506417e-20,4
0.6080000000000004,0.0007210681539145498,0.017743942537034853,-1.5573718670024008e-19,0.04664281921137079,0.9847921331248111,2.872098214212161e-19,0.17373673916441681,-4.166902634884055e-21,4
0.6090000000000004,0.0007219431436233416,0.017744764758410282,-1.5504661428294977e-19,0.04664251994727291,0.9847921331248081,2.725901990217259e-19,0.17373673916443405,1.646546435104131e-21,4
0.6100000000000004,0.0007228181333320745,0.017745586979785555,-1.5435731622838362e-19,0.04664222068317478,0.9847921331248052,2.6758884711778075e-19,0.1737367391644507,4.797011761419054e-21,4
0.6110000000000004,0.0007236931230407527,0.01774640920116068,-1.5366758990513598e-19,0.046641921419076394,0.9847921331248023,2.62294853663113e-19,0.17373673916446677,6.7223863221853466e-21,4
0.6120000000000004,0.000724568112749377,0.017747231422535658,-1.5297910975583492e-19,0.04664162215497777,0.9847921331247995,2.564032738243033e-19,0.1737367391644823,8.421216775976875e-21,4
0.6130000000000004,0.000725443102457946,0.017748053643910494,-1.5230366585925552e-19,0.04664132289087891,0.9847921331247969,2.5482022203209964e-19,0.17373673916449728,1.0719027584707126e-20,4
0.6140000000000004,0.0007263180921664637,0.017748875865285195,-1.5164193826348992e-19,0.04664102362677983,0.9847921331247943,2.631008766529083e-19,0.17373673916451177,1.2175631469416876e-20,4
0.6150000000000004,0.0007271930818749312,0.017749698086659764,-1.5096533932279103e-19,0.04664072436268054,0.9847921331247919,2.7564612732630436e-19,0.17373673916452576,1.0856877719042058e-20,4
0.6160000000000004,0.0007280680715833524,0.017750520308034208,-1.5029108964652653e-19,0.04664042509858104,0.9847921331247895,2.96634707264066e-19,0.17373673916453924,6.908477578475613e-21,4
0.6170000000000004,0.0007289430612917284,0.01775134252940853,-1.496191088371608e-19,0.046640125834481336,0.9847921331247872,3.2430781395402513e-19,0.1737367391645523,2.9659215982917972e-21,4
0.6180000000000004,0.00072981805100006,0.017752164750782735,-1.4894010787163225e-19,0.04663982657038144,0.984792133124785,3.655792017923302e-19,0.17373673916456486,-4.727083716666156e-21,4
0.6190000000000004,0.0007306930407083481,0.017752986972156826,-1.4824804730012706e-19,0.046639527306281355,0.9847921331247829,4.009901165725984e-19,0.17373673916457702,-1.2140868834357415e-20,4
0.6200000000000004,0.0007315680304165945,0.01775380919353081,-1.475372417206934e-19,0.0466392280421811,0.9847921331247808,4.1895513317266243e-19,0.17373673916458876,-1.7442911673441947e-20,4
0.6210000000000004,0.0007324430201248024,0.017754631414904687,-1.467971151228551e-19,0.046638928778080666,0.9847921331247788,4.3127014065684114e-19,0.17373673916460008,-2.43678961936887e-20,4
0.6220000000000004,0.0007333180098329693,0.01775545363627846,-1.4603293681543825e-19,0.04663862951398007,0.9847921331247769,4.366549051119927e-19,0.17373673916461102,-3.213059178416265e-20,4
0.6230000000000004,0.0007341929995410997,0.01775627585765214,-1.4524326987285691e-19,0.04663833024987931,0.984792133124775,4.386188775638429e-19,0.1737367391646216,-3.827862129979984e-20,4
0.6240000000000004,0.0007350679892491966,0.017757098079025722,-1.4440907123630457e-19,0.04663803098577839,0.9847921331247732,4.441768016725131e-19,0.1737367391646318,-4.5143814753810255e-20,4
0.6250000000000004,0.0007359429789572585,0.017757920300399216,-1.4355605146452877e-19,0.04663773172167733,0.9847921331247714,4.373269889941754e-19,0.17373673916464166,-4.8771468190948485e-20,4
0.6260000000000004,0.0007368179686652855,0.01775874252177262,-1.4267971125271488e-19,0.04663743245757612,0.9847921331247698,4.3261039288459665e-19,0.17373673916465118,-5.585530242994172e-20,4
0.6270000000000004,0.0007376929583732817,0.01775956474314594,-1.4178034722286223e-19,0.046637133193474775,0.9847921331247681,4.3121094581774223e-19,0.17373673916466037,-6.297330747172405e-20,4
0.6280000000000004,0.0007385679480812449,0.017760386964519176,-1.4087402309317742e-19,0.046636833929373296,0.9847921331247665,4.364681899425619e-19,0.17373673916466925,-6.867560303843736e-20,4
0.6290000000000004,0.0007394429377891756,0.017761209185892333,-1.399570601613052e-19,0.04663653466527169,0.984792133124765,4.452744099710728e-19,0.17373673916467783,-7.470172943456756e-20,4
0.6300000000000004,0.0007403179274970775,0.017762031407265413,-1.3902858691549877e-19,0.04663623540116996,0.9847921331247635,4.499167270822876e-19,0.1737367391646861,-8.07852748377058e-20,4
0.6310000000000004,0.0007411929172049512,0.01776285362863842,-1.3807998097229537e-19,0.04663593613706812,0.9847921331247621,4.53101096678881e-19,0.1737367391646941,-8.419550766891927e-20,4
0.6320000000000005,0.0007420679069128001,0.01776367585001136,-1.3710283684773982e-19,0.04663563687296615,0.9847921331247608,4.577520163202847e-19,0.1737367391647018,-8.71768036414276e-20,4
0.6330000000000005,0.0007429428966206216,0.01776449807138423,-1.361052614332156e-19,0.046635337608864076,0.9847921331247594,4.662731873406137e-19,0.17373673916470925,-9.078736344946242e-20,4
0.6340000000000005,0.0007438178863284169,0.01776532029275703,-1.3508920856823703e-19,0.046635038344761896,0.9847921331247582,4.74290659275067e-19,0.17373673916471644,-9.467829511226874e-20,4
0.6350000000000005,0.0007446928760361892,0.017766142514129772,-1.3406537626864287e-19,0.04663473908065961,0.984792133124757,4.779751920427102e-19,0.17373673916472337,-9.581145622336747e-20,4
0.6360000000000005,0.0007455678657439358,0.01776696473550245,-1.3303110305301142e-19,0.04663443981655723,0.9847921331247558,4.846164386466383e-19,0.17373673916473006,-9.491351533515592e-20,4
0.6370000000000005,0.0007464428554516603,0.01776778695687507,-1.3197041011094299e-19,0.04663414055245475,0.9847921331247547,5.023692359597029e-19,0.17373673916473653,-9.48654241206197e-20,4
0.6380000000000005,0.0007473178451593636,0.017768609178247633,-1.3088838024546372e-19,0.046633841288352185,0.9847921331247536,5.231818186220188e-19,0.17373673916474278,-9.445807059086271e-20,4
0.6390000000000005,0.0007481928348670455,0.01776943139962014,-1.297880061184174e-19,0.046633542024249526,0.9847921331247524,5.309837811877817e-19,0.1737367391647488,-9.191322264817436e-20,4
0.6400000000000005,0.0007490678245747061,0.017770253620992594,-1.2866831272060957e-19,0.04663324276014678,0.9847921331247514,5.394679887181143e-19,0.17373673916475463,-8.880104248718353e-20,4
0.6410000000000005,0.000749942814282347,0.017771075842364998,-1.2753882479401637e-19,0.04663294349604395,0.9847921331247504,5.359185313662527e-19,0.17373673916476026,-8.20326641006303e-20,4
0.6420000000000005,0.0007508178039899677,0.01777189806373735,-1.2637845653679639e-19,0.046632644231941044,0.9847921331247494,5.306665115807227e-19,0.1737367391647657,-7.888922384245195e-20,4
0.6430000000000005,0.0007516927936975721,0.017772720285109657,-1.2519743596400287e-19,0.04663234496783806,0.9847921331247486,5.2684599650317715e-19,0.17373673916477095,-7.327159016805929e-20,4
0.6440000000000005,0.0007525677834051601,0.01777354250648192,-1.2399874749360944e-19,0.046632045703735,0.9847921331247477,5.165867416315917e-19,0.173736739164776,-6.688723805549634e-20,4
0.6450000000000005,0.0007534427731127294,0.017774364727854135,-1.2281262473455575e-19,0.04663174643963187,0.9847921331247468,5.004910866362474e-19,0.17373673916478088,-5.83627591317059e-20,4
0.6460000000000005,0.0007543177628202804,0.017775186949226307,-1.216340964587523e-19,0.04663144717552867,0.984792133124746,4.771295249171717e-19,0.1737367391647856,-4.730935437714367e-20,4
0.6470000000000005,0.0007551927525278166,0.01777600917059844,-1.20445610864936e-19,0.046631147911425405,0.9847921331247452,4.529621448987541e-19,0.17373673916479015,-3.7577278292308953e-20,4
0.6480000000000005,0.0007560677422353351,0.017776831391970532,-1.1920398641922657e-19,0.04663084864732208,0.9847921331247445,4.19430137794011e-19,0.17373673916479457,-2.927285959916707e-20,4
0.6490000000000005,0.0007569427319428392,0.017777653613342586,-1.1799027579880072e-19,0.04663054938321869,0.9847921331247437,3.9321633323658188e-19,0.17373673916479881,-2.537666497827707e-20,4
0.6500000000000005,0.0007578177216503286,0.0177784758347146,-1.167553966747817e-19,0.046630250119115244,0.9847921331247429,3.596480967957987e-19,0.17373673916480292,-1.780423205137808e-20,4
0.6510000000000005,0.0007586927113578045,0.017779298056086582,-1.155482667769369e-19,0.04662995085501174,0.9847921331247422,3.336628743130212e-19,0.1737367391648069,-1.2436318706150525e-20,4
0.6520000000000005,0.0007595677010652668,0.01778012027745853,-1.1431292975311715e-19,0.04662965159090818,0.9847921331247416,3.2391832694532207e-19,0.17373673916481072,-8.611712038899784e-21,4
0.6530000000000005,0.0007604426907727187,0.017780942498830443,-1.1313859358333944e-19,0.04662935232680456,0.9847921331247409,3.14311240663274e-19,0.1737367391648144,-6.622818755862695e-21,4
0.6540000000000005,0.0007613176804801545,0.017781764720202323,-1.1202301703344344e-19,0.0466290530627009,0.9847921331247402,3.0161197298598255e-19,0.17373673916481797,-9.014871486358813e-22,4
0.6550000000000005,0.0007621926701875778,0.017782586941574172,-1.109476303039348e-19,0.04662875379859718,0.9847921331247397,2.849790961229167e-19,0.1737367391648214,3.8015661766589624e-21,4
0.6560000000000005,0.0007630676598949915,0.017783409162945994,-1.0992573654580459e-19,0.04662845453449342,0.9847921331247391,2.6658417090125703e-19,0.17373673916482474,7.140625974346426e-21,4
0.6570000000000005,0.0007639426496023901,0.017784231384317783,-1.0889112446828036e-19,0.04662815527038962,0.9847921331247386,2.454827604375155e-19,0.17373673916482796,6.783122678156202e-21,4
0.6580000000000005,0.0007648176393097825,0.01778505360568955,-1.0789876924749918e-19,0.046627856006285766,0.984792133124738,2.4481022648624277e-19,0.17373673916483107,2.8751536898374227e-21,4
0.6590000000000005,0.0007656926290171631,0.017785875827061287,-1.0694506030248446e-19,0.04662755674218187,0.9847921331247375,2.499468166995521e-19,0.17373673916483406,-3.657729651363653e-21,4
0.6600000000000005,0.0007665676187245318,0.017786698048432997,-1.0597963936810058e-19,0.04662725747807794,0.9847921331247369,2.491905332033361e-19,0.17373673916483695,-7.368959180863857e-21,4
0.6610000000000005,0.0007674426084318895,0.017787520269804683,-1.0504567447039062e-19,0.04662695821397397,0.9847921331247365,2.5093864539657886e-19,0.17373673916483973,-9.143221823603641e-21,4
0.6620000000000005,0.0007683175981392388,0.017788342491176345,-1.0414709333211687e-19,0.046626658949869955,0.984792133124736,2.5565768935973454e-19,0.17373673916484242,-1.3924596127194862e-20,4
0.6630000000000005,0.0007691925878465804,0.017789164712547986,-1.0326961949714177e-19,0.04662635968576591,0.9847921331247356,2.6550902604291913e-19,0.17373673916484503,-1.9980572602598433e-20,4
0.6640000000000005,0.0007700675775539109,0.017789986933919602,-1.0241915134448312e-19,0.04662606042166183,0.9847921331247351,2.7615010895244355e-19,0.17373673916484753,-2.823609086925109e-20,4
0.6650000000000005,0.0007709425672612336,0.017790809155291198,-1.0158703167020492e-19,0.04662576115755771,0.9847921331247347,2.9135011661860184e-19,0.17373673916484994,-3.9107336451873955e-20,4
0.6660000000000005,0.0007718175569685487,0.017791631376662773,-1.0076780799977018e-19,0.04662546189345356,0.9847921331247342,3.12821435894368e-19,0.17373673916485227,-5.018583677292784e-20,4
0.6670000000000005,0.0007726925466758562,0.017792453598034327,-9.99643529852636e-20,0.046625162629349376,0.9847921331247338,3.3993508688194477e-19,0.17373673916485452,-6.114924467762008e-20,4
0.6680000000000005,0.0007735675363831568,0.017793275819405863,-9.91660531133263e-20,0.04662486336524516,0.9847921331247335,3.5141356923150513e-19,0.1737367391648567,-7.035760331936576e-20,4
0.6690000000000005,0.0007744425260904474,0.01779409804077738,-9.836117186145779e-20,0.04662456410114092,0.9847921331247331,3.594405748148343e-19,0.17373673916485882,-7.763515869613121e-20,4
0.6700000000000005,0.0007753175157977312,0.017794920262148878,-9.75481907605774e-20,0.046624264837036654,0.9847921331247328,3.660369813759387e-19,0.17373673916486085,-8.418395824017949e-20,4
0.6710000000000005,0.0007761925055050082,0.01779574248352036,-9.672119253739704e-20,0.04662396557293236,0.9847921331247325,3.7164719558278366e-19,0.17373673916486282,-8.975885427537127e-20,4
0.6720000000000005,0.0007770674952122783,0.017796564704891823,-9.588356796293222e-20,0.046623666308828034,0.9847921331247321,3.714947020923399e-19,0.1737367391648647,-9.31318004563884e-20,4
0.6730000000000005,0.000777942484919545,0.017797386926263273,-9.50472849659448e-20,0.04662336704472368,0.9847921331247318,3.6570483567119506e-19,0.17373673916486654,-9.576718853183203e-20,4
0.6740000000000005,0.0007788174746268024,0.017798209147634705,-9.420338346861984e-20,0.04662306778061931,0.9847921331247315,3.5703443792130916e-19,0.17373673916486831,-9.695786803565095e-20,4
0.6750000000000005,0.0007796924643340562,0.017799031369006124,-9.335673563511117e-20,0.04662276851651491,0.9847921331247311,3.556282149009168e-19,0.17373673916487,-1.0018461586216255e-19,4
0.6760000000000005,0.0007805674540413043,0.01779985359037753,-9.249675390352688e-20,0.04662246925241049,0.9847921331247308,3.581441699537674e-19,0.17373673916487165,-1.044724631664008e-19,4
0.6770000000000005,0.0007814424437485462,0.01780067581174892,-9.16463060832e-20,0.046622169988306046,0.9847921331247305,3.651265567694602e-19,0.17373673916487323,-1.1143448551937244e-19,4
0.6780000000000005,0.0007823174334557823,0.017801498033120297,-9.079935696623835e-20,0.04662187072420158,0.9847921331247302,3.7178175506998373e-19,0.17373673916487475,-1.1899409322878765e-19,4
0.6790000000000005,0.0007831924231630125,0.01780232025449166,-8.994615120837603e-20,0.0466215714600971,0.98479213312473,3.7758963237938376e-19,0.17373673916487622,-1.2892456803664515e-19,4
0.6800000000000005,0.0007840674128702368,0.01780314247586301,-8.908112199893179e-20,0.046621272195992595,0.9847921331247298,3.6626480828067833e-19,0.17373673916487767,-1.3595287277667877e-19,4
0.6810000000000005,0.000784942402577456,0.01780396469723435,-8.82158436454641e-20,0.04662097293188808,0.9847921331247296,3.5194137571194534e-19,0.17373673916487906,-1.4007335062555263e-19,4
0.6820000000000005,0.0007858173922846693,0.017804786918605674,-8.735413021675204e-20,0.04662067366778354,0.9847921331247294,3.3573705458956244e-19,0.1737367391648804,-1.4317424044645017e-19,4
0.6830000000000005,0.00078669238199188,0.01780560913997699,-8.648324707331866e-20,0.04662037440367898,0.9847921331247291,3.3210298253496433e-19,0.17373673916488167,-1.47481458294128e-19,4
0.6840000000000005,0.0007875673716990857,0.017806431361348293,-8.562238088453582e-20,0.046620075139574405,0.9847921331247289,3.278831266290261e-19,0.17373673916488291,-1.5257645326650033e-19,4
0.6850000000000005,0.0007884423614062862,0.017807253582719586,-8.476923128730125e-20,0.04661977587546982,0.9847921331247287,3.2811334875138637e-19,0.1737367391648841,-1.589248870355594e-19,4
0.6860000000000005,0.0007893173511134842,0.01780807580409087,-8.393762478970319e-20,0.04661947661136521,0.9847921331247285,3.2847899249787917e-19,0.17373673916488527,-1.6545497281249163e-19,4
0.6870000000000005,0.000790192340820677,0.017808898025462143,-8.309792271514761e-20,0.046619177347260586,0.9847921331247282,3.355397806347071e-19,0.17373673916488638,-1.7349796674739379e-19,4
0.6880000000000005,0.0007910673305278682,0.01780972024683341,-8.226142573089933e-20,0.04661887808315595,0.984792133124728,3.528490769932567e-19,0.17373673916488747,-1.8287261482410812e-19,4
0.6890000000000005,0.0007919423202350542,0.017810542468204665,-8.140882676857584e-20,0.0466185788190513,0.9847921331247278,3.661005675093356e-19,0.17373673916488852,-1.9063223780155722e-19,4
0.6900000000000005,0.0007928173099422353,0.01781136468957591,-8.053978029738242e-20,0.046618279554946636,0.9847921331247276,3.7169934985833237e-19,0.17373673916488952,-1.9625479071097417e-19,4
0.6910000000000005,0.0007936922996494146,0.017812186910947148,-7.965216539792181e-20,0.04661798029084196,0.9847921331247274,3.730768502671418e-19,0.1737367391648905,-2.0055702569013357e-19,4
0.6920000000000005,0.000794567289356592,0.01781300913231838,-7.873930080274192e-20,0.046617681026737266,0.9847921331247272,3.767642532675404e-19,0.17373673916489143,-2.037090426597905e-19,4
0.6930000000000005,0.000795442279063762,0.0178138313536896,-7.782129581150974e-20,0.04661738176263257,0.9847921331247271,3.768550510057149e-19,0.17373673916489235,-2.0611109796387492e-19,4
0.6940000000000005,0.0007963172687709304,0.017814653575060815,-7.68988196156896e-20,0.046617082498527855,0.984792133124727,3.8067701196141512e-19,0.1737367391648932,-2.0936654961998142e-19,4
0.6950000000000005,0.000797192258478097,0.017815475796432022,-7.597309910506406e-20,0.04661678323442313,0.9847921331247269,3.781364291578993e-19,0.17373673916489404,-2.1267679754725217e-19,4
0.6960000000000005,0.0007980672481852593,0.017816298017803222,-7.506152918752055e-20,0.046616483970318395,0.9847921331247268,3.7366701914996846e-19,0.17373673916489485,-2.155557474329412e-19,4
0.6970000000000005,0.00079894223789242,0.017817120239174415,-7.412991550543938e-20,0.04661618470621365,0.9847921331247267,3.789056180196768e-19,0.17373673916489563,-2.1977020642437694e-19,4
0.6980000000000005,0.0007998172275995764,0.0178179424605456,-7.318784285095886e-20,0.046615885442108894,0.9847921331247266,3.83861929597441e-19,0.17373673916489638,-2.24191833397358e-19,4
0.6990000000000005,0.0008006922173067312,0.01781876468191678,-7.225082843709699e-20,0.046615586178004126,0.9847921331247265,3.806883693302601e-19,0.1737367391648971,-2.255337261353044e-19,4
0.7000000000000005,0.000801567207013885,0.017819586903287957,-7.13115110170315e-20,0.04661528691389935,0.9847921331247264,3.7287448497611544e-19,0.17373673916489782,-2.24759494038292e-19,4
0.7010000000000005,0.0008024421967210346,0.017820409124659126,-7.036406661681682e-20,0.04661498764979457,0.9847921331247262,3.656039984397464e-19,0.1737367391648985,-2.2556899563872234e-19,4
0.7020000000000005,0.0008033171864281826,0.017821231346030288,-6.942017034205419e-20,0.04661468838568977,0.9847921331247261,3.5777741329334463e-19,0.17373673916489918,-2.245975356557809e-19,4
0.7030000000000005,0.0008041921761353296,0.017822053567401446,-6.847285765845062e-20,0.04661438912158497,0.984792133124726,3.5268936980057713e-19,0.17373673916489982,-2.258084567645396e-19,4
0.7040000000000005,0.0008050671658424724,0.017822875788772598,-6.746883816982663e-20,0.04661408985748016,0.9847921331247259,3.45631969154303e-19,0.17373673916490043,-2.2629476683148334e-19,4
0.7050000000000005,0.0008059421555496145,0.017823698010143746,-6.646764053384617e-20,0.046613790593375344,0.9847921331247258,3.3921377842597657e-19,0.173736739164901,-2.2605651615458246e-19,4
0.7060000000000005,0.0008068171452567522,0.017824520231514887,-6.547999970403362e-20,0.04661349132927052,0.9847921331247257,3.286845620746187e-19,0.1737367391649016,-2.2446705072388006e-19,4
0.7070000000000005,0.0008076921349638892,0.017825342452886025,-6.449702695597409e-20,0.04661319206516569,0.9847921331247256,3.1366710404990907e-19,0.17373673916490215,-2.2124844041440393e-19,4
0.7080000000000005,0.0008085671246710252,0.01782616467425716,-6.353561114371812e-20,0.04661289280106085,0.9847921331247255,2.9696837849187457e-19,0.17373673916490268,-2.171446610220644e-19,4
0.7090000000000005,0.0008094421143781571,0.017826986895628286,-6.258771230955114e-20,0.04661259353695601,0.9847921331247254,2.974680635748123e-19,0.1737367391649032,-2.152750780667209e-19,4
0.7100000000000005,0.0008103171040852881,0.01782780911699941,-6.16530812122385e-20,0.04661229427285116,0.9847921331247252,2.9143504240107134e-19,0.1737367391649037,-2.12932724907018e-19,4
0.7110000000000005,0.0008111920937924182,0.01782863133837053,-6.072303897833912e-20,0.0466119950087463,0.9847921331247251,2.8703807880038166e-19,0.17373673916490417,-2.100416728089563e-19,4
0.7120000000000005,0.0008120670834995475,0.017829453559741647,-5.981860928314417e-20,0.04661169574464143,0.984792133124725,2.83616180539733e-19,0.17373673916490465,-2.0532918783373723e-19,4
0.7130000000000005,0.0008129420732066758,0.01783027578111276,-5.893370051479328e-20,0.04661139648053656,0.9847921331247249,2.803488207795117e-19,0.1737367391649051,-2.0312691261132529e-19,4
0.7140000000000005,0.0008138170629138009,0.01783109800248387,-5.806661638255795e-20,0.04661109721643169,0.9847921331247248,2.7162797908272584e-19,0.17373673916490553,-2.0159995568643978e-19,4
0.7150000000000005,0.0008146920526209251,0.017831920223854977,-5.721766520422777e-20,0.04661079795232681,0.9847921331247247,2.672444413641696e-19,0.17373673916490595,-1.9895689752681594e-19,4
0.7160000000000005,0.0008155670423280485,0.01783274244522608,-5.638040853285083e-20,0.046610498688221924,0.9847921331247246,2.587791821234964e-19,0.17373673916490637,-1.949807447268819e-19,4
0.7170000000000005,0.0008164420320351709,0.01783356466659718,-5.555137278209167e-20,0.04661019942411703,0.9847921331247245,2.516952795957419e-19,0.17373673916490676,-1.9261250311908397e-19,4
0.7180000000000005,0.0008173170217422902,0.017834386887968276,-5.474265199279352e-20,0.04660990016001214,0.9847921331247244,2.3771536882303235e-19,0.17373673916490714,-1.89583745383949e-19,4
0.7190000000000005,0.0008181920114494084,0.01783520910933937,-5.3953436743065023e-20,0.04660960089590724,0.9847921331247242,2.1855490876346424e-19,0.1737367391649075,-1.8665726409404129e-19,4
0.7200000000000005,0.0008190670011565259,0.017836031330710458,-5.319536025830612e-20,0.04660930163180233,0.9847921331247241,2.03473872245413e-19,0.17373673916490787,-1.834276641518594e-19,4
0.7210000000000005,0.00081994199086364,0.017836853552081543,-5.2453911582597257e-20,0.046609002367697425,0.984792133124724,1.8635697568239927e-19,0.1737367391649082,-1.7902747030096638e-19,4
0.7220000000000005,0.0008208169805707532,0.017837675773452626,-5.174010619866383e-20,0.04660870310359251,0.9847921331247239,1.6765134791253668e-19,0.17373673916490853,-1.7428187631549542e-19,4
0.7230000000000005,0.0008216919702778687,0.017838497994823708,-5.1044165095908255e-20,0.04660840383948759,0.9847921331247239,1.5342005208338992e-19,0.17373673916490884,-1.7029791490916301e-19,4
0.7240000000000005,0.0008225669599849811,0.017839320216194787,-5.037767593389584e-20,0.04660810457538267,0.9847921331247239,1.301074863109172e-19,0.17373673916490914,-1.6380119563989586e-19,4
0.7250000000000005,0.0008234419496920926,0.017840142437565862,-4.973893228848121e-20,0.04660780531127774,0.9847921331247239,1.0984457014887148e-19,0.17373673916490945,-1.6023917701482635e-19,4
0.7260000000000005,0.0008243169393992009,0.017840964658936934,-4.913169560642847e-20,0.046607506047172814,0.9847921331247239,8.999508200954678e-20,0.17373673916490973,-1.5378746248870057e-19,4
0.7270000000000005,0.0008251919291063115,0.017841786880308005,-4.857294381599632e-20,0.04660720678306788,0.9847921331247239,6.686458767060052e-20,0.17373673916491,-1.4541055455044298e-19,4
0.7280000000000005,0.0008260669188134188,0.017842609101679074,-4.804353868284344e-20,0.046606907518962945,0.9847921331247239,4.2010649762373425e-20,0.17373673916491025,-1.3809380784741316e-19,4
0.7290000000000005,0.0008269419085205284,0.017843431323050142,-4.754070233194885e-20,0.046606608254858004,0.9847921331247239,2.781724130032165e-20,0.1737367391649105,-1.3292770269980983e-19,4
0.7300000000000005,0.000827816898227635,0.017844253544421207,-4.708034808726442e-20,0.04660630899075306,0.9847921331247239,1.3597852817585117e-20,0.17373673916491075,-1.2925782785687633e-19,4
0.7310000000000005,0.0008286918879347406,0.01784507576579227,-4.666060714005089e-20,0.046606009726648114,0.9847921331247239,-3.1988492810741433e-21,0.173736739164911,-1.2553978122891965e-19,4
0.7320000000000005,0.000829566877641846,0.01784589798716333,-4.626033490753656e-20,0.046605710462543165,0.9847921331247239,-1.0923738115318113e-20,0.17373673916491122,-1.2336854621105674e-19,4
0.7330000000000005,0.0008304418673489483,0.017846720208534388,-4.5894204188929414e-20,0.04660541119843822,0.9847921331247239,-9.569719521297497e-21,0.17373673916491145,-1.2274537423518602e-19,4
0.7340000000000005,0.000831316857056053,0.017847542429905446,-4.5558216342665014e-20,0.04660511193433326,0.9847921331247239,-2.927091919985375e-21,0.17373673916491167,-1.2479184788136944e-19,4
0.7350000000000005,0.0008321918467631545,0.0178483646512765,-4.5247798037384584e-20,0.046604812670228306,0.9847921331247239,-7.715421250830056e-21,0.17373673916491186,-1.2402172845625456e-19,4
0.7360000000000005,0.0008330668364702558,0.017849186872647554,-4.49750582004888e-20,0.04660451340612335,0.9847921331247239,-1.8749350773716963e-20,0.17373673916491206,-1.227920961937156e-19,4
0.7370000000000005,0.0008339418261773564,0.017850009094018605,-4.474029461179493e-20,0.04660421414201839,0.9847921331247239,-2.832545449485776e-20,0.17373673916491225,-1.230213534142717e-19,4
0.7380000000000005,0.0008348168158844569,0.017850831315389656,-4.452884973160485e-20,0.046603914877913426,0.9847921331247239,-3.735151304542285e-20,0.17373673916491245,-1.2489390840363555e-19,4
0.7390000000000005,0.0008356918055915575,0.017851653536760707,-4.433145055690714e-20,0.04660361561380846,0.9847921331247239,-4.8043113895211036e-20,0.1737367391649126,-1.2594246232060144e-19,4
0.7400000000000005,0.0008365667952986571,0.017852475758131755,-4.4158311051449843e-20,0.046603316349703494,0.9847921331247239,-5.416931017138839e-20,0.17373673916491278,-1.2628414784902375e-19,4
0.7410000000000005,0.0008374417850057568,0.017853297979502802,-4.399975364330847e-20,0.046603017085598525,0.9847921331247239,-5.565078110626202e-20,0.17373673916491295,-1.2677848473083995e-19,4
0.7420000000000005,0.0008383167747128531,0.017854120200873846,-4.385750453729843e-20,0.046602717821493556,0.9847921331247239,-5.216122534028461e-20,0.1737367391649131,-1.2857733547854168e-19,4
0.7430000000000005,0.0008391917644199519,0.01785494242224489,-4.3737707477070616e-20,0.04660241855738858,0.9847921331247239,-4.739755307714369e-20,0.17373673916491328,-1.3204801064523945e-19,4
0.7440000000000005,0.0008400667541270506,0.017855764643615935,-4.363551586414042e-20,0.0466021192932836,0.9847921331247239,-5.258354863686994e-20,0.17373673916491342,-1.3338275846625136e-19,4
0.7450000000000006,0.0008409417438341461,0.017856586864986975,-4.35521966529945e-20,0.04660182002917863,0.9847921331247239,-6.125364763826224e-20,0.17373673916491356,-1.3372223199329316e-19,4
0.7460000000000006,0.0008418167335412416,0.017857409086358016,-4.348156420527155e-20,0.04660152076507365,0.9847921331247239,-7.144340399497577e-20,0.1737367391649137,-1.3387315032566936e-19,4
0.7470000000000006,0.0008426917232483371,0.017858231307729056,-4.3464416406901705e-20,0.046601221500968674,0.9847921331247239,-6.753712628007856e-20,0.17373673916491383,-1.3468799598413269e-19,4
0.7480000000000006,0.0008435667129554317,0.017859053529100093,-4.3445129157768264e-20,0.04660092223686369,0.9847921331247239,-5.597039146991273e-20,0.17373673916491397,-1.3993056936521384e-19,4
0.7490000000000006,0.0008444417026625263,0.01785987575047113,-4.34454646553203e-20,0.04660062297275871,0.9847921331247239,-4.571420691991562e-20,0.1737367391649141,-1.449596531855099e-19,4
0.7500000000000006,0.0008453166923696209,0.017860697971842168,-4.3449607892665493e-20,0.046600323708653725,0.9847921331247239,-2.6250152406016e-20,0.17373673916491422,-1.5141952264052608e-19,4
0.7510000000000006,0.0008461916820767155,0.017861520193213205,-4.3444812663851135e-20,0.04660002444454874,0.9847921331247239,-1.9633222248479188e-21,0.17373673916491433,-1.6061494054089096e-19,4
0.7520000000000006,0.0008470666717838092,0.01786234241458424,-4.343971905821133e-20,0.04659972518044375,0.9847921331247239,1.4720198102549418e-20,0.17373673916491444,-1.669342078396896e-19,4
0.7530000000000006,0.0008479416614909029,0.017863164635955272,-4.343612308561394e-20,0.04659942591633876,0.9847921331247239,3.4876415759778394e-20,0.17373673916491456,-1.770191318701941e-19,4
0.7540000000000006,0.0008488166511979966,0.017863986857326306,-4.342031763694932e-20,0.04659912665223377,0.9847921331247239,5.602573799988042e-20,0.17373673916491467,-1.8714937426645057e-19,4
0.7550000000000006,0.0008496916409050904,0.01786480907869734,-4.3382656394404206e-20,0.04659882738812878,0.9847921331247239,7.264058259226936e-20,0.17373673916491478,-1.9546684557106522e-19,4
0.7560000000000006,0.0008505666306121808,0.01786563130006837,-4.333068437482928e-20,0.04659852812402379,0.9847921331247239,8.146340682375889e-20,0.1737367391649149,-2.0291391038880671e-19,4
0.7570000000000006,0.0008514416203192712,0.0178664535214394,-4.327958454912777e-20,0.0465982288599188,0.9847921331247239,7.77824232306699e-20,0.17373673916491497,-2.0798778301434687e-19,4
0.7580000000000006,0.000852316610026364,0.01786727574281043,-4.31971303165054e-20,0.046597929595813804,0.9847921331247239,8.370580059825936e-20,0.17373673916491505,-2.1395463562945345e-19,4
0.7590000000000006,0.000853191599733457,0.01786809796418146,-4.3087664934549086e-20,0.04659763033170881,0.9847921331247239,9.001880483947558e-20,0.17373673916491514,-2.190148150930829e-19,4
0.7600000000000006,0.0008540665894405465,0.017868920185552487,-4.295783042865913e-20,0.04659733106760381,0.9847921331247239,9.589918282704975e-20,0.17373673916491522,-2.2552244829467643e-19,4
0.7610000000000006,0.0008549415791476361,0.017869742406923513,-4.2811463291551306e-20,0.04659703180349881,0.9847921331247239,1.0804982188579503e-19,0.1737367391649153,-2.341999045898034e-19,4
0.7620000000000006,0.0008558165688547256,0.01787056462829454,-4.2659335865720224e-20,0.046596732539393816,0.9847921331247239,1.1579703805428372e-19,0.1737367391649154,-2.403787875311011e-19,4
0.7630000000000006,0.0008566915585618152,0.017871386849665567,-4.2484671882330533e-20,0.04659643327528882,0.9847921331247239,1.2962698679227592e-19,0.17373673916491547,-2.4932855417641665e-19,4
0.7640000000000006,0.0008575665482689048,0.017872209071036593,-4.230518313934691e-20,0.04659613401118382,0.9847921331247239,1.3189658500369589e-19,0.17373673916491555,-2.5789922788066293e-19,4
0.7650000000000006,0.0008584415379759943,0.01787303129240762,-4.210719914611018e-20,0.046595834747078825,0.9847921331247239,1.265611891931556e-19,0.17373673916491564,-2.6340650787841644e-19,4
0.7660000000000006,0.000859316527683083,0.017873853513778643,-4.1884158003304115e-20,0.04659553548297382,0.9847921331247239,1.2298214484861234e-19,0.17373673916491572,-2.6834744584926694e-19,4
0.7670000000000006,0.0008601915173901717,0.017874675735149666,-4.1642764220714684e-20,0.04659523621886882,0.9847921331247239,1.1996738206906214e-19,0.17373673916491578,-2.7437678132301983e-19,4
0.7680000000000006,0.0008610665070972604,0.01787549795652069,-4.139793118356599e-20,0.04659493695476381,0.9847921331247239,1.1388657777787523e-19,0.17373673916491583,-2.8000852783692707e-19,4
0.7690000000000006,0.000861941496804349,0.017876320177891713,-4.1145228313247075e-20,0.04659463769065881,0.9847921331247239,1.0855075900925799e-19,0.1737367391649159,-2.820353809818174e-19,4
0.7700000000000006,0.0008628164865114378,0.017877142399262736,-4.0867263468011936e-20,0.046594338426553805,0.9847921331247239,1.086451625449427e-19,0.17373673916491594,-2.865684456233548e-19,4
0.7710000000000006,0.0008636914762185264,0.01787796462063376,-4.057783727667382e-20,0.0465940391624488,0.9847921331247239,1.1847331659943548e-19,0.173736739164916,-2.9394418597830082e-19,4
0.7720000000000006,0.0008645664659256151,0.017878786842004783,-4.027364669927861e-20,0.0465937398983438,0.9847921331247239,1.2931518881121045e-19,0.17373673916491605,-3.011445461562326e-19,4
0.7730000000000006,0.0008654414556327005,0.017879609063375802,-3.995785727509649e-20,0.04659344063423879,0.9847921331247239,1.3356048707699927e-19,0.1737367391649161,-3.0700091302305657e-19,4
0.7740000000000006,0.000866316445339786,0.017880431284746822,-3.963838229931813e-20,0.04659314137013379,0.9847921331247239,1.32393021364132e-19,0.17373673916491617,-3.062262156805993e-19,4
0.7750000000000006,0.0008671914350468738,0.017881253506117842,-3.9319782234304717e-20,0.04659284210602878,0.9847921331247239,1.335883940937567e-19,0.17373673916491622,-3.075905751266346e-19,4
0.7760000000000006,0.0008680664247539616,0.01788207572748886,-3.899555454761198e-20,0.04659254284192377,0.9847921331247239,1.2754019306259968e-19,0.17373673916491628,-3.0643989030233674e-19,4
0.7770000000000006,0.0008689414144610494,0.01788289794885988,-3.8656105188334955e-20,0.04659224357781876,0.9847921331247239,1.2943831412975551e-19,0.17373673916491633,-3.0795314674989426e-19,4
0.7780000000000006,0.0008698164041681371,0.0178837201702309,-3.831398525787499e-20,0.046591944313713746,0.9847921331247239,1.3781441739061042e-19,0.1737367391649164,-3.1085178207227985e-19,4
0.7790000000000006,0.0008706913938752249,0.01788454239160192,-3.7950653993355066e-20,0.046591645049608735,0.9847921331247239,1.5050988297013237e-19,0.17373673916491644,-3.170801693421592e-19,4
0.7800000000000006,0.0008715663835823127,0.01788536461297294,-3.7576628137446404e-20,0.046591345785503724,0.9847921331247239,1.5616112457806837e-19,0.1737367391649165,-3.2561567719489643e-19,4
0.7810000000000006,0.0008724413732894005,0.01788618683434396,-3.720011620622236e-20,0.04659104652139871,0.9847921331247228,1.5984365996165953e-19,0.17373673916491636,-3.3199735157348844e-19,4
0.7820000000000006,0.000873316362996485,0.017887009055714977,-3.681551099350619e-20,0.0465907472572937,0.9847921331247228,1.6442179607654184e-19,0.17373673916491642,-3.4032399766789794e-19,4
0.7830000000000006,0.0008741913527035695,0.017887831277085993,-3.641878723311477e-20,0.04659044799318869,0.9847921331247228,1.73371638597106e-19,0.17373673916491644,-3.4884628373990354e-19,4
0.7840000000000006,0.0008750663424106542,0.01788865349845701,-3.600038679399382e-20,0.04659014872908368,0.9847921331247228,1.8294039387903263e-19,0.17373673916491647,-3.56479380062463e-19,4
0.7850000000000006,0.0008759413321177387,0.017889475719828025,-3.555268427852279e-20,0.04658984946497867,0.9847921331247228,1.9533628963006147e-19,0.1737367391649165,-3.627673356105683e-19,4
0.7860000000000006,0.0008768163218248232,0.017890297941199042,-3.5079287214200967e-20,0.04658955020087366,0.9847921331247228,2.1481361789630877e-19,0.17373673916491653,-3.714200319269173e-19,4
0.7870000000000006,0.0008776913115319101,0.017891120162570058,-3.459638088475853e-20,0.04658925093676864,0.9847921331247228,2.2581027910500455e-19,0.17373673916491655,-3.7821233764206546e-19,4
0.7880000000000006,0.000878566301238997,0.017891942383941074,-3.4098285368107995e-20,0.04658895167266362,0.9847921331247228,2.299751471678963e-19,0.17373673916491658,-3.8280100217710423e-19,4
0.7890000000000006,0.000879441290946084,0.01789276460531209,-3.3572893425948934e-20,0.046588652408558605,0.9847921331247228,2.335359237593007e-19,0.1737367391649166,-3.8899528488452125e-19,4
0.7900000000000006,0.0008803162806531709,0.017893586826683107,-3.303011674326148e-20,0.04658835314445359,0.9847921331247228,2.352111432080265e-19,0.17373673916491664,-3.936097693407116e-19,4
0.7910000000000006,0.0008811912703602578,0.017894409048054123,-3.2467287724259746e-20,0.04658805388034857,0.9847921331247228,2.409459862218018e-19,0.17373673916491666,-3.972705396243561e-19,4
0.7920000000000006,0.0008820662600673446,0.01789523126942514,-3.19018183407004e-20,0.04658775461624355,0.9847921331247228,2.4965641133328785e-19,0.1737367391649167,-4.014774012171909e-19,4
0.7930000000000006,0.0008829412497744315,0.017896053490796156,-3.1339093217743305e-20,0.04658745535213853,0.9847921331247228,2.566370722806494e-19,0.17373673916491672,-4.037091865099834e-19,4
0.7940000000000006,0.0008838162394815152,0.01789687571216717,-3.075767582378476e-20,0.046587156088033516,0.9847921331247228,2.628938032872239e-19,0.17373673916491675,-4.039319630133826e-19,4
0.7950000000000006,0.0008846912291885988,0.01789769793353818,-3.0155884405024924e-20,0.0465868568239285,0.9847921331247228,2.5894544082316414e-19,0.17373673916491678,-4.0300964428650187e-19,4
0.7960000000000006,0.0008855662188956826,0.017898520154909194,-2.953544421456376e-20,0.04658655755982348,0.9847921331247228,2.5285491935996535e-19,0.1737367391649168,-4.025012941803297e-19,4
0.7970000000000006,0.0008864412086027662,0.017899342376280207,-2.890901832024537e-20,0.04658625829571846,0.9847921331247228,2.386706533444433e-19,0.17373673916491683,-4.015683171804219e-19,4
0.7980000000000006,0.0008873161983098499,0.01790016459765122,-2.8282081778213744e-20,0.046585959031613444,0.9847921331247228,2.233655978868656e-19,0.17373673916491686,-4.0080673555070346e-19,4
0.7990000000000006,0.0008881911880169334,0.017900986819022233,-2.763870124706935e-20,0.046585659767508426,0.9847921331247228,2.1839072599092713e-19,0.1737367391649169,-4.045619227730439e-19,4
0.8000000000000006,0.0008890661777240171,0.017901809040393245,-2.699719462985875e-20,0.04658536050340341,0.9847921331247228,2.1627030968905174e-19,0.17373673916491691,-4.087670539549479e-19,4
0.8010000000000006,0.0008899411674311008,0.01790263126176426,-2.6376429029395245e-20,0.04658506123929839,0.9847921331247228,1.991759515288339e-19,0.17373673916491694,-4.081630337217217e-19,4
0.8020000000000006,0.0008908161571381844,0.01790345348313527,-2.574538762159734e-20,0.04658476197519337,0.9847921331247228,1.8265703899175146e-19,0.17373673916491697,-4.076442842314325e-19,4
0.8030000000000006,0.0008916911468452679,0.017904275704506284,-2.5127961928316136e-20,0.046584462711088355,0.9847921331247228,1.6788748001345049e-19,0.173736739164917,-4.0822604278472823e-19,4
0.8040000000000006,0.0008925661365523517,0.017905097925877297,-2.4519188872137096e-20,0.04658416344698334,0.9847921331247228,1.4817298096897677e-19,0.17373673916491703,-4.076703966927793e-19,4
0.8050000000000006,0.0008934411262594353,0.01790592014724831,-2.391884149757486e-20,0.04658386418287832,0.9847921331247228,1.2704978665073694e-19,0.17373673916491705,-4.0913778688206444e-19,4
0.8060000000000006,0.000894316115966519,0.017906742368619322,-2.3342265200852302e-20,0.0465835649187733,0.9847921331247228,1.0706357222916947e-19,0.17373673916491708,-4.1307732061380986e-19,4
0.8070000000000006,0.0008951911056736027,0.017907564589990335,-2.2780242846744586e-20,0.046583265654668284,0.9847921331247228,9.355628190851138e-20,0.1737367391649171,-4.1578102971570377e-19,4
0.8080000000000006,0.0008960660953806863,0.017908386811361348,-2.2246235300700402e-20,0.046582966390563266,0.9847921331247228,7.228703358568192e-20,0.17373673916491714,-4.1389101604184717e-19,4
0.8090000000000006,0.0008969410850877699,0.01790920903273236,-2.1728477475277677e-20,0.04658266712645825,0.9847921331247228,5.3202070846265824e-20,0.17373673916491716,-4.1254409651270194e-19,4
0.8100000000000006,0.0008978160747948535,0.017910031254103374,-2.122425845780661e-20,0.04658236786235323,0.9847921331247228,4.1773879449969203e-20,0.1737367391649172,-4.116114290239697e-19,4
0.8110000000000006,0.0008986910645019397,0.017910853475474386,-2.0735221438387228e-20,0.046582068598248205,0.9847921331247228,2.3555270224903458e-20,0.17373673916491722,-4.0854424469570553e-19,4
0.8120000000000006,0.0008995660542090257,0.0179116756968454,-2.026320314001398e-20,0.04658176933414318,0.9847921331247228,4.5988754735016724e-21,0.17373673916491725,-4.0504449154641194e-19,4
0.8130000000000006,0.0009004410439161116,0.017912497918216412,-1.9821385966805807e-20,0.046581470070038156,0.9847921331247228,-6.0440375045561195e-21,0.17373673916491728,-3.997496508713407e-19,4
0.8140000000000006,0.0009013160336231976,0.017913320139587425,-1.9422740747276677e-20,0.04658117080593313,0.9847921331247228,-2.4590277993403704e-20,0.17373673916491728,-3.927954876146095e-19,4
0.8150000000000006,0.0009021910233302837,0.017914142360958438,-1.90714088266012e-20,0.046580871541828106,0.9847921331247228,-3.601846617018526e-20,0.17373673916491728,-3.8767759506853124e-19,4
0.8160000000000006,0.0009030660130373664,0.017914964582329447,-1.876091529908387e-20,0.04658057227772308,0.9847921331247228,-4.952032563809152e-20,0.17373673916491728,-3.823516090947747e-19,4
0.8170000000000006,0.0009039410027444491,0.017915786803700456,-1.8487356663928316e-20,0.046580273013618056,0.9847921331247228,-5.803035786152368e-20,0.17373673916491728,-3.78275404328941e-19,4
0.8180000000000006,0.000904815992451532,0.017916609025071466,-1.825696472110983e-20,0.04657997374951303,0.9847921331247228,-7.371927484339573e-20,0.17373673916491728,-3.7245630142676645e-19,4
0.8190000000000006,0.0009056909821586148,0.017917431246442475,-1.8049120812558783e-20,0.04657967448540801,0.9847921331247228,-9.757342467734967e-20,0.17373673916491728,-3.648275660574365e-19,4
0.8200000000000006,0.0009065659718656975,0.017918253467813484,-1.7870830587421817e-20,0.04657937522130298,0.9847921331247228,-1.2424882462273046e-19,0.17373673916491728,-3.556978376789359e-19,4
0.8210000000000006,0.0009074409615727802,0.017919075689184494,-1.7707638905192936e-20,0.04657907595719796,0.9847921331247228,-1.396150621522194e-19,0.17373673916491728,-3.4840552542164e-19,4
0.8220000000000006,0.0009083159512798631,0.017919897910555503,-1.758607107287872e-20,0.04657877669309293,0.9847921331247228,-1.467004928382068e-19,0.17373673916491728,-3.4516432683130183e-19,4
0.8230000000000006,0.0009091909409869458,0.017920720131926512,-1.7484839270653953e-20,0.04657847742898791,0.9847921331247228,-1.5596798657965335e-19,0.17373673916491728,-3.3947799309055237e-19,4
0.8240000000000006,0.0009100659306940285,0.017921542353297522,-1.742504859442665e-20,0.04657817816488288,0.9847921331247228,-1.683691293333202e-19,0.17373673916491728,-3.335038418848036e-19,4
0.8250000000000006,0.0009109409204011113,0.01792236457466853,-1.7394293146927026e-20,0.04657787890077786,0.9847921331247228,-1.7617457367297216e-19,0.17373673916491728,-3.2966238978541603e-19,4
0.8260000000000006,0.0009118159101081941,0.01792318679603954,-1.7391387490274482e-20,0.04657757963667283,0.9847921331247228,-1.9304263362896666e-19,0.17373673916491728,-3.2744647429294976e-19,4
0.8270000000000006,0.0009126908998152768,0.01792400901741055,-1.7416317029268584e-20,0.04657728037256781,0.9847921331247228,-2.0103674193208273e-19,0.17373673916491728,-3.2389039665461973e-19,4
0.8280000000000006,0.0009135658895223595,0.01792483123878156,-1.7480660637291257e-20,0.046576981108462784,0.9847921331247228,-2.1111623987612376e-19,0.17373673916491728,-3.2128834254453155e-19,4
0.8290000000000006,0.0009144408792294424,0.01792565346015257,-1.7552817438495465e-20,0.04657668184435776,0.9847921331247228,-2.1207669807934126e-19,0.17373673916491728,-3.203487052776634e-19,4
0.8300000000000006,0.0009153158689365252,0.017926475681523578,-1.762672352737723e-20,0.046576382580252734,0.9847921331247228,-2.0734535157534823e-19,0.17373673916491728,-3.227920492503199e-19,4
0.8310000000000006,0.0009161908586436078,0.017927297902894587,-1.7741081602701995e-20,0.04657608331614771,0.9847921331247228,-1.9960068309737808e-19,0.17373673916491728,-3.2180439316393986e-19,4
0.8320000000000006,0.0009170658483506906,0.017928120124265597,-1.787716616307901e-20,0.046575784052042685,0.9847921331247228,-1.9396677333586196e-19,0.17373673916491728,-3.2324595531927537e-19,4
0.8330000000000006,0.0009179408380577735,0.017928942345636606,-1.8038612096524885e-20,0.04657548478793766,0.9847921331247228,-1.9025064336158776e-19,0.17373673916491728,-3.212320997828759e-19,4
0.8340000000000006,0.0009188158277648561,0.017929764567007615,-1.8223180434493317e-20,0.046575185523832635,0.9847921331247228,-2.0153149306628736e-19,0.17373673916491728,-3.1641473856272485e-19,4
0.8350000000000006,0.0009196908174719389,0.017930586788378625,-1.8378722929794476e-20,0.04657488625972761,0.9847921331247228,-2.171887864566854e-19,0.17373673916491728,-3.1003339908798856e-19,4
0.8360000000000006,0.0009205658071790217,0.017931409009749634,-1.8563807785100678e-20,0.046574586995622586,0.9847921331247228,-2.295420788551724e-19,0.17373673916491728,-3.042885890428032e-19,4
0.8370000000000006,0.0009214407968861045,0.017932231231120643,-1.8765284975083937e-20,0.04657428773151756,0.9847921331247228,-2.4503051035133875e-19,0.17373673916491728,-2.9635326544648963e-19,4
0.8380000000000006,0.0009223157865931871,0.017933053452491653,-1.9000815548554105e-20,0.046573988467412536,0.9847921331247228,-2.4923244568158946e-19,0.17373673916491728,-2.908855036826328e-19,4
0.8390000000000006,0.0009231907763002699,0.017933875673862662,-1.921048950991416e-20,0.04657368920330751,0.9847921331247228,-2.495479540626665e-19,0.17373673916491728,-2.863684042434709e-19,4
0.8400000000000006,0.0009240657660073528,0.01793469789523367,-1.9444198955748858e-20,0.046573389939202486,0.9847921331247228,-2.4843049530132157e-19,0.17373673916491728,-2.8342603583081164e-19,4
0.8410000000000006,0.0009249407557144355,0.01793552011660468,-1.9700546405775777e-20,0.04657309067509746,0.9847921331247228,-2.474167966929664e-19,0.17373673916491728,-2.8305557830040157e-19,4
0.8420000000000006,0.0009258157454215182,0.01793634233797569,-1.9969166002760437e-20,0.04657279141099244,0.9847921331247228,-2.4248136951237304e-19,0.17373673916491728,-2.8406477394322705e-19,4
0.8430000000000006,0.000926690735128601,0.0179371645593467,-2.0273611462912408e-20,0.04657249214688741,0.9847921331247228,-2.355618560142846e-19,0.17373673916491728,-2.867459288903282e-19,4
0.8440000000000006,0.0009275657248356838,0.01793798678071771,-2.058704446070374e-20,0.04657219288278239,0.9847921331247228,-2.2869076212882003e-19,0.17373673916491728,-2.8989494315416445e-19,4
0.8450000000000006,0.0009284407145427665,0.017938809002088718,-2.0906473648125364e-20,0.04657189361867736,0.9847921331247228,-2.1558042539428328e-19,0.17373673916491728,-2.935641769510332e-19,4
0.8460000000000006,0.0009293157042498493,0.017939631223459727,-2.131159811512353e-20,0.04657159435457234,0.9847921331247228,-2.1910084823172095e-19,0.17373673916491728,-2.9540996293987205e-19,4
0.8470000000000006,0.0009301906939569321,0.017940453444830737,-2.1715346592102457e-20,0.04657129509046731,0.9847921331247228,-2.1392430529366547e-19,0.17373673916491728,-2.9905508510700306e-19,4
0.8480000000000006,0.0009310656836640148,0.017941275666201746,-2.2119227097848967e-20,0.04657099582636229,0.9847921331247228,-2.023423859391263e-19,0.17373673916491728,-3.0472940633918813e-19,4
0.8490000000000006,0.0009319406733710975,0.017942097887572755,-2.2519298222317333e-20,0.04657069656225726,0.9847921331247228,-1.8871871048784816e-19,0.17373673916491728,-3.1356553126875195e-19,4
0.8500000000000006,0.0009328156630781803,0.017942920108943765,-2.2914111545708685e-20,0.04657039729815224,0.9847921331247228,-1.7425512164578662e-19,0.17373673916491728,-3.204896572996534e-19,4
0.8510000000000006,0.0009336906527852632,0.017943742330314774,-2.3307235207452002e-20,0.046570098034047214,0.9847921331247228,-1.6931266743294633e-19,0.17373673916491728,-3.2451941726810967e-19,4
0.8520000000000006,0.0009345656424923458,0.017944564551685784,-2.369610804272261e-20,0.04656979876994219,0.9847921331247228,-1.6881309976300097e-19,0.17373673916491728,-3.2824176599766573e-19,4
0.8530000000000006,0.0009354406321994286,0.017945386773056793,-2.4070154106023223e-20,0.046569499505837164,0.9847921331247228,-1.6192440308828303e-19,0.17373673916491728,-3.3631564363473743e-19,4
0.8540000000000006,0.0009363156219065114,0.017946208994427802,-2.443117684413411e-20,0.04656920024173214,0.9847921331247228,-1.607815538611409e-19,0.17373673916491728,-3.4638881971024305e-19,4
0.8550000000000006,0.0009371906116135942,0.01794703121579881,-2.4791115709554642e-20,0.046568900977627115,0.9847921331247228,-1.5654518120208044e-19,0.17373673916491728,-3.5494757810928166e-19,4
0.8560000000000006,0.0009380656013206769,0.01794785343716982,-2.5137692732820146e-20,0.04656860171352209,0.9847921331247228,-1.5360460985486825e-19,0.17373673916491728,-3.6248584428277956e-19,4
0.8570000000000007,0.0009389405910277596,0.01794867565854083,-2.546065635692159e-20,0.046568302449417065,0.9847921331247228,-1.4708822888916977e-19,0.17373673916491728,-3.7007444787490124e-19,4
0.8580000000000007,0.0009398155807348425,0.01794949787991184,-2.5752171126441585e-20,0.04656800318531204,0.9847921331247228,-1.4116421317828367e-19,0.17373673916491728,-3.7782356658527256e-19,4
0.8590000000000007,0.0009406905704419251,0.01795032010128285,-2.6020434723258404e-20,0.046567703921207015,0.9847921331247228,-1.3582450103684614e-19,0.17373673916491728,-3.8467771529304734e-19,4
0.8600000000000007,0.0009415655601490079,0.01795114232265386,-2.6271932264738667e-20,0.04656740465710199,0.9847921331247228,-1.3650982285049878e-19,0.17373673916491728,-3.926363825497865e-19,4
0.8610000000000007,0.0009424405498560907,0.017951964544024868,-2.647673806802737e-20,0.046567105392996966,0.9847921331247228,-1.3348405616165413e-19,0.17373673916491728,-4.017261604471853e-19,4
0.8620000000000007,0.0009433155395631736,0.017952786765395877,-2.664146256072766e-20,0.04656680612889194,0.9847921331247228,-1.3308837383508956e-19,0.17373673916491728,-4.1125110407026323e-19,4
0.8630000000000007,0.0009441905292702562,0.017953608986766886,-2.682165640865561e-20,0.046566506864786916,0.9847921331247228,-1.265208955365883e-19,0.17373673916491728,-4.1874779059413476e-19,4
0.8640000000000007,0.000945065518977339,0.017954431208137896,-2.6908257444322814e-20,0.04656620760068189,0.9847921331247228,-1.281781059224796e-19,0.17373673916491728,-4.2188777789327305e-19,4
0.8650000000000007,0.0009459405086844218,0.017955253429508905,-2.6929134150412936e-20,0.04656590833657687,0.9847921331247228,-1.2053161031404194e-19,0.17373673916491728,-4.267227608234178e-19,4
0.8660000000000007,0.0009468154983915044,0.017956075650879914,-2.6773973392168244e-20,0.04656560907247184,0.9847921331247228,-1.0652807813534637e-19,0.17373673916491728,-4.3146459999510424e-19,4
0.8670000000000007,0.0009476904880985872,0.017956897872250924,-2.670857049540212e-20,0.04656530980836682,0.9847921331247228,-9.28402601864875e-20,0.17373673916491728,-4.376840498119823e-19,4
0.8680000000000007,0.00094856547780567,0.017957720093621933,-2.6660087051417086e-20,0.04656501054426179,0.9847921331247228,-8.569197267751692e-20,0.17373673916491728,-4.4343758055675345e-19,4
0.8690000000000007,0.0009494404675127529,0.017958542314992942,-2.6685708150601884e-20,0.04656471128015677,0.9847921331247228,-7.64321450128529e-20,0.17373673916491728,-4.487717412578944e-19,4
0.8700000000000007,0.0009503154572198355,0.017959364536363952,-2.6703351487345332e-20,0.04656441201605174,0.9847921331247228,-6.542194241432195e-20,0.17373673916491728,-4.518244863732733e-19,4
0.8710000000000007,0.0009511904469269183,0.01796018675773496,-2.672770356758775e-20,0.04656411275194672,0.9847921331247228,-5.484103024458942e-20,0.17373673916491728,-4.555933835354901e-19,4
0.8720000000000007,0.0009520654366340011,0.01796100897910597,-2.6616309825212043e-20,0.04656381348784169,0.9847921331247228,-5.3580761823105847e-20,0.17373673916491728,-4.451927900542517e-19,4
0.8730000000000007,0.000952940426341084,0.01796183120047698,-2.6633890278795144e-20,0.04656351422373667,0.9847921331247228,-5.579589699615909e-20,0.17373673916491728,-4.3264575803364797e-19,4
0.8740000000000007,0.0009538154160481666,0.01796265342184799,-2.682649128165295e-20,0.046563214959631644,0.9847921331247228,-6.801946276570829e-20,0.17373673916491728,-4.1806802160122716e-19,4
0.8750000000000007,0.0009546904057552494,0.017963475643219,-2.6952267452963033e-20,0.04656291569552662,0.9847921331247228,-7.788087392678706e-20,0.17373673916491728,-4.0258508840801907e-19,4
0.8760000000000007,0.0009555653954623322,0.017964297864590008,-2.6956585221810265e-20,0.046562616431421594,0.9847921331247228,-8.133653374070534e-20,0.17373673916491728,-3.874403686495577e-19,4
0.8770000000000007,0.0009564403851694148,0.017965120085961017,-2.724233473360421e-20,0.04656231716731657,0.9847921331247228,-8.742111733390177e-20,0.17373673916491728,-3.7526759703507124e-19,4
0.8780000000000007,0.0009573153748764976,0.017965942307332027,-2.749821786637927e-20,0.046562017903211544,0.9847921331247228,-9.401600598575102e-20,0.17373673916491728,-3.6453810640885403e-19,4
0.8790000000000007,0.0009581903645835804,0.017966764528703036,-2.7737572060116964e-20,0.04656171863910652,0.9847921331247228,-1.0279780369158406e-19,0.17373673916491728,-3.393138818440945e-19,4
0.8800000000000007,0.0009590653542906633,0.017967586750074045,-2.792807468584635e-20,0.046561419375001495,0.9847921331247228,-1.1627518021975092e-19,0.17373673916491728,-3.194449658834986e-19,4
0.8810000000000007,0.0009599403439977459,0.017968408971445055,-2.8061536785805844e-20,0.04656112011089647,0.9847921331247228,-1.2779402041757059e-19,0.17373673916491728,-3.0018659435031226e-19,4
0.8820000000000007,0.0009608153337048287,0.017969231192816064,-2.82001992869746e-20,0.046560820846791445,0.9847921331247228,-1.3742175691203643e-19,0.17373673916491728,-2.8173825227354655e-19,4
0.8830000000000007,0.0009616903234119115,0.017970053414187073,-2.8380521683901415e-20,0.04656052158268642,0.9847921331247228,-1.449963180463104e-19,0.17373673916491728,-2.6497405817507893e-19,4
0.8840000000000007,0.0009625653131189941,0.017970875635558083,-2.8551120800859416e-20,0.046560222318581396,0.9847921331247228,-1.5075093254011554e-19,0.17373673916491728,-2.4985286591261054e-19,4
0.8850000000000007,0.000963440302826077,0.017971697856929092,-2.875429824145039e-20,0.04655992305447637,0.9847921331247228,-1.5386525484656377e-19,0.17373673916491728,-2.346169673580687e-19,4
0.8860000000000007,0.0009643152925331598,0.0179725200783001,-2.985532100261431e-20,0.046559623790371346,0.9847921331247228,-1.744161176206783e-19,0.17373673916491728,-2.220658577461579e-19,4
0.8870000000000007,0.0009651902822402426,0.01797334229967111,-3.0973568397789415e-20,0.04655932452626632,0.9847921331247228,-1.9561634260567445e-19,0.17373673916491728,-2.1156764111497747e-19,4
0.8880000000000007,0.0009660652719473252,0.01797416452104212,-3.201584096546213e-20,0.0465590252621613,0.9847921331247228,-2.2148818701521394e-19,0.17373673916491728,-2.0156718613938354e-19,4
0.8890000000000007,0.000966940261654408,0.01797498674241313,-3.154017875151841e-20,0.04655872599805627,0.9847921331247228,-2.0789125763249367e-19,0.17373673916491728,-1.8336397320383945e-19,4
0.8900000000000007,0.0009678152513614908,0.01797580896378414,-3.127090907803445e-20,0.04655842673395125,0.9847921331247228,-1.9939873343165695e-19,0.17373673916491728,-1.6875289207059907e-19,4
0.8910000000000007,0.0009686902410685734,0.017976631185155148,-3.127207226306401e-20,0.04655812746984622,0.9847921331247228,-1.8818499386393683e-19,0.17373673916491728,-1.6017144378166915e-19,4
0.8920000000000007,0.0009695652307756563,0.017977453406526157,-3.131848012106374e-20,0.0465578282057412,0.9847921331247228,-1.8081437395683444e-19,0.17373673916491728,-1.5138839494584269e-19,4
0.8930000000000007,0.0009704402204827391,0.017978275627897167,-3.1255765076525796e-20,0.04655752894163617,0.9847921331247228,-1.6741421219397128e-19,0.17373673916491728,-1.4541376644526188e-19,4
0.8940000000000007,0.0009713152101898219,0.017979097849268176,-3.123743927296502e-20,0.04655722967753115,0.9847921331247228,-1.3949896680647082e-19,0.17373673916491728,-1.4247628623464485e-19,4
0.8950000000000007,0.0009721901998969045,0.017979920070639185,-3.0909186924239886e-20,0.04655693041342612,0.9847921331247228,-1.0940107286821981e-19,0.17373673916491728,-1.4230270298562638e-19,4
0.8960000000000007,0.0009730651896039874,0.017980742292010195,-3.059845673092891e-20,0.0465566311493211,0.9847921331247228,-7.86585849191085e-20,0.17373673916491728,-1.4356476620656747e-19,4
0.8970000000000007,0.0009739401793110701,0.017981564513381204,-3.0330377944920906e-20,0.04655633188521607,0.9847921331247228,-5.390612203002256e-20,0.17373673916491728,-1.4424647246000057e-19,4
0.8980000000000007,0.0009748151690181529,0.017982386734752213,-3.029671129205955e-20,0.04655603262111105,0.9847921331247228,-4.0507031140137523e-20,0.17373673916491728,-1.4424714754038087e-19,4
0.8990000000000007,0.0009756901587252356,0.017983208956123223,-3.0363417232052173e-20,0.046555733357006024,0.9847921331247228,-2.8463640858511287e-20,0.17373673916491728,-1.4575334064750665e-19,4
0.9000000000000007,0.0009765651484323185,0.017984031177494232,-2.972899100431671e-20,0.046555434092901,0.9847921331247228,5.657033970769208e-22,0.17373673916491728,-1.323424041828412e-19,4
0.9010000000000007,0.0009774401381394012,0.01798485339886524,-2.885913526888282e-20,0.046555134828795974,0.9847921331247228,3.231276606898809e-20,0.17373673916491728,-1.138613699759887e-19,4
0.9020000000000007,0.0009783151278464838,0.01798567562023625,-2.804245416999889e-20,0.04655483556469095,0.9847921331247228,4.676421834524628e-20,0.17373673916491728,-9.185264776210118e-20,4
0.9030000000000007,0.0009791901175535667,0.01798649784160726,-2.7705922232706757e-20,0.046554536300585925,0.9847921331247228,5.173781928558057e-20,0.17373673916491728,-6.980925902260863e-20,4
0.9040000000000007,0.0009800651072606494,0.01798732006297827,-2.7252650509555223e-20,0.0465542370364809,0.9847921331247228,6.289148543158582e-20,0.17373673916491728,-4.732284671634407e-20,4
0.9050000000000007,0.000980940096967732,0.01798814228434928,-2.689990829151989e-20,0.046553937772375875,0.9847921331247228,6.924705602205025e-20,0.17373673916491728,-2.54159875528214e-20,4
0.9060000000000007,0.000981815086674815,0.017988964505720288,-2.6587680195177923e-20,0.04655363850827085,0.9847921331247228,7.076226933472314e-20,0.17373673916491728,-5.349514565693246e-21,4
0.9070000000000007,0.0009826900763818978,0.017989786727091298,-2.622582223608729e-20,0.046553339244165826,0.9847921331247228,7.029755884502226e-20,0.17373673916491728,1.5119894547104885e-20,4
0.9080000000000007,0.0009835650660889805,0.017990608948462307,-2.588220246366289e-20,0.0465530399800608,0.9847921331247228,7.457828639181136e-20,0.17373673916491728,3.501713489661737e-20,4
0.9090000000000007,0.0009844400557960631,0.017991431169833316,-2.5743938646235393e-20,0.046552740715955776,0.9847921331247228,7.266607128591688e-20,0.17373673916491728,5.521504503343999e-20,4
0.9100000000000007,0.000985315045503146,0.017992253391204326,-2.5417981694380268e-20,0.04655244145185075,0.9847921331247228,7.281183843958313e-20,0.17373673916491728,7.404661773228918e-20,4
0.9110000000000007,0.000986190035210229,0.017993075612575335,-2.648825356394737e-20,0.046552142187745726,0.9847921331247228,5.125367690432425e-20,0.17373673916491728,1.073299033215373e-19,4
0.9120000000000007,0.0009870650249173116,0.017993897833946344,-2.772597885423398e-20,0.0465518429236407,0.9847921331247228,2.4747447303418514e-20,0.17373673916491728,1.417511456497383e-19,4
0.9130000000000007,0.0009879400146243942,0.017994720055317354,-2.927259677802975e-20,0.04655154365953568,0.9847921331247228,-1.0212384645213715e-20,0.17373673916491728,1.7401664644463481e-19,4
0.9140000000000007,0.0009888150043314771,0.017995542276688363,-3.0322464413482685e-20,0.04655124439543065,0.9847921331247228,-2.3802972658567042e-20,0.17373673916491728,1.9886506791569665e-19,4
0.9150000000000007,0.0009896899940385598,0.017996364498059372,-3.057851884110205e-20,0.04655094513132563,0.9847921331247228,-1.7364551844525408e-20,0.17373673916491728,2.1589870953294578e-19,4
0.9160000000000007,0.0009905649837456424,0.01799718671943038,-3.103317486411678e-20,0.0465506458672206,0.9847921331247228,-5.287639668987305e-21,0.17373673916491728,2.306156827749619e-19,4
0.9170000000000007,0.0009914399734527253,0.01799800894080139,-3.138114804544652e-20,0.04655034660311558,0.9847921331247228,1.3169999312968477e-20,0.17373673916491728,2.449988574043664e-19,4
0.9180000000000007,0.0009923149631598082,0.0179988311621724,-3.188879866590648e-20,0.04655004733901055,0.9847921331247228,1.7507065311370405e-20,0.17373673916491728,2.597057261047883e-19,4
0.9190000000000007,0.0009931899528668909,0.01799965338354341,-3.208401444398071e-20,0.04654974807490553,0.9847921331247228,2.1500037869479707e-20,0.17373673916491728,2.769562387827717e-19,4
0.9200000000000007,0.0009940649425739735,0.01800047560491442,-3.2361324824758403e-20,0.0465494488108005,0.9847921331247228,2.7036817369278345e-20,0.17373673916491728,2.873279293043257e-19,4
0.9210000000000007,0.0009949399322810564,0.01800129782628543,-3.266232701750359e-20,0.04654914954669548,0.9847921331247228,3.522446592685956e-20,0.17373673916491728,2.980238416228551e-19,4
0.9220000000000007,0.0009958149219881393,0.018002120047656438,-3.2914030756663586e-20,0.046548850282590454,0.9847921331247228,3.607239125688604e-20,0.17373673916491728,3.0784717248810783e-19,4
0.9230000000000007,0.0009966899116952217,0.018002942269027447,-3.340855891190222e-20,0.04654855101848543,0.9847921331247228,3.1550905301807215e-20,0.17373673916491728,3.1518203121104087e-19,4
0.9240000000000007,0.0009975649014023046,0.018003764490398456,-3.3932722349902066e-20,0.046548251754380404,0.9847921331247228,1.716221750414933e-20,0.17373673916491728,3.2209020551633876e-19,4
0.9250000000000007,0.0009984398911093875,0.018004586711769466,-3.4201131169402556e-20,0.04654795249027538,0.9847921331247228,1.16768430489354e-20,0.17373673916491728,3.273740213447912e-19,4
0.9260000000000007,0.0009993148808164702,0.018005408933140475,-3.4601811070855264e-20,0.046547653226170355,0.9847921331247228,6.7221711925973265e-21,0.17373673916491728,3.3251057222705956e-19,4
0.9270000000000007,0.0010001898705235528,0.018006231154511484,-3.4964419382313434e-20,0.04654735396206533,0.9847921331247228,-1.731881737760205e-22,0.17373673916491728,3.3772447860771554e-19,4
0.9280000000000007,0.0010010648602306357,0.018007053375882494,-3.469686640197247e-20,0.046547054697960305,0.9847921331247228,8.947115212079419e-21,0.17373673916491728,3.417503196910481e-19,4
0.9290000000000007,0.0010019398499377186,0.018007875597253503,-3.487607626651463e-20,0.04654675543385528,0.9847921331247228,2.8174879306073786e-20,0.17373673916491728,3.4415074844588314e-19,4
0.9300000000000007,0.0010028148396448013,0.018008697818624513,-3.50077349321815e-20,0.046546456169750255,0.9847921331247228,4.9558226747468936e-20,0.17373673916491728,3.469627771573908e-19,4
0.9310000000000007,0.001003689829351884,0.018009520039995522,-3.6062412438854167e-20,0.04654615690564523,0.9847921331247228,4.3590757843768063e-20,0.17373673916491728,3.4714803878663473e-19,4
0.9320000000000007,0.0010045648190589668,0.01801034226136653,-3.6901120765897445e-20,0.046545857641540206,0.9847921331247228,3.981385281218177e-20,0.17373673916491728,3.466818217576328e-19,4
0.9330000000000007,0.0010054398087660495,0.01801116448273754,-3.92209269702007e-20,0.04654555837743518,0.9847921331247228,5.2570394293409795e-21,0.17373673916491728,3.551856336086019e-19,4
0.9340000000000007,0.0010063147984731321,0.01801198670410855,-4.11945895347356e-20,0.046545259113330156,0.9847921331247228,-2.1864374202669427e-20,0.17373673916491728,3.5999885967253395e-19,4
0.9350000000000007,0.001007189788180215,0.01801280892547956,-4.325977584512161e-20,0.04654495984922513,0.9847921331247228,-5.3580224009083016e-20,0.17373673916491728,3.664145221565623e-19,4
0.9360000000000007,0.001008064777887298,0.01801363114685057,-4.5172671889485455e-20,0.04654466058512011,0.9847921331247228,-6.986987641401802e-20,0.17373673916491728,3.709005867597501e-19,4
0.9370000000000007,0.0010089397675943806,0.018014453368221578,-4.7193557414470076e-20,0.04654436132101508,0.9847921331247228,-8.31390048118069e-20,0.17373673916491728,3.7353184402018677e-19,4
0.9380000000000007,0.0010098147573014632,0.018015275589592587,-5.016717407166115e-20,0.04654406205691006,0.9847921331247228,-1.2998260273267485e-19,0.17373673916491728,3.9746350826157387e-19,4
0.9390000000000007,0.0010106897470085461,0.018016097810963597,-5.28838256558871e-20,0.04654376279280503,0.9847921331247228,-1.6172415653422066e-19,0.17373673916491728,4.140268433707024e-19,4
0.9400000000000007,0.001011564736715629,0.018016920032334606,-5.51615654202673e-20,0.04654346352870001,0.9847921331247228,-1.9141670039907186e-19,0.17373673916491728,4.2573604328128625e-19,4
0.9410000000000007,0.0010124397264227117,0.018017742253705615,-5.7389587591842e-20,0.04654316426459498,0.9847921331247228,-2.1770623760957447e-19,0.17373673916491728,4.37636773094754e-19,4
0.9420000000000007,0.0010133147161297943,0.018018564475076625,-5.972372236546442e-20,0.04654286500048996,0.9847921331247228,-2.4205348792698047e-19,0.17373673916491728,4.49141206675043e-19,4
0.9430000000000007,0.0010141897058368772,0.018019386696447634,-6.188050846014066e-20,0.04654256573638493,0.9847921331247228,-2.718943099509237e-19,0.17373673916491728,4.613497945411675e-19,4
0.9440000000000007,0.0010150646955439599,0.018020208917818643,-6.393714269075155e-20,0.04654226647227991,0.9847921331247228,-2.946246508610412e-19,0.17373673916491728,4.699251186708564e-19,4
0.9450000000000007,0.0010159396852510425,0.018021031139189653,-6.598944055214176e-20,0.046541967208174884,0.9847921331247228,-3.138943285749386e-19,0.17373673916491728,4.786818009532302e-19,4
0.9460000000000007,0.0010168146749581254,0.018021853360560662,-6.934991769029479e-20,0.04654166794406986,0.9847921331247228,-3.570128949561021e-19,0.17373673916491728,4.808118035382658e-19,4
0.9470000000000007,0.0010176896646652083,0.01802267558193167,-7.234560156246589e-20,0.046541368679964834,0.9847921331247228,-3.883366453895352e-19,0.17373673916491728,4.803845666587076e-19,4
0.9480000000000007,0.001018564654372291,0.01802349780330268,-7.47873913869843e-20,0.04654106941585981,0.9847921331247228,-4.167729485402479e-19,0.17373673916491728,4.791829071540862e-19,4
0.9490000000000007,0.0010194396440793736,0.01802432002467369,-7.70305447445254e-20,0.046540770151754784,0.9847921331247228,-4.2879022687680686e-19,0.17373673916491728,4.769334028088115e-19,4
0.9500000000000007,0.0010203146337864565,0.0180251422460447,-7.957748491375888e-20,0.04654047088764976,0.9847921331247228,-4.414183475269893e-19,0.17373673916491728,4.764290763113272e-19,4
0.9510000000000007,0.0010211896234935392,0.01802596446741571,-8.196158602410027e-20,0.046540171623544735,0.9847921331247228,-4.597698062690666e-19,0.17373673916491728,4.747670061692181e-19,4
0.9520000000000007,0.001022064613200622,0.018026786688786718,-8.422726683217282e-20,0.04653987235943971,0.9847921331247228,-4.863663014865858e-19,0.17373673916491728,4.74083121446852e-19,4
0.9530000000000007,0.0010229396029077047,0.018027608910157727,-8.610216237456688e-20,0.046539573095334685,0.9847921331247228,-4.941528220047215e-19,0.17373673916491728,4.689702405968818e-19,4
0.9540000000000007,0.0010238145926147876,0.018028431131528737,-8.789537326854101e-20,0.04653927383122966,0.9847921331247228,-4.95611354717338e-19,0.17373673916491728,4.626873394456298e-19,4
0.9550000000000007,0.0010246895823218703,0.018029253352899746,-8.989462019675654e-20,0.046538974567124636,0.9847921331247228,-4.99641555060013e-19,0.17373673916491728,4.534223890373579e-19,4
0.9560000000000007,0.001025564572028953,0.018030075574270756,-9.16127336393048e-20,0.04653867530301961,0.9847921331247228,-5.047013932972046e-19,0.17373673916491728,4.502041297144237e-19,4
0.9570000000000007,0.0010264395617360358,0.018030897795641765,-9.330106995743451e-20,0.046538376038914586,0.9847921331247228,-5.064612334562342e-19,0.17373673916491728,4.450817583151339e-19,4
0.9580000000000007,0.0010273145514431185,0.018031720017012774,-9.644135901160312e-20,0.04653807677480956,0.9847921331247228,-5.43802056068169e-19,0.17373673916491728,4.614024008404558e-19,4
0.9590000000000007,0.0010281895411502014,0.018032542238383784,-9.935196831177224e-20,0.04653777751070454,0.9847921331247228,-5.820540773878413e-19,0.17373673916491728,4.769846323372853e-19,4
0.9600000000000007,0.001029064530857284,0.018033364459754793,-1.0261624726797501e-19,0.04653747824659951,0.9847921331247228,-5.979438681187035e-19,0.17373673916491728,4.966005830619859e-19,4
0.9610000000000007,0.001029939520564367,0.018034186681125802,-1.0597304422584326e-19,0.04653717898249449,0.9847921331247228,-6.142196703601593e-19,0.17373673916491728,5.120033658306593e-19,4
0.9620000000000007,0.0010308145102714496,0.01803500890249681,-1.0914980952761516e-19,0.04653687971838946,0.9847921331247228,-6.240681000512528e-19,0.17373673916491728,5.270641207582614e-19,4
0.9630000000000007,0.0010316894999785322,0.01803583112386782,-1.1206901974366245e-19,0.04653658045428444,0.9847921331247228,-6.275784650508313e-19,0.17373673916491728,5.405303146767533e-19,4
0.9640000000000007,0.0010325644896856151,0.01803665334523883,-1.151715357677393e-19,0.04653628119017941,0.9847921331247228,-6.235645534598574e-19,0.17373673916491728,5.562089244017406e-19,4
0.9650000000000007,0.0010334394793926978,0.01803747556660984,-1.1810996402747097e-19,0.04653598192607439,0.9847921331247228,-6.229272989255569e-19,0.17373673916491728,5.690475008681487e-19,4
0.9660000000000007,0.0010343144690997807,0.01803829778798085,-1.2097276987696216e-19,0.04653568266196936,0.9847921331247228,-6.296560674673126e-19,0.17373673916491728,5.786929394975316e-19,4
0.9670000000000007,0.0010351894588068633,0.01803912000935186,-1.2362608689060517e-19,0.04653538339786434,0.9847921331247228,-6.340763026686474e-19,0.17373673916491728,5.887229946906977e-19,4
0.9680000000000007,0.0010360644485139462,0.018039942230722868,-1.2772094311313735e-19,0.046535084133759314,0.9847921331247228,-6.578413619411353e-19,0.17373673916491728,5.966163012425218e-19,4
0.9690000000000007,0.0010369394382210289,0.018040764452093877,-1.3175189809829122e-19,0.04653478486965429,0.9847921331247228,-6.886823985127362e-19,0.17373673916491728,6.044360222494964e-19,4
0.9700000000000008,0.0010378144279281118,0.018041586673464886,-1.354980429917987e-19,0.046534485605549264,0.9847921331247228,-7.129935081827661e-19,0.17373673916491728,6.129525301678638e-19,4
0.9710000000000008,0.0010386894176351944,0.018042408894835896,-1.3906247790250674e-19,0.04653418634144424,0.9847921331247228,-7.385679873598416e-19,0.17373673916491728,6.224838087022849e-19,4
0.9720000000000008,0.001039564407342277,0.018043231116206905,-1.4260029448945987e-19,0.046533887077339214,0.9847921331247228,-7.270127513483186e-19,0.17373673916491728,6.129395283695734e-19,4
0.9730000000000008,0.00104043939704936,0.018044053337577914,-1.4622088442773928e-19,0.04653358781323419,0.9847921331247228,-7.195780381398649e-19,0.17373673916491728,6.089303247698162e-19,4
0.9740000000000008,0.0010413143867564426,0.018044875558948924,-1.4963433456549183e-19,0.046533288549129165,0.9847921331247228,-7.085077978109696e-19,0.17373673916491728,6.029578151585165e-19,4
0.9750000000000008,0.0010421893764635255,0.018045697780319933,-1.5324358579975335e-19,0.04653298928502414,0.9847921331247228,-7.058934729229305e-19,0.17373673916491728,6.013827977284781e-19,4
0.9760000000000008,0.0010430643661706082,0.018046520001690942,-1.570107130528283e-19,0.046532690020919115,0.9847921331247228,-7.037481436850953e-19,0.17373673916491728,6.03641748321516e-19,4
0.9770000000000008,0.001043939355877691,0.018047342223061952,-1.60644869770255e-19,0.04653239075681409,0.9847921331247228,-6.982764829857475e-19,0.17373673916491728,6.0610575583245955e-19,4
0.9780000000000008,0.0010448143455847737,0.01804816444443296,-1.658995765463476e-19,0.046532091492709066,0.9847921331247228,-7.272090471060065e-19,0.17373673916491728,6.080328823969298e-19,4
0.9790000000000008,0.0010456893352918566,0.01804898666580397,-1.7104098387027924e-19,0.04653179222860404,0.9847921331247228,-7.550998867015596e-19,0.17373673916491728,6.103567340914615e-19,4
0.9800000000000008,0.0010465643249989393,0.01804980888717498,-1.7687192006113023e-19,0.046531492964499016,0.9847921331247228,-7.78174735869868e-19,0.17373673916491728,6.069155377546443e-19,4
0.9810000000000008,0.0010474393147060221,0.01805063110854599,-1.8233222940995072e-19,0.04653119370039399,0.9847921331247228,-7.940596160144711e-19,0.17373673916491728,6.070140245014634e-19,4
0.9820000000000008,0.0010483143044131048,0.018051453329917,-1.8747248986634304e-19,0.046530894436288966,0.9847921331247228,-8.066617739617679e-19,0.17373673916491728,6.071138802265047e-19,4
0.9830000000000008,0.0010491892941201875,0.018052275551288008,-1.922749576932961e-19,0.04653059517218394,0.9847921331247228,-8.259499551355926e-19,0.17373673916491728,6.043233956871528e-19,4
0.9840000000000008,0.0010500642838272704,0.018053097772659017,-1.9677345996457867e-19,0.04653029590807892,0.9847921331247228,-8.453354750469982e-19,0.17373673916491728,6.031874968453798e-19,4
0.9850000000000008,0.001050939273534353,0.018053919994030027,-2.019917930358367e-19,0.04652999664397389,0.9847921331247228,-8.590066033668839e-19,0.17373673916491728,5.849248362832698e-19,4
0.9860000000000008,0.001051814263241436,0.018054742215401036,-2.069173102094953e-19,0.04652969737986887,0.9847921331247228,-8.598052489480103e-19,0.17373673916491728,5.711017846513144e-19,4
0.9870000000000008,0.0010526892529485186,0.018055564436772045,-2.1154063706283494e-19,0.04652939811576384,0.9847921331247228,-8.683500804596774e-19,0.17373673916491728,5.613396334553827e-19,4
0.9880000000000008,0.0010535642426556014,0.018056386658143055,-2.1613550327101574e-19,0.04652909885165882,0.9847921331247228,-8.848694142451334e-19,0.17373673916491728,5.577924769197822e-19,4
0.9890000000000008,0.0010544392323626841,0.018057208879514064,-2.2063100503140395e-19,0.04652879958755379,0.9847921331247228,-9.015262388625094e-19,0.17373673916491728,5.56752515590196e-19,4
0.9900000000000008,0.0010553142220697668,0.018058031100885073,-2.2488730060108233e-19,0.04652850032344877,0.9847921331247228,-9.116496997059238e-19,0.17373673916491728,5.56197353366705e-19,4
0.9910000000000008,0.0010561892117768497,0.018058853322256083,-2.2881373836689565e-19,0.04652820105934374,0.9847921331247228,-9.283179093310735e-19,0.17373673916491728,5.575887011412288e-19,4
0.9920000000000008,0.0010570642014839325,0.018059675543627092,-2.3245873307301234e-19,0.04652790179523872,0.9847921331247228,-9.40207090719475e-19,0.17373673916491728,5.555467179385095e-19,4
0.9930000000000008,0.0010579391911910152,0.0180604977649981,-2.3625266028018526e-19,0.046527602531133694,0.9847921331247228,-9.453098063455977e-19,0.17373673916491728,5.550017890243851e-19,4
0.9940000000000008,0.0010588141808980979,0.01806131998636911,-2.401710022500653e-19,0.04652730326702867,0.9847921331247228,-9.595244033739952e-19,0.17373673916491728,5.526286334478841e-19,4
0.9950000000000008,0.0010596891706051808,0.01806214220774012,-2.4397391723874347e-19,0.046527004002923644,0.9847921331247228,-9.605711639215454e-19,0.17373673916491728,5.4978120672251735e-19,4
0.9960000000000008,0.0010605641603122634,0.01806296442911113,-2.4846800913669412e-19,0.04652670473881862,0.9847921331247228,-9.76388788951637e-19,0.17373673916491728,5.463152909425961e-19,4
0.9970000000000008,0.0010614391500193463,0.01806378665048214,-2.530977885597883e-19,0.046526405474713595,0.9847921331247228,-9.886169504181244e-19,0.17373673916491728,5.453332065876428e-19,4
0.9980000000000008,0.001062314139726429,0.018064608871853148,-2.5748397809731437e-19,0.04652610621060857,0.9847921331247228,-9.957454413679005e-19,0.17373673916491728,5.442433271948161e-19,4
0.9990000000000008,0.0010631891294335118,0.018065431093224157,-2.6178557952936997e-19,0.046525806946503545,0.9847921331247228,-1.0030017344316499e-18,0.17373673916491728,5.450247893127718e-19,4
1.0000000000000007,0.0010640641191405945,0.018066253314595167,-2.6590486708921983e-19,0.04652550768239852,0.9847921331247228,-1.01433684530135e-18,0.17373673916491728,5.4647219672182225e-19,4
