time_s,along_slope_displacement_m,x,y,z,qw,qx,qy,qz,contacts
0.0,0.0,0.017135209180616003,0.0,0.047078600301374014,0.984807753012208,0.0,0.17364817766693033,0.0,0
0.0005,8.388044373847806e-07,0.017135209180616003,0.0,0.04707614780126911,0.984807753012208,0.0,0.17364817766693033,0.0,0
0.001,2.5164133121567152e-06,0.017135209180616003,0.0,0.0470712428010593,0.984807753012208,0.0,0.17364817766693033,0.0,0
0.0015,5.0328266243134305e-06,0.017135209180616003,0.0,0.04706388530074459,0.984807753012208,0.0,0.17364817766693033,0.0,0
0.002,8.388044373854926e-06,0.017135209180616003,0.0,0.047054075300324974,0.984807753012208,0.0,0.17364817766693033,0.0,0
0.0025,1.2582066560783577e-05,0.017135209180616003,0.0,0.04704181279980045,0.984807753012208,0.0,0.17364817766693033,0.0,0
0.003,1.7614893185097005e-05,0.017135209180616003,0.0,0.047027097799171025,0.984807753012208,0.0,0.17364817766693033,0.0,0
0.0035,2.3486524246795218e-05,0.017135209180616003,0.0,0.0470099302984367,0.984807753012208,0.0,0.17364817766693033,0.0,0
0.004,3.019695974588058e-05,0.017135209180616003,0.0,0.04699031029759746,0.984807753012208,0.0,0.17364817766693033,0.0,0
0.0045000000000000005,3.7746199682350727e-05,0.017135209180616003,0.0,0.04696823779665332,0.984807753012208,0.0,0.17364817766693033,0.0,4
0.005000000000000001,4.562276352872943e-05,0.017135894790381086,-1.111447354343748e-24,0.04694709196196924,0.9848077467796253,-1.6180729218757642e-21,0.17364821301365949,-1.3551816929099013e-22,4
0.005500000000000001,5.3832829579953135e-05,0.01713725772826784,1.8820436019042234e-23,0.04692683197579102,0.9848077347226051,1.75595995408041e-21,0.1736482813923908,-8.39122738928816e-22,4
0.006000000000000002,6.238234384896009e-05,0.017139290023993312,4.737417195488895e-23,0.046907418554967426,0.9848077172332939,6.820676602695896e-22,0.1736483805791134,-1.060459083296478e-21,4
0.006500000000000002,7.127703021013852e-05,0.017141984005038278,9.109037334753725e-23,0.04688881388393602,0.9848076946877176,-2.2391146806551376e-21,0.17364850844122742,-1.0934540583433259e-21,4
0.007000000000000003,8.052239998565385e-05,0.017145332283797363,1.3009617815922764e-22,0.04687098155138986,0.9848076674457771,-1.2209195526442417e-21,0.17364866293757472,-1.2362519289510187e-21,4
0.007500000000000003,9.01237610077526e-05,0.017149327745431545,1.630366845956807e-22,0.04685388649040611,0.9848076358513418,2.640033939779636e-21,0.17364884211790965,-1.7822388641474967e-21,4
0.008000000000000004,0.00010008622618881856,0.017153963536380473,1.832950385680597e-22,0.046837494921826726,0.984807600232426,5.399348782296091e-21,0.17364904412190144,-2.393067767745977e-21,4
0.008500000000000004,0.00011041472162951838,0.017159233053494007,1.9374018148047606e-22,0.04682177430069101,0.9848075609014338,9.853172966593518e-21,0.17364926717774737,-2.5794717425724544e-21,4
0.009000000000000005,0.00012111399429376642,0.01716512993374434,2.1218067214088343e-22,0.046806693265529754,0.9848075181554605,1.3345515916982506e-20,0.17364950960046585,-2.6079467851835183e-21,4
0.009500000000000005,0.00013218861927781817,0.017171648044482242,2.1265207419751987e-22,0.04679222159034112,0.9848074722766399,7.655106986276553e-21,0.1736497697899291,-1.8102958451779505e-21,4
0.010000000000000005,0.00014364300669911245,0.017178781474202928,1.9381116685241908e-22,0.046778330139078415,0.9848074235325275,-1.9495456111253553e-21,0.173650046228687,-5.669757788851433e-22,4
0.010500000000000006,0.00015548140822912543,0.01718652452378918,1.716976044111768e-22,0.04676499082249001,0.9848073721765144,-1.3326469357849148e-20,0.17365033747962733,1.091792831694873e-21,4
0.011000000000000006,0.0001677079232928815,0.017194871698201254,1.49037792004024e-22,0.046752176557161365,0.9848073184482611,-1.9832890752475903e-20,0.17365064218351053,2.1844789468969613e-21,4
0.011500000000000007,0.00018032650495643148,0.017203817698585058,1.1952294388955275e-22,0.04673986122661859,0.9848072625741489,-3.1764981594352774e-20,0.17365095905641223,4.093872352157928e-21,4
0.012000000000000007,0.0001933409655222099,0.017213357414771892,9.026866315957449e-23,0.046728019644361955,0.9848072047677422,-4.574151013729405e-20,0.17365128688710216,6.2070059512593906e-21,4
0.012500000000000008,0.00020675498185089347,0.01722348591814484,4.9423214574182544e-23,0.04671662751870634,0.9848071452302577,-5.430925434876593e-20,0.17365162453438354,7.663143121832267e-21,4
0.013000000000000008,0.0002205721004271025,0.017234198454848467,9.55217815993959e-24,0.04670566141931393,0.9848070841510366,-5.789108970083529e-20,0.17365197092441392,8.239344093523768e-21,4
0.013500000000000009,0.00023479574218517296,0.01724549043932014,-3.018292333733769e-23,0.0466950987453121,0.9848070217080175,-6.056957979533764e-20,0.17365232504802475,8.980433399272688e-21,4
0.014000000000000009,0.0002494292071100995,0.017257357448122783,-7.634084660657471e-23,0.046684917694896695,0.9848069580682062,-5.890450914044016e-20,0.17365268595805478,9.044786398782695e-21,4
0.01450000000000001,0.00026447567862765745,0.017269795214060125,-1.2057511554693246e-22,0.04667509723632804,0.9848068933881416,-5.45865376379444e-20,0.1736530527667098,8.756510743020845e-21,4
0.01500000000000001,0.0002799382277968145,0.017282799620557034,-1.6270943034192519e-22,0.04666561708023319,0.9848068278143549,-5.3844309004215966e-20,0.1736534246429589,8.976397508324058e-21,4
0.01550000000000001,0.0002958198173165818,0.017296366696288576,-2.0032644308880312e-22,0.04665645765313415,0.98480676148382,-5.2041136726646325e-20,0.17365380080997603,8.964611616494544e-21,4
0.01600000000000001,0.0003121233053585855,0.01731049261004267,-2.4203701371061163e-22,0.04664760007212747,0.9848066945243957,-4.775610036108861e-20,0.1736541805426339,8.9001359506422e-21,4
0.01650000000000001,0.0003288514492358546,0.01732517366580228,-2.82118374204527e-22,0.046639026120645834,0.9848066270552578,-3.6302708056409357e-20,0.17365456316505617,8.32589838830975e-21,4
0.01700000000000001,0.0003460069089175927,0.017340406298034104,-3.2238228121967055e-22,0.04663071822523734,0.9848065591873187,-2.864657899734637e-20,0.17365494804823187,7.88645627916916e-21,4
0.017500000000000012,0.00036359225039894093,0.01735618706717156,-3.6381719590928237e-22,0.046622659433302585,0.9848064910236372,-2.240504675321021e-20,0.1736553346076963,7.786615878452934e-21,4
0.018000000000000013,0.0003816099489341717,0.01737251265528091,-4.0139429654259656e-22,0.04661483339173422,0.9848064226598142,-2.0678099985854122e-20,0.17365572230128073,7.746908857301411e-21,4
0.018500000000000013,0.00040006239214107067,0.017389379861899996,-4.410640974339825e-22,0.04660722432640735,0.9848063541843781,-1.7874075035679918e-20,0.17365611062693284,7.630393925495035e-21,4
0.019000000000000013,0.00041895188298377484,0.017406785600039942,-4.804867121315758e-22,0.04659981702247305,0.9848062856791554,-1.6591097596570623e-20,0.1736564991206093,7.784300603594067e-21,4
0.019500000000000014,0.00043828064264074497,0.017424726892340793,-5.160342819554855e-22,0.04659259680541073,0.9848062172196299,-1.1108485685689317e-20,0.17365688735424117,7.408265281796448e-21,4
0.020000000000000014,0.0004580508132641182,0.017443200867372756,-5.528448866439785e-22,0.046585549522798024,0.9848061488752884,-5.5003246199733394e-21,0.17365727493377248,7.365074683306558e-21,4
0.020500000000000015,0.0004782644606362241,0.017462204756075305,-5.911273625046832e-22,0.0465786615267602,0.9848060807099536,1.3518925321098045e-21,0.17365766149727171,7.451424961113307e-21,4
0.021000000000000015,0.000498923576728626,0.017481735888326938,-6.294733142055137e-22,0.0465719196570635,0.9848060127821041,9.39885639743597e-21,0.17365804671311597,7.177588748574052e-21,4
0.021500000000000016,0.0005200300821686626,0.017501791689638908,-6.659198139989296e-22,0.04656531122481956,0.9848059451451823,8.398600541752539e-21,0.17365843027824684,7.697731522610106e-21,4
0.022000000000000016,0.0005415858286181466,0.017522369677966738,-7.035915418281015e-22,0.04655882399677027,0.984805877847889,8.288760610410943e-21,0.1736588119164972,7.827164692155654e-21,4
0.022500000000000017,0.0005635926010684853,0.017543467460633733,-7.421843348082394e-22,0.04655244618012471,0.9848058109344661,8.17644297268011e-21,0.17365919137698752,8.295442192661566e-21,4
0.023000000000000017,0.0005860521200562521,0.017565082731361138,-7.814643693451029e-22,0.046546166407921676,0.9848057444449676,6.354077056070948e-21,0.17365956843259067,8.805241096282727e-21,4
0.023500000000000017,0.000608966043802908,0.017587213267399954,-8.209371539901578e-22,0.046539973724893276,0.9848056784155184,3.2632867250823144e-21,0.17365994287846342,9.705944173650008e-21,4
0.024000000000000018,0.0006323359702821692,0.017609856926759777,-8.567171650247064e-22,0.04653385757380666,0.9848056128785613,7.705410866646734e-21,0.1736603145306433,9.976042689270374e-21,4
0.02450000000000002,0.0006561634392182065,0.017633011645530307,-8.916517969499699e-22,0.04652780778226258,0.9848055478630937,1.1327529234802296e-20,0.17366068322470882,1.0447634338700995e-20,4
0.02500000000000002,0.0006804499340177217,0.017656675435291525,-9.263800411623189e-22,0.04652181454993089,0.9848054833948925,1.3204250424139367e-20,0.1736610488145019,1.1427454932920257e-20,4
0.02550000000000002,0.0007051968836386895,0.017680846380608753,-9.595170106902162e-22,0.04651586843620444,0.9848054194967292,1.3626377899346765e-20,0.17366141117091008,1.2458406816455834e-20,4
0.02600000000000002,0.0007304056643983921,0.017705522636609076,-9.931343529345826e-22,0.04650996034825405,0.9848053561885738,4.645273511618199e-22,0.173661770180707,1.4587832279147322e-20,4
0.02650000000000002,0.0007560776017232169,0.017730702426635866,-1.0270335127931513e-21,0.04650408152946823,0.98480529348779,-1.0535964249169014e-20,0.17366212574544942,1.633936608703787e-20,4
0.02700000000000002,0.0007822139718424797,0.017756384039978278,-1.0606521799787478e-21,0.04649822354826268,0.9848052314093192,-1.8571845933849595e-20,0.17366247778042865,1.7755304596868025e-20,4
0.02750000000000002,0.0008088160034284787,0.01778256582967288,-1.0948275605281314e-21,0.04649237828724508,0.9848051699658565,-3.2705400005688845e-20,0.1736628262136747,1.9681553896496984e-20,4
0.02800000000000002,0.0008358848791847587,0.01780924621037467,-1.1309133038934268e-21,0.046486537932722026,0.9848051091680177,-5.052843219025729e-20,0.17366317098501147,2.191956826197459e-20,4
0.028500000000000022,0.0008634217373845051,0.01783642365629494,-1.1668891135645508e-21,0.04648069496453533,0.9848050490244965,-5.755544388933848e-20,0.17366351204516065,2.336261550870983e-20,4
0.029000000000000022,0.0008914276733608689,0.01786409669920359,-1.2029203177303285e-21,0.04647484214621607,0.9848049895422147,-6.480841362532038e-20,0.1736638493548931,2.461560911680244e-20,4
0.029500000000000023,0.0009199037409508967,0.017892263926493634,-1.2406983380392353e-21,0.046468972515445045,0.9848049307264637,-7.314345321024302e-20,0.17366418288422542,2.610540490510542e-20,4
0.030000000000000023,0.0009488509538946651,0.017920923979305725,-1.278289375633515e-21,0.046463079374809195,0.9848048725810383,-8.172175799778763e-20,0.17366451261166047,2.743682311659831e-20,4
0.030500000000000024,0.0009782702871911305,0.017950075550710716,-1.3163997419814324e-21,0.046457156282843956,0.9848048151083635,-8.31532799733807e-20,0.17366483852346945,2.785567318043031e-20,4
0.031000000000000024,0.0010081626784121383,0.017979717383948334,-1.3537526923231846e-21,0.04645119704535217,0.9848047583096136,-8.753145697198699e-20,0.17366516061301454,2.8341323792327486e-20,4
0.03150000000000002,0.0010385290289759157,0.018009848270720104,-1.3916090686886276e-21,0.04644519570699049,0.9848047021848254,-8.635086824610937e-20,0.17366547888010994,2.856277746255273e-20,4
0.03200000000000002,0.0010693702053813754,0.018040467049534853,-1.429728134037748e-21,0.0464391465431148,0.9848046467330038,-8.536145589676772e-20,0.17366579333041993,2.879385500914083e-20,4
0.03250000000000002,0.0011006870404044456,0.0180715726041051,-1.4690214844056196e-21,0.04643304405187653,0.984804591952222,-7.740652905556142e-20,0.17366610397489224,2.8446598733764386e-20,4
0.03300000000000002,0.001132480334257595,0.01810316386179279,-1.5098619649835276e-21,0.04642688294656211,0.9848045378397154,-7.359258334353223e-20,0.17366641082922538,2.85396653528626e-20,4
0.03350000000000002,0.0011647508557136733,0.01813523979210283,-1.5494591898935055e-21,0.046420658148168106,0.9848044843919695,-7.319392433069203e-20,0.17366671391336824,2.8909736724516393e-20,4
0.03400000000000002,0.0011974993431951464,0.018167799405223038,-1.5907378880373055e-21,0.04641436477820504,0.9848044316048035,-7.795633158254844e-20,0.1736670132510506,2.975824354847085e-20,4
0.034500000000000024,0.0012307265058297634,0.018200841750609098,-1.6341545522387914e-21,0.046407998151723036,0.9848043794734469,-8.29828157319743e-20,0.17366730886934312,3.053550662418661e-20,4
0.035000000000000024,0.0012644330244736253,0.018234365915613192,-1.6775617109852606e-21,0.04640155377055275,0.9848043279926129,-8.733985453495411e-20,0.17366760079824548,3.130719503192196e-20,4
0.035500000000000025,0.0012986195527025957,0.018268371024155045,-1.721476226478393e-21,0.04639502731675543,0.9848042771565658,-8.805710097111538e-20,0.17366788907030134,3.162708118957741e-20,4
0.036000000000000025,0.0013332867177730217,0.01830285623543418,-1.7664459352766735e-21,0.04638841464627588,0.9848042269591849,-9.964714013451977e-20,0.1736681737202388,3.295354243011536e-20,4
0.036500000000000025,0.0013684351215525678,0.018337820742682153,-1.8123168781850447e-21,0.046381711782792705,0.9848041773940228,-1.176232356709527e-19,0.17366845478463513,3.489009611818293e-20,4
0.037000000000000026,0.0014040653414220782,0.01837326377195368,-1.8583755197322974e-21,0.04637491491176004,0.9848041284543613,-1.3615184477846273e-19,0.17366873230160473,3.700677047493877e-20,4
0.037500000000000026,0.001440177931149252,0.0184091845809555,-1.9041515058384877e-21,0.04636802037463549,0.9848040801332623,-1.5489745948362857e-19,0.17366900631050883,3.908881504422054e-20,4
0.03800000000000003,0.0014767734217349575,0.01844558245791198,-1.948268157053383e-21,0.0463610246632889,0.984804032423615,-1.641050329305078e-19,0.17366927685168626,4.0557658440098823e-20,4
0.03850000000000003,0.0015138523222329155,0.018482456720466344,-1.9925805227493636e-21,0.04635392441458691,0.9848039853181805,-1.6890236462385075e-19,0.1736695439662039,4.167101899828713e-20,4
0.03900000000000003,0.0015514151205435396,0.018519806714616595,-2.0353381665157525e-21,0.046346716405148446,0.9848039388096316,-1.6917258577756617e-19,0.17366980769562582,4.255126215202356e-20,4
0.03950000000000003,0.00158946228418263,0.018557631813685117,-2.079769936946131e-21,0.04633939754626615,0.9848038928905912,-1.6908368068545182e-19,0.17367006808180038,4.342335695763543e-20,4
0.04000000000000003,0.0016279942610256304,0.01859593141732104,-2.125295217886247e-21,0.04633196487898936,0.9848038475536667,-1.684982348408571e-19,0.17367032516666397,4.418079709226494e-20,4
0.04050000000000003,0.0016670114800281547,0.01863470495053442,-2.1722545909315556e-21,0.04632441556936389,0.9848038027914814,-1.6189989434080065e-19,0.17367057899206076,4.427895572003899e-20,4
0.04100000000000003,0.00170651435192341,0.018673951862761398,-2.2224673696628787e-21,0.0463167469038244,0.9848037585967039,-1.591510675511335e-19,0.17367082959957744,4.469924669192053e-20,4
0.04150000000000003,0.0017465032698971913,0.01871367162695938,-2.2718631702643695e-21,0.04630895628473492,0.9848037149620751,-1.446614540774998e-19,0.17367107703039228,4.378308708706627e-20,4
0.04200000000000003,0.0017869786102410687,0.018753863738731506,-2.322145058606162e-21,0.0463010412260735,0.9848036718804318,-1.2749990560546411e-19,0.17367132132513738,4.244596589104323e-20,4
0.04250000000000003,0.0018279407329843873,0.018794527715479473,-2.3721597249868196e-21,0.04629299934925683,0.9848036293447294,-1.1183424790886784e-19,0.17367156252377375,4.129318874610666e-20,4
0.04300000000000003,0.0018693899825056545,0.018835663095584005,-2.4221783363103026e-21,0.04628482837910098,0.9848035873480614,-1.008550539262246e-19,0.17367180066547827,4.0431990252861764e-20,4
0.04350000000000003,0.001911326688123942,0.018877269437612133,-2.472940843160978e-21,0.04627652613991427,0.9848035458836771,-8.930970247385606e-20,0.17367203578854173,3.937466280676958e-20,4
0.04400000000000003,0.00195375116467082,0.01891934631955053,-2.5227829730227026e-21,0.046268090551718696,0.9848035049449988,-7.13115189701728e-20,0.17367226793027757,3.807884253244498e-20,4
0.04450000000000003,0.0019966637130434165,0.01896189333806417,-2.5731176447000186e-21,0.04625951962659604,0.9848034645256348,-5.3919176333706856e-20,0.1736724971269403,3.664623019163553e-20,4
0.04500000000000003,0.002040064620739121,0.019004910107779605,-2.6222374441422953e-21,0.0462508114651553,0.9848034246193933,-3.108955239057209e-20,0.17367272341365342,3.4863596682550594e-20,4
0.045500000000000033,0.0020839541623724686,0.01904839626059208,-2.6711982714760184e-21,0.04624196425311781,0.9848033852202928,-1.5622714123554224e-20,0.1736729468243459,3.359968095399904e-20,4
0.046000000000000034,0.0021283326001747295,0.019092351444995916,-2.7181755969277053e-21,0.04623297625801669,0.9848033463225722,-6.286984897244898e-21,0.1736731673916968,3.2993571256040016e-20,4
0.046500000000000034,0.0021732001844766654,0.01913677532543734,-2.765886107922902e-21,0.046223845826007366,0.9848033079206993,4.770376891970648e-21,0.17367338514708766,3.206269868031891e-20,4
0.047000000000000035,0.0022185571541750047,0.01918166758168925,-2.8109726202049867e-21,0.04621457137878579,0.9848032700093777,2.2883986857816987e-20,0.17367360012056174,3.045293955630098e-20,4
0.047500000000000035,0.0022644037371830545,0.019227027908247166,-2.8565507839692445e-21,0.04620515141061138,0.9848032325835533,3.571490636164333e-20,0.17367381234079016,2.938828042026755e-20,4
0.048000000000000036,0.0023107401508659672,0.01927285601374581,-2.9016059134992165e-21,0.046195584485431415,0.9848031956384182,5.408859949114689e-20,0.17367402183504405,2.773638134940268e-20,2
0.048500000000000036,0.0023577981079072924,0.019318841300870127,-2.948224213039967e-21,0.0461843397615725,0.9848046656321083,1.3365878654130976e-20,0.173665686159446,3.1018226971546073e-20,0
0.04900000000000004,0.0024056948693860023,0.019364826587994443,-2.9948425125807173e-21,0.04617064253760868,0.9848061355552428,-2.735688059563021e-20,0.17365735047140576,3.430007936520587e-20,0
0.04950000000000004,0.0024544304353021,0.01941081187511876,-3.0414608121214676e-21,0.04615449281353995,0.9848076054078213,-6.807967825527643e-20,0.17364901477092395,3.758193852982182e-20,0
0.05000000000000004,0.002504004805655582,0.019456797162243075,-3.088079111662218e-21,0.04613589058936632,0.984809075189844,-1.0880251432194748e-19,0.17364067905800118,4.086380446483367e-20,0
0.05050000000000004,0.0025544179804464487,0.01950278244936739,-3.1346974112029684e-21,0.046114835865087786,0.9848105449013106,-1.495253887927831e-19,0.17363234333263802,4.414567716968115e-20,0
0.05100000000000004,0.002605669959674703,0.019548767736491706,-3.1813157107437188e-21,0.046091328640704345,0.9848120145422211,-1.902483016649231e-19,0.1736240075948351,4.7427556643804016e-20,2
0.05150000000000004,0.0026576334256041383,0.01959492368560317,-3.206558505980858e-21,0.046066210058329386,0.9848115831190472,-2.1755531165046566e-19,0.17362645465065352,4.9452404735343317e-20,4
0.05200000000000004,0.0027099707143151725,0.01964170291545881,-3.18137954543844e-21,0.0460417109410313,0.9848111661019031,-4.017128232411301e-19,0.1736288199608846,6.168153819175834e-20,4
0.05250000000000004,0.002762686747735274,0.01968909882850239,-3.1672384659052665e-21,0.046017798771420135,0.9848107630561052,-5.820593301801113e-19,0.1736311059944376,7.363673827592611e-20,4
0.05300000000000004,0.002815786262825486,0.019737105075114388,-3.1554055187406086e-21,0.04599444225411208,0.9848103735605862,-7.639306325933914e-19,0.17363331514274094,8.552856274701678e-20,4
0.05350000000000004,0.00286927381863511,0.01978571554415556,-3.1527731603857123e-21,0.04597161126912165,0.9848099972071012,-9.424052940666937e-19,0.17363544972426892,9.695343953242736e-20,4
0.05400000000000004,0.0029231538030277493,0.0198349243539511,-3.1594869333989682e-21,0.04594927682742522,0.984809633599521,-1.1162300311671204e-18,0.17363751198855895,1.0816710941662407e-19,4
0.05450000000000004,0.002977430439099877,0.019884725843686907,-3.175405949210168e-21,0.04592741102855581,0.9848092823532063,-1.2918251634672314e-18,0.1736395041197784,1.1928790401338543e-19,4
0.05500000000000004,0.0030321077913115987,0.019935114565191668,-3.2009503847916796e-21,0.04590598702009943,0.984808943094451,-1.4715207734804875e-18,0.17364142823989367,1.3096497103540826e-19,4
0.05550000000000004,0.003087189771347673,0.019986085275080497,-3.2357779138909823e-21,0.045884978958973394,0.9848086154599877,-1.6403339980447705e-18,0.17364328641148838,1.416302111900463e-19,4
0.05600000000000004,0.0031426801437255546,0.020037632927237675,-3.2839714749117736e-21,0.045864361974376,0.9848082990965464,-1.8018504591109052e-18,0.17364508064027342,1.5197276763381253e-19,4
0.05650000000000004,0.003198582531165896,0.020089752665617817,-3.3429258799899636e-21,0.04584411213230563,0.9848079936604631,-1.931457849474377e-18,0.17364681287732617,1.5966765810944957e-19,4
0.057000000000000044,0.0032549004197397315,0.020142439817346362,-3.4126841662234236e-21,0.045824206401555115,0.9848076988173271,-2.0500302795403704e-18,0.1736484850210926,1.6615169852337947e-19,4
0.057500000000000044,0.003311637163805507,0.020195689886101792,-3.498132631088208e-21,0.04580462262109462,0.984807414241667,-2.1766935367289376e-18,0.17365009891918223,1.732023892508367e-19,4
0.058000000000000045,0.0033687959907480435,0.0202494985457633,-3.59272065100982e-21,0.04578533946876299,0.984807139616667,-2.266881213920938e-18,0.17365165636998273,1.7733108717472776e-19,4
0.058500000000000045,0.003426380005530655,0.020303861634308962,-3.699305913628168e-21,0.04576633643119355,0.984806874633912,-2.335662266272194e-18,0.17365315912411733,1.7994317396074435e-19,4
0.059000000000000045,0.003484392195070702,0.020358775147950568,-3.823525324384148e-21,0.04574759377490649,0.9848066189931559,-2.413176003087046e-18,0.17365460888576675,1.8332936341996322e-19,4
0.059500000000000046,0.003542835432448111,0.02041423523549232,-3.963369642978143e-21,0.045729092518504585,0.9848063724021101,-2.4870553668280894e-18,0.17365600731387357,1.8627069414222741e-19,4
0.060000000000000046,0.003601712480955668,0.020470238192901682,-4.118432539443795e-21,0.04571081440591448,0.9848061345762501,-2.5514020346653238e-18,0.1736573560232457,1.8867832696931166e-19,4
0.06050000000000005,0.0036610259979991838,0.020526780458081414,-4.289515449866108e-21,0.04569274188061963,0.984805905238638,-2.60388387135654e-18,0.17365865658557358,1.9025480098977044e-19,4
0.06100000000000005,0.0037207785388550666,0.020583858605832783,-4.47521257872916e-21,0.04567485806083545,0.9848056841197567,-2.6560409892220943e-18,0.17365991053037358,1.918967874624872e-19,4
0.06150000000000005,0.0037809725602922276,0.02064146934300059,-4.6751012717012335e-21,0.04565714671558065,0.9848054709573558,-2.695034472175789e-18,0.17366111934586873,1.9243755492813515e-19,4
0.06200000000000005,0.0038416104240647855,0.02069960950379142,-4.893017113625648e-21,0.045639592241602224,0.9848052654963064,-2.7311946996634798e-18,0.1736622844798169,1.9237616446804902e-19,4
0.06250000000000004,0.003902694400281509,0.02075827604525709,-5.127702682071014e-21,0.045622179641114737,0.9848050674884641,-2.76628860819742e-18,0.1736634073402947,1.919946089560662e-19,4
0.06300000000000004,0.003964226670657571,0.020817466042935877,-5.379255535188815e-21,0.045604894500317225,0.9848048766925378,-2.807491309313296e-18,0.17366448929644435,1.9171178074511504e-19,4
0.06350000000000004,0.004026209331653726,0.020877176686644613,-5.643847884341778e-21,0.0455877229686537,0.9848046928739644,-2.8377305894930997e-18,0.17366553167919038,1.9057389171122808e-19,4
0.06400000000000004,0.004088644397507754,0.020937405276415234,-5.926599061458581e-21,0.0455706517387856,0.9848045158047877,-2.881830559658086e-18,0.17366653578193145,1.907586183092466e-19,4
0.06450000000000004,0.004151533803162599,0.020998149218569774,-6.224075704542647e-21,0.04555366802724658,0.9848043452635402,-2.912633952295985e-18,0.17366750286121185,1.9000221551085806e-19,4
0.06500000000000004,0.004214879407095385,0.02105940602192822,-6.538747268840562e-21,0.04553675955575221,0.9848041810351288,-2.9526077994574107e-18,0.17366843413737715,1.8981532764515994e-19,4
0.06550000000000004,0.004278682994051242,0.021121173294143997,-6.86632198158908e-21,0.045519914533138646,0.9848040229107214,-2.983142497645396e-18,0.17366933079521701,1.8881521788017437e-19,2
0.06600000000000004,0.004343197646404737,0.021183111793079717,-7.181837000711627e-21,0.04550146093593331,0.9848055063500788,-2.9733179348189986e-18,0.1736609186390654,1.847606902399286e-19,2
0.06650000000000005,0.004408424007495276,0.021245220656376487,-7.504290367887874e-21,0.04548139451382603,0.9848086228604681,-2.9597962275622954e-18,0.17364324444005177,1.80457031087161e-19,0
0.06700000000000005,0.0044744891730232,0.021307329519673256,-7.826743735064121e-21,0.04545887559161385,0.9848117390536604,-2.946274560565782e-18,0.17362557018510938,1.7615337914311104e-19,0
0.06750000000000005,0.004541393142988513,0.021369438382970025,-8.149197102240368e-21,0.04543390416929676,0.9848148549296548,-2.9327529338339443e-18,0.17360789587424394,1.7184973440842525e-19,2
0.06800000000000005,0.004609008130428892,0.021431718537224136,-8.455211163603429e-21,0.04540732448899493,0.9848160627864501,-2.916666810419922e-18,0.173601043999724,1.6716358959379325e-19,2
0.06850000000000005,0.0046773356568775,0.02149416794290929,-8.767190609486908e-21,0.04537912649849055,0.9848153855809818,-2.902956842661987e-18,0.17360488565412383,1.6278177508900483e-19,2
0.06900000000000005,0.004746377183397633,0.021556784641555485,-9.085702326811376e-21,0.04534930054506822,0.98481284500372,-2.88914045516429e-18,0.17361929707171955,1.583605364246596e-19,4
0.06950000000000005,0.004815782139205922,0.0216200385528166,-9.394874689203355e-21,0.04532016272276492,0.9848104274450792,-2.701739657673466e-18,0.17363300952134503,1.3993682955381558e-19,4
0.07000000000000005,0.00488555607611557,0.02168392223481137,-9.71924233729948e-21,0.04529167635276404,0.9848081280844146,-2.5470941835603263e-18,0.1736460505133075,1.2418677557454998e-19,4
0.07050000000000005,0.00495570433551939,0.0217484285277148,-1.0060759984211584e-20,0.04526380614642027,0.9848059422802791,-2.3752112619581785e-18,0.17365844652492587,1.069507581163808e-19,4
0.07100000000000005,0.005026232056362944,0.02181355054307059,-1.0418169631282175e-20,0.045236518152583824,0.9848038655624421,-2.203139563706958e-18,0.17367022304721755,8.961969796512228e-20,4
0.07150000000000005,0.005097144182741955,0.021879281653607273,-1.0788092717785357e-20,0.045209779707407166,0.9848018936244681,-2.0482848817127495e-18,0.17368140462830445,7.39129014782242e-20,4
0.07200000000000005,0.005168445471150037,0.021945615483523046,-1.1171695296225177e-20,0.04518355938646185,0.9848000223168013,-1.8943997256482805e-18,0.17369201491383132,5.834275128727726e-20,4
0.07250000000000005,0.005240140497400684,0.02201254589920725,-1.1564840308498367e-20,0.045157826959007455,0.9847982476403142,-1.751801522266681e-18,0.17370207668466517,4.3468450928993215e-20,4
0.07300000000000005,0.005312233663245427,0.02208006700036912,-1.1964681739477616e-20,0.04513255334426786,0.9847965657402749,-1.6192219774753355e-18,0.17371161189212234,2.886771025874652e-20,4
0.07350000000000005,0.005384729202708237,0.022148173111546883,-1.2371754826795013e-20,0.04510771056958207,0.9847949729006968,-1.4847408365955063e-18,0.17372064169094809,1.370130977585897e-20,4
0.07400000000000005,0.005457631188154551,0.02221685877397259,-1.27853148144724e-20,0.045083271730308426,0.9847934655390351,-1.3479608031393835e-18,0.17372918647025376,-1.5581592768538813e-21,4
0.07450000000000005,0.005530943536111693,0.022286118737770175,-1.320509097928634e-20,0.04505921095137116,0.9847920402011983,-1.198959832305098e-18,0.1737372658825981,-1.7665036026013548e-20,4
0.07500000000000005,0.005604670012856072,0.022355947954466146,-1.3631756598301634e-20,0.045035503350347804,0.9847906935568453,-1.0796334149078135e-18,0.17374489887138178,-3.116903772827228e-20,4
0.07550000000000005,0.005678814239781192,0.022426341569794086,-1.4059075831626414e-20,0.04501212500200474,0.9847894223949439,-9.616569550212181e-19,0.1737521036967086,-4.481544165944066e-20,4
0.07600000000000005,0.005753379698559302,0.022497294916775757,-1.4492099649873195e-20,0.04498905290419599,0.9847882236195643,-8.554738842606559e-19,0.1737588979598519,-5.707876409039362e-20,4
0.07650000000000005,0.005828369736108427,0.02256880350906308,-1.49257024127938e-20,0.044966264945047865,0.984787094245888,-7.72999995377147e-19,0.17376529862645138,-6.759119472138956e-20,4
0.07700000000000005,0.005903787569375532,0.022640863034526577,-1.536240725655705e-20,0.044943739871358315,0.9847860313964132,-6.798642809803188e-19,0.17377132204855322,-7.907844966985038e-20,2
0.07750000000000005,0.0059799037791320245,0.022713110795450207,-1.579855200578045e-20,0.044919690054092375,0.9847867740463225,-6.643936460968205e-19,0.17376711329660863,-8.430182083693456e-20,2
0.07800000000000006,0.0060567195865522845,0.02278554515492106,-1.623314288290891e-20,0.044894107425393764,0.9847893063715306,-6.390676176550855e-19,0.17375276129109035,-9.031212564092952e-20,2
0.07850000000000006,0.006134236172850586,0.022858164529590413,-1.666877293150997e-20,0.04486698418140814,0.9847936127761259,-6.139781608324647e-19,0.17372835184662522,-9.627843606597586e-20,4
0.07900000000000006,0.006212150483652819,0.022931375146141537,-1.7100223451941226e-20,0.044840322492487455,0.9847976980074954,-4.55711551790539e-19,0.17370519278115115,-1.1265759533828786e-19,4
0.07950000000000006,0.006290466881093893,0.02300517115738744,-1.7528428761442165e-20,0.04481409353958826,0.9848015711475524,-2.828647822624281e-19,0.17368323311509187,-1.3036534894908035e-19,4
0.08000000000000006,0.006369189555902266,0.023079546945901468,-1.795669171182449e-20,0.044788269636087355,0.9848052409300171,-8.189115597695745e-20,0.17366242379043956,-1.504909145066806e-19,4
0.08050000000000006,0.006448322533792055,0.02315449711544903,-1.8382621372674015e-20,0.0447628241855514,0.9848087157547705,8.592846001763895e-20,0.1736427175940266,-1.6797908569038191e-19,4
0.08100000000000006,0.006527869681595623,0.023230016482767245,-1.8806903848410035e-20,0.044737731641221204,0.9848120037014034,2.469824425432174e-19,0.17362406908498054,-1.8474704012688597e-19,4
0.08150000000000006,0.0066078347131513625,0.023306100069672733,-1.9228272811582163e-20,0.04471296746711329,0.9848151125420223,3.981924791321807e-19,0.17360643452603688,-2.0062234568217474e-19,4
0.08200000000000006,0.006688221194960253,0.02338274309547929,-1.9650654251877427e-20,0.04468850810064902,0.9848180497533701,5.44222924076966e-19,0.17358977181841048,-2.163589720838723e-19,2
0.08250000000000006,0.006769325793468505,0.023459547896147785,-2.0054308910577216e-20,0.04466239357419954,0.9848191851853164,7.102359356162076e-19,0.17358333010669066,-2.3389220542102357e-19,2
0.08300000000000006,0.006851149796073893,0.023536512745996715,-2.045637974683643e-20,0.0446346153823946,0.9848185382633755,8.83307763900673e-19,0.17358700035655672,-2.519669729327113e-19,2
0.08350000000000006,0.006933694437853866,0.02361363598947691,-2.085928200760582e-20,0.04460516536552537,0.984816127307252,1.0566301401577675e-18,0.17360067798123735,-2.7007584101251857e-19,2
0.08400000000000006,0.007016960903628973,0.023690916038405643,-2.126008712109967e-20,0.04457403569591212,0.9848119695727924,1.2273664055367904e-18,0.17362426266555103,-2.879190619702483e-19,4
0.08450000000000006,0.00710060337098036,0.023768816447531566,-2.154865574907943e-20,0.04454351109686939,0.9848080193429625,1.6584725998425062e-18,0.17364666722338853,-3.2800246534551217e-19,4
0.08500000000000006,0.007184627067092026,0.023847330210119914,-2.1826454931211145e-20,0.04451355703428804,0.9848042683786667,2.0820785538377827e-18,0.1736679388464027,-3.6772817029070173e-19,4
0.08550000000000006,0.007269037019020468,0.023926450587695137,-2.2092053093086657e-20,0.044484140296228755,0.984800708742153,2.4881741929745554e-18,0.17368812297031752,-4.063565819078291e-19,4
0.08600000000000006,0.007353838061104671,0.024006171100108272,-2.234794438225166e-20,0.04445522894396699,0.9847973327848225,2.871820078873019e-18,0.17370726334813594,-4.429290738481084e-19,4
0.08650000000000006,0.007439034842047881,0.0240864855160442,-2.2589814860890537e-20,0.044426792265206155,0.9847941331358133,3.2281445729518374e-18,0.17372540211863377,-4.769848589392386e-19,2
0.08700000000000006,0.007524914232168905,0.02416700930260026,-2.285262025288211e-20,0.044396935011778736,0.984792941120371,3.616336038765302e-18,0.1737321591401212,-5.139303880340263e-19,2
0.08750000000000006,0.007611478119485104,0.024247739928999475,-2.3109559311433934e-20,0.04436564471023868,0.9847937326867112,3.988219501883962e-18,0.1737276721221269,-5.495010526915586e-19,4
0.08800000000000006,0.00769842136280222,0.02432908641918563,-2.3484590424314875e-20,0.044334937317802,0.9847944861406082,4.3360844423715764e-18,0.17372340103467443,-5.835294604213891e-19,4
0.08850000000000006,0.007785749145216677,0.02441104182552077,-2.3832946194321863e-20,0.04430477859163015,0.9847952030654852,4.657686012096916e-18,0.17371933691793923,-6.154450320499759e-19,4
0.08900000000000007,0.007873466448889213,0.02449359946970951,-2.4154997237536033e-20,0.044275135616393874,0.9847958849802092,4.961987641071923e-18,0.1737154711764188,-6.458301016734484e-19,4
0.08950000000000007,0.007961578062375702,0.024576752932972443,-2.4453402756515802e-20,0.044245976755840966,0.9847965333420504,5.252898453065702e-18,0.17371179556230057,-6.754196009081414e-19,4
0.09000000000000007,0.008050088587660223,0.024660496046618782,-2.472643229744778e-20,0.04421727160633148,0.9847971495494766,5.522720236321747e-18,0.17370830215975497,-7.031827688305929e-19,4
0.09050000000000007,0.008139002446908985,0.024744822882993074,-2.49711144627645e-20,0.04418899095221688,0.9847977349447923,5.759512932436284e-18,0.17370498337009652,-7.27990198621871e-19,4
0.09100000000000007,0.008228323888962172,0.024829727746773275,-2.5187748059374227e-20,0.04416110672295083,0.9847982908166332,5.985513749522691e-18,0.17370183189775784,-7.517679105592818e-19,2
0.09150000000000007,0.008318342010263654,0.02491482312106614,-2.5384144517640282e-20,0.044131708963164824,0.9848006733495682,6.235490503525574e-18,0.17368832364392237,-7.774038138457141e-19,4
0.09200000000000007,0.008408760954746184,0.025000505583645142,-2.564420159982535e-20,0.04410275228660778,0.984802930813685,6.602562457125232e-18,0.17367552349359813,-8.131863457170178e-19,4
0.09250000000000007,0.00849958509771156,0.02508676926967384,-2.5867874998800604e-20,0.04407420778724735,0.9848050683901326,6.9316450500083616e-18,0.17366340222713933,-8.454121210507303e-19,4
0.09300000000000007,0.008590818641325711,0.025173608546394298,-2.6058113636787598e-20,0.044046047702897044,0.9848070910623955,7.239080943656462e-18,0.173651931729024,-8.756660698368634e-19,2
0.09350000000000007,0.00868275369102188,0.02526063186353881,-2.6251576299838732e-20,0.044016342198886754,0.9848108777429817,7.51575092907304e-18,0.17363045550564238,-9.035843088375224e-19,2
0.09400000000000007,0.008775398793992757,0.025347827764094923,-2.6479985043284888e-20,0.04398503480701388,0.9848127416175498,7.726357667860368e-18,0.17361988350337093,-9.261010055942962e-19,2
0.09450000000000007,0.008868755602677093,0.025435194033065024,-2.6700757605898268e-20,0.04395211461021479,0.9848127077256349,7.920829404547028e-18,0.17362007574615979,-9.474909660065764e-19,2
0.09500000000000007,0.008962825702810302,0.025522728544863434,-2.6911648451896266e-20,0.043917571132110644,0.984810799740132,8.10839736795621e-18,0.17363089792776157,-9.684440679190247e-19,2
0.09550000000000007,0.009057610616047245,0.02561042925980072,-2.711510488923475e-20,0.04388139431967961,0.9848070400218076,8.309798846548637e-18,0.17365222118788087,-9.907333979242803e-19,4
0.09600000000000007,0.009152750162738208,0.025698778977654706,-2.703010470758626e-20,0.04384596374925407,0.9848034699821124,8.643342056218176e-18,0.17367246618617915,-1.0262739585893824e-18,4
0.09650000000000007,0.009248250574405287,0.025787769345434076,-2.6907804604829002e-20,0.043811238251427256,0.9848000820773997,8.94213338726881e-18,0.17369167608249322,-1.0593207968563158e-18,4
0.09700000000000007,0.009344117842895128,0.025877392331418465,-2.6743177364270153e-20,0.04377717824024125,0.9847968690405965,9.224322423124152e-18,0.1737098924294093,-1.0908202197906644e-18,2
0.09750000000000007,0.009440658516961149,0.02596723702491328,-2.6577177994012282e-20,0.04374175845924714,0.9847957817964395,9.477888656899935e-18,0.1737160561259041,-1.1199669317590094e-18,4
0.09800000000000007,0.009537561768831884,0.02605772007238681,-2.6475184742422614e-20,0.04370703243481434,0.9847947526750986,9.943779442798859e-18,0.17372189011057307,-1.1663630220355725e-18,4
0.09850000000000007,0.009634833567123198,0.0261488334732582,-2.631883599530749e-20,0.04367296073446227,0.9847937793710754,1.037211604908407e-17,0.17372740748664958,-1.2090041125648539e-18,4
0.09900000000000007,0.00973247964957048,0.026240569536428362,-2.6117064700530393e-20,0.043639505451053905,0.984792859659106,1.0763040645700002e-17,0.1737326208990092,-1.24840607722261e-18,4
0.09950000000000007,0.009830505531473974,0.02633292086895955,-2.5863622914401835e-20,0.043606630147000586,0.9847919913911477,1.1090851678981794e-17,0.17373754255156348,-1.2823723958248927e-18,2
0.10000000000000007,0.009929215145299814,0.02642548006713742,-2.5579933071385278e-20,0.043572326850714715,0.9847931165942041,1.1450393372567528e-17,0.1737311644716426,-1.3184798350756376e-18,4
0.10050000000000008,0.010028299486482579,0.026518661333529068,-2.5384179058193482e-20,0.043538637043304525,0.9847941866384832,1.2147948010250628e-17,0.17372509882871537,-1.3828613576604617e-18,4
0.10100000000000008,0.010127764089313113,0.02661245724974096,-2.5127163958195243e-20,0.043505524161717365,0.9847952038004315,1.2800291752375803e-17,0.17371933275161142,-1.4435452803681372e-18,4
0.10150000000000008,0.0102276142715183,0.026706860687670888,-2.4813316318219824e-20,0.04347295307366012,0.9847961702660805,1.3450421558618738e-17,0.17371385387832303,-1.5036281961561519e-18,4
0.10200000000000008,0.010327855142122805,0.026801864798969757,-2.4444619934704798e-20,0.043440890025659484,0.9847970881350983,1.4041682476393268e-17,0.1737086503333377,-1.5584241860232448e-18,2
0.10250000000000008,0.010428788233356866,0.026897065397299223,-2.4054135218066513e-20,0.04340734290361605,0.9847998899896092,1.450881023221273e-17,0.17369276518166182,-1.6029317691166307e-18,4
0.10300000000000008,0.010530106271376767,0.02699287436529507,-2.377125930657434e-20,0.04337434175438742,0.9848025451931322,1.5047041933597468e-17,0.17367771008718205,-1.6535278965020038e-18,4
0.10350000000000008,0.010631814417877793,0.02708928478400631,-2.3421208916656614e-20,0.043341852476524584,0.98480505981873,1.5540114173378588e-17,0.17366345083357648,-1.7000030560562565e-18,4
0.10400000000000008,0.01073391762995411,0.02718629000873783,-2.300316721174261e-20,0.04330984232030403,0.9848074397073142,1.6001219624910362e-17,0.17364995449790133,-1.743845548637113e-18,4
0.10450000000000008,0.010836420667576886,0.027283883659026373,-2.2519303926354016e-20,0.04327827983832241,0.9848096904771095,1.6433154727147445e-17,0.17363718939898257,-1.7856445390143307e-18,2
0.10500000000000008,0.010939638235681226,0.027381643891292294,-2.2037977365919978e-20,0.04324508588919606,0.9848100854202899,1.683068138443792e-17,0.17363494940385577,-1.8246766793532005e-18,2
0.10550000000000008,0.011043571841742594,0.027479568684852806,-2.153844857570635e-20,0.04321025051358127,0.9848086471205036,1.721957239667665e-17,0.17364310685046372,-1.8632192368153614e-18,0
0.10600000000000008,0.011148344252241349,0.027577493478413317,-2.1038919785492723e-20,0.043172962637861585,0.984807208753147,1.7608463119664792e-17,0.17365126428515756,-1.9017617433568555e-18,0
0.10650000000000008,0.011253955467177487,0.02767541827197383,-2.0539390995279095e-20,0.043133222262036995,0.9848057703182203,1.7997353553376085e-17,0.17365942170793675,-1.9403041989726524e-18,4
0.10700000000000008,0.011359910489975282,0.027774006579525144,-2.0135949800717603e-20,0.043094299648980906,0.9848044018315402,1.8251842775494028e-17,0.17366718208464296,-1.968385838569389e-18,4
0.10750000000000008,0.01146621614428618,0.027873249254361143,-1.9645705029548748e-20,0.04305614971730267,0.9848031005889998,1.8468786773436338e-17,0.1736745608035061,-1.993165488775493e-18,4
0.10800000000000008,0.011572878989316106,0.027973137504249505,-1.907551317482343e-20,0.04301872913270738,0.9848018639825825,1.86538326189498e-17,0.1736815727025451,-2.015203386441513e-18,4
0.10850000000000008,0.011679905329635268,0.02807366287828219,-1.842320755783161e-20,0.04298199624318589,0.984800689496263,1.880566707196015e-17,0.17368823209326378,-2.0348480597958332e-18,4
0.10900000000000008,0.011787301224547816,0.02817481725431598,-1.7689913515473082e-20,0.04294591101711299,0.9847995747022497,1.8950847586325218e-17,0.17369455278236717,-2.054169055289556e-18,2
0.10950000000000008,0.011895377177373842,0.02827618442079069,-1.6929913530575945e-20,0.0429084220716518,0.9848005001991915,1.9096054757286022e-17,0.17368930539161134,-2.073281565647668e-18,2
0.11000000000000008,0.012004135283236732,0.028377761569315825,-1.614088656120136e-20,0.04286951556508188,0.9848034388917877,1.9225785105280188e-17,0.17367264248265205,-2.0910905134402963e-18,4
0.11050000000000008,0.012113248192237957,0.028479987493305745,-1.5371967072043883e-20,0.042831354179474694,0.9848062212320827,1.916167640801661e-17,0.17365686459965854,-2.093645041635469e-18,4
0.11100000000000008,0.012222722373266354,0.028582853521592892,-1.4520916664335733e-20,0.04279389517722753,0.9848088537411304,1.906985610385244e-17,0.17364193500729866,-2.0946872721618952e-18,4
0.11150000000000009,0.012332564040969147,0.028686351323805738,-1.3588734172790003e-20,0.042757097500419824,0.9848113426871311,1.8993263304739778e-17,0.17362781837818464,-2.0971471851884667e-18,4
0.11200000000000009,0.012442779165140675,0.028790472897783748,-1.2573935411345682e-20,0.04272092170878525,0.9848136940963654,1.8886247949582136e-17,0.1736144807332341,-2.0966244715819446e-18,4
0.11250000000000009,0.012553373479717776,0.028895210557519573,-1.1485141060633577e-20,0.0426853299202824,0.9848159137634127,1.8810275801988842e-17,0.1736018893858433,-2.0993632955253836e-18,2
0.11300000000000009,0.012664676835746286,0.029000122156957017,-1.0410905544203762e-20,0.04264814292866657,0.9848161960985503,1.86672053140073e-17,0.17360028773588435,-2.096739718842188e-18,2
0.11350000000000009,0.01277669099650974,0.02910520533251752,-9.31715601231287e-21,0.042609349084562875,0.984814567482086,1.8527528687092543e-17,0.17360952645253086,-2.094511774259712e-18,2
0.11400000000000009,0.012889417653525517,0.029210457816820846,-8.205286609063408e-21,0.04256893721272936,0.9848110528525268,1.840175888482418e-17,0.1736294623026226,-2.0936214927869202e-18,4
0.11450000000000009,0.013002493775663468,0.029316366231887762,-6.991423763529451e-21,0.042529305728195625,0.9848077126689081,1.8280186202778575e-17,0.17364840646499843,-2.0925718688448038e-18,4
0.11500000000000009,0.013115926044997988,0.029422921620787926,-5.700197439877194e-21,0.04249041048491927,0.9848045400355941,1.8121321882266686e-17,0.1736663983771233,-2.0882521857718843e-18,4
0.11550000000000009,0.013229720883808837,0.029530115374830527,-4.334607719538894e-21,0.042452209053226886,0.9848015283068157,1.794564031881109e-17,0.1736834760262472,-2.0828039341267323e-18,4
0.11600000000000009,0.013343884464136433,0.029637939220755968,-2.9010320856833495e-21,0.04241466065668559,0.9847986710763942,1.7764426692648e-17,0.173699676010543,-2.0767895241266137e-18,2
0.11650000000000009,0.013458723154135521,0.029745982489951625,-1.4246973698117919e-21,0.04237574123199642,0.9847979176734605,1.7533860962937085e-17,0.17370394741057463,-2.066482765167638e-18,2
0.11700000000000009,0.013574239272140675,0.02985424207482544,7.646230017363722e-23,0.042335435462763533,0.9847992384443971,1.7307730929920288e-17,0.17369645925963742,-2.056374837196077e-18,2
0.11750000000000009,0.013690435054713318,0.02996271497739749,1.6021335033534283e-21,0.04229372857283665,0.9848026043990268,1.708153659445779e-17,0.1736773743724073,-2.0459504160530945e-18,4
0.11800000000000009,0.013806975291402,0.030071850527694104,3.2024984216519075e-21,0.042252835176109935,0.9848057920838331,1.674685928016386e-17,0.17365929827721113,-2.026476575511633e-18,4
0.11850000000000009,0.01392386696616741,0.03018163936412399,4.868065702377731e-21,0.0422127091320877,0.9848088089248982,1.638571766620044e-17,0.17364218918201438,-2.004620239128368e-18,4
0.11900000000000009,0.01404111678792391,0.030292072493779406,6.594836131847735e-21,0.042173306117405676,0.9848116620599863,1.601364589129001e-17,0.1736260068959911,-1.982287533235037e-18,4
0.11950000000000009,0.01415873120072997,0.03040314127877644,8.384945688949229e-21,0.04213458355850633,0.9848143583512095,1.5648478621307828e-17,0.17361071276074735,-1.9605101726867803e-18,4
0.12000000000000009,0.01427671639354424,0.030514837423177604,1.0236535816608156e-20,0.04209650056718421,0.9848169043968396,1.5293497227163174e-17,0.17359626958614427,-1.939073041161979e-18,2
0.1205000000000001,0.014395407594148922,0.030626711573725714,1.2055529923754872e-20,0.0420568424150472,0.984817467863559,1.4813291698685785e-17,0.17359307299200313,-1.907197855586881e-18,2
0.1210000000000001,0.014514806716437971,0.030738761164957742,1.388857255620995e-20,0.04201559645769199,0.9848160774370801,1.4368696204476005e-17,0.17360096088859003,-1.8783674528675142e-18,2
0.1215000000000001,0.014634915596462073,0.03085098373575501,1.573290311272267e-20,0.04197275056499751,0.9848127602527749,1.3957296085428038e-17,0.17361977779996504,-1.8523347805470463e-18,4
0.1220000000000001,0.01475536643831007,0.030963872295048846,1.7668947924014792e-20,0.04193073463117356,0.9848096061409432,1.397689651816399e-17,0.1736376677236798,-1.861596640247188e-18,4
0.1225000000000001,0.014876166323092454,0.031077417351024334,1.9666485144148493e-20,0.041889501873891,0.9848066086822391,1.3996030443580868e-17,0.17365466735963617,-1.870382726837451e-18,4
0.1230000000000001,0.014997322055827158,0.031191609781952498,2.17140909801635e-20,0.04184900733486405,0.9848037616894715,1.4002131313769316e-17,0.17367081206197396,-1.8776092488531908e-18,4
0.1235000000000001,0.015118840175584642,0.03130644082259142,2.3809802389804184e-20,0.041809207812825495,0.9848010591979393,1.3972085827729668e-17,0.17368613589637938,-1.881867253991551e-18,2
0.1240000000000001,0.015241031885494988,0.03142149332332651,2.5932295636925578e-20,0.041768047301547616,0.9848004799498976,1.4043144946806943e-17,0.17368942020298697,-1.8942430859403306e-18,2
0.1245000000000001,0.015363899597475666,0.03153676405112331,2.807387489492197e-20,0.041725509866366334,0.984801993058483,1.4093020021416424e-17,0.17368084082027574,-1.904494891507081e-18,2
0.12500000000000008,0.015487445637784465,0.03165224988776915,3.0233671192058075e-20,0.041681580138540016,0.9848055683438963,1.4143185146470513e-17,0.17366056708088268,-1.914831884469598e-18,4
0.12550000000000008,0.015611330433070503,0.03176840601150216,3.2397395984240384e-20,0.041638501556057216,0.9848089525266476,1.440923598785218e-17,0.1736413747450922,-1.9433048243489477e-18,4
0.12600000000000008,0.01573556129136223,0.03188522262633713,3.46219083528627e-20,0.04159622583742405,0.9848121535893833,1.4666428516479295e-17,0.1736232189041521,-1.9712571572610614e-18,4
0.12650000000000008,0.01586014523203364,0.03200269032321334,3.68997605029748e-20,0.041554706608182036,0.9848151792053618,1.4911111338118954e-17,0.173606056365294,-1.9981546626861676e-18,2
0.12700000000000009,0.0159854294076764,0.03212034376436318,3.917021239630551e-20,0.04151165035704726,0.9848161358763988,1.513807680320856e-17,0.17360062936947251,-2.0237341613826378e-18,2
0.12750000000000009,0.016111415990439085,0.03223818003814839,4.145263327923932e-20,0.04146704273342175,0.9848150562350534,1.5337489263948404e-17,0.17360675393759123,-2.0472660905721026e-18,2
0.12800000000000009,0.016238107064550086,0.032356196350782594,4.3746478679111183e-20,0.04142086996756438,0.984811971177943,1.5517799038878256e-17,0.17362425356099662,-2.069404174169081e-18,4
0.1285000000000001,0.016365123741365374,0.032474900580357464,4.610602857386239e-20,0.04137563523934846,0.9848090374483363,1.5830185378514312e-17,0.17364089311012001,-2.10337174193466e-18,4
0.1290000000000001,0.016492473848617337,0.03259428223425505,4.8527726858535465e-20,0.04133128683378469,0.9848062491093365,1.6120921465597662e-17,0.17365670650797857,-2.1355163494697188e-18,4
0.1295000000000001,0.016620164909054345,0.032714331228670644,5.1008438460664617e-20,0.041287775050802555,0.9848036004388291,1.6401377236764762e-17,0.1736717264344366,-2.1662021180625554e-18,4
0.1300000000000001,0.01674820415171187,0.03283503787350455,5.354370605372965e-20,0.04124505213078622,0.9848010859201533,1.666651252999396e-17,0.17368598438125543,-2.1957729666490648e-18,4
0.1305000000000001,0.016876598522669574,0.032956392857942794,5.613399213600994e-20,0.04120307218350626,0.9847987002335601,1.6918093081163918e-17,0.17369951070250395,-2.2239242720865032e-18,2
0.1310000000000001,0.01700566495321806,0.033077971354106256,5.873413620006774e-20,0.04115974135885562,0.9847984576303834,1.7090651897001192e-17,0.17370088614862234,-2.245804200485404e-18,2
0.1315000000000001,0.017135405952147548,0.0331997699991082,6.135531995740701e-20,0.04111504308216705,0.9848003259125504,1.72825158112493e-17,0.17369029357604732,-2.2690299903080896e-18,4
0.1320000000000001,0.01726548921574922,0.03332223422665629,6.395202231030127e-20,0.04107117276354022,0.9848020954449717,1.773943806931585e-17,0.17368026026924252,-2.313671987485293e-18,4
0.1325000000000001,0.017395921985896963,0.03344535432944165,6.661150019455665e-20,0.041028082558540506,0.9848037703695796,1.8159340215362402e-17,0.173670762841243,-2.3548536418027174e-18,4
0.1330000000000001,0.017526711218127485,0.03356912098397368,6.932689646568396e-20,0.04098572651445914,0.9848053546665325,1.852397494966896e-17,0.1736617788119308,-2.391312577082906e-18,4
0.1335000000000001,0.017657863592063387,0.03369352523660854,7.21048651049883e-20,0.04094406050145192,0.9848068521613305,1.8848828563942732e-17,0.17365328656864035,-2.4241001140625524e-18,4
0.1340000000000001,0.017789385521416054,0.033818558490140815,7.49439659507421e-20,0.040903042146453523,0.9848082665314557,1.9134435592942112e-17,0.1736452653293725,-2.45384817033126e-18,0
0.1345000000000001,0.01792174625520611,0.03394359174367309,7.778306679649591e-20,0.04085957129135022,0.9848096808362481,1.942004281756282e-17,0.17363724407858488,-2.4835962611537243e-18,0
0.1350000000000001,0.018054945793433547,0.034068624997205366,8.062216764224972e-20,0.04081364793614201,0.9848110950757074,1.9705650237786196e-17,0.17362922281627807,-2.5133443865263676e-18,0
0.1355000000000001,0.01818898413609837,0.03419365825073764,8.346126848800352e-20,0.040765272080828904,0.9848125092498338,1.9991257853593574e-17,0.17362120154245256,-2.543092546445613e-18,2
0.1360000000000001,0.018323716257601583,0.03431888590261261,8.629940995339493e-20,0.040715401856952306,0.984811757987845,2.0390963762043727e-17,0.1736254627895609,-2.582042022581678e-18,2
0.1365000000000001,0.018459144621239994,0.03444430465092481,8.915394610339544e-20,0.04066402099040347,0.9848088779131664,2.0743780350451515e-17,0.17364179791573522,-2.617265406190059e-18,4
0.1370000000000001,0.018594871240309268,0.03457044797359999,9.208147216141308e-20,0.0406137588350145,0.9848061401175091,2.1244677577206538e-17,0.173657324598912,-2.664345862952019e-18,4
0.1375000000000001,0.01873090514942897,0.03469730376025846,9.508847328078527e-20,0.04056455570233023,0.9848035390261329,2.1746466055621567e-17,0.17367207467409,-2.7110693070937623e-18,4
0.1380000000000001,0.018867255031628425,0.0348248603718067,9.817303559464946e-20,0.04051635422672469,0.9848010692671136,2.218927212716891e-17,0.17368607880411252,-2.7534650985540043e-18,4
0.1385000000000001,0.019003929231579113,0.034953106622700104,1.0133416678499242e-19,0.040469099277979426,0.9847987256618211,2.258047553417508e-17,0.17369936653555174,-2.791123436032758e-18,4
0.1390000000000001,0.019140935768170896,0.035082031764085295,1.0457014703109522e-19,0.04042273787819708,0.9847965032163049,2.2932987942649497e-17,0.17371196634929126,-2.825016447609511e-18,4
0.1395000000000001,0.019278282346490903,0.03521162546774312,1.078778608004066e-19,0.040377219122661054,0.9847943971134776,2.3231564766428488e-17,0.17372390570644247,-2.8542556946144436e-18,2
0.1400000000000001,0.01941629677604001,0.03534144832418914,1.111863305349191e-19,0.04033037729287393,0.9847944884549205,2.3473904179331045e-17,0.17372338791541647,-2.87905064786319e-18,2
0.1405000000000001,0.019554981780676255,0.03547149668225076,1.1452374783024261e-19,0.04028219439329329,0.9847967422106084,2.365510621703877e-17,0.1737106114529885,-2.8986387161959336e-18,4
0.1410000000000001,0.019693995034698677,0.035602229409530596,1.178488309159281e-19,0.0402349320456866,0.9847988791754694,2.4336826975756082e-17,0.17369849617868896,-2.9592720523440938e-18,4
0.1415000000000001,0.019833344469041746,0.03573363587507435,1.2126481282342006e-19,0.04018853785324592,0.9848009042129923,2.5027637018546462e-17,0.17368701465933312,-3.020501290915995e-18,4
0.1420000000000001,0.019973037700946987,0.03586570586841475,1.2475370220672695e-19,0.040142961491618626,0.9848028219966057,2.561696195736735e-17,0.17367614052459923,-3.0738228082218778e-18,4
0.1425000000000001,0.020113082045389776,0.03599842958425468,1.2832375243660605e-19,0.040098154633415165,0.9848046370182851,2.6162564337445312e-17,0.17366584841955052,-3.1235608120178943e-18,4
0.1430000000000001,0.02025348452603532,0.03613179760778127,1.319734298969427e-19,0.04005407087582651,0.9848063535965476,2.6648616741780075e-17,0.17365611396052333,-3.1683661660274564e-18,4
0.1435000000000001,0.020394251885760273,0.03626580090056229,1.35704309374172e-19,0.040010665671111785,0.9848079758838911,2.7037260287121252e-17,0.17364691369405855,-3.2054438359873156e-18,0
0.1440000000000001,0.020535858049922612,0.036399804193343314,1.394351888514013e-19,0.03996480796629215,0.9848095980852839,2.7425904174851518e-17,0.17363771341243844,-3.2425215664554748e-18,0
0.1445000000000001,0.02067830301852233,0.03653380748612434,1.431660683286306e-19,0.03991649776136761,0.9848112202007258,2.7814548404937526e-17,0.1736285131156638,-3.279599357425477e-18,0
0.1450000000000001,0.020821586791559443,0.03666781077890536,1.468969478058599e-19,0.03986573505633817,0.9848128422302165,2.820319297734592e-17,0.17361931280373544,-3.316677208890866e-18,2
0.1455000000000001,0.02096556267769483,0.03680201070285637,1.5061081278055535e-19,0.03981348898768608,0.9848122739716068,2.8700877516691926e-17,0.17362253608006012,-3.3625975947384648e-18,2
0.1460000000000001,0.02111023324174547,0.036936403819990075,1.543487657368412e-19,0.039759742610595714,0.9848095536014095,2.91403457517585e-17,0.17363796570851414,-3.403903554157008e-18,4
0.1465000000000001,0.02125519824298963,0.03707152662961084,1.5822785994734252e-19,0.03970714017037471,0.984806966767224,2.9435188050334353e-17,0.1736526366247807,-3.433590242813973e-18,4
0.1470000000000001,0.02140046699106431,0.037207366652694196,1.6220302498261504e-19,0.03965562016162749,0.9848045082536606,2.969365193232056e-17,0.17366657860182586,-3.4602542360975144e-18,4
0.1475000000000001,0.021546048432041127,0.037343911897553775,1.6627396409716422e-19,0.03960512348090299,0.9848021730338781,2.9864823774919136e-17,0.1736798203239232,-3.4793870456927206e-18,4
0.1480000000000001,0.021691951162015603,0.03748115084162572,1.704417994348245e-19,0.039555593336915267,0.9847999562608101,3.0041191119702635e-17,0.17369238943806656,-3.498586150509583e-18,4
0.1485000000000001,0.021838183440035124,0.03761907241413955,1.7470942768680358e-19,0.03950697516513336,0.9847978532592532,3.0172594541024276e-17,0.17370431260036304,-3.513788891803201e-18,2
0.1490000000000001,0.021985080349067307,0.03775722745595355,1.7902658901736e-19,0.03945705519390246,0.9847979888889004,3.0406082445331705e-17,0.17370354366096136,-3.537211329761062e-18,2
0.1495000000000001,0.022132644779818005,0.03789561209224544,1.833753676938302e-19,0.03940581432537743,0.9848003259694528,3.0620846789846466e-17,0.17369029325341606,-3.558647956549096e-18,4
0.1500000000000001,0.0222805278134059,0.038034694028390874,1.8770680169883272e-19,0.039355557740077284,0.9848025395681199,3.1050981853443386e-17,0.17367774198261454,-3.597788476221778e-18,4
0.1505000000000001,0.022428737878595565,0.03817446196612336,1.9214841195511735e-19,0.03930622975221102,0.984804634859934,3.144515315384584e-17,0.1736658606588821,-3.634189889913196e-18,4
0.1510000000000001,0.02257728307017838,0.038314905054848004,1.9668534209749116e-19,0.03925777688242755,0.9848066168178524,3.179756157369072e-17,0.17365462122205033,-3.667026816073825e-18,4
0.1515000000000001,0.022726171161155287,0.03845601287531114,2.0132198597501943e-19,0.0392101477773283,0.9848084902218872,3.2113219184119406e-17,0.17364399669117672,-3.696217835988821e-18,4
0.1520000000000001,0.022875409614412888,0.03859777542394928,2.0605926482152493e-19,0.03916329313232782,0.9848102596675659,3.236960828859045e-17,0.17363396111792181,-3.720362175684118e-18,2
0.1525000000000001,0.023025351014763315,0.03873972008142067,2.1082462006614726e-19,0.039114883547431485,0.9848100003878899,3.247288028033973e-17,0.17363543168375192,-3.7323540073149635e-18,0
0.1530000000000001,0.023176131219551126,0.038881664738892055,2.155899753107696e-19,0.03906402146243025,0.984809741106018,3.2576152261299226e-17,0.17363690224919487,-3.744345837047865e-18,0
0.1535000000000001,0.023327750228776322,0.03902360939636344,2.203553305553919e-19,0.039010706877324115,0.9848094818219503,3.2679424231468694e-17,0.17363837281425062,-3.756337664882779e-18,0
0.1540000000000001,0.023480208042438905,0.03916555405383483,2.2512068580001426e-19,0.03895493979211307,0.9848092225356866,3.278269619084791e-17,0.17363984337891922,-3.768329490819664e-18,2
0.1545000000000001,0.023633355918354165,0.03930769809151492,2.29860376381184e-19,0.03889770289247256,0.9848067419901655,3.2905714946363303e-17,0.17365391136025296,-3.781912424971575e-18,4
0.1550000000000001,0.023786784019298395,0.03945059087225837,2.3474617398683973e-19,0.03884170382431886,0.9848043841032282,3.3270889178616464e-17,0.17366728261552392,-3.8140549421705684e-18,4
0.1555000000000001,0.023940502336502505,0.03959421900340384,2.397464014519093e-19,0.03878687657921246,0.9848021440911315,3.3557826472412263e-17,0.1736799844354817,-3.8400474726809036e-18,4
0.1560000000000001,0.02409452047066875,0.039738569615770845,2.4485164050648114e-19,0.03873315772879507,0.9848000173420798,3.379047337909282e-17,0.17369204311953476,-3.861864652088989e-18,4
0.1565000000000001,0.02424884764662883,0.03988363034401146,2.5006565013672837e-19,0.03868048632794899,0.9847979994080438,3.391145984197883e-17,0.1737034840235327,-3.874474490210874e-18,2
0.1570000000000001,0.024403833118454114,0.04002893303344731,2.5528856009616296e-19,0.0386265549816759,0.9847983015326593,3.4128186004272915e-17,0.17370177114349925,-3.894865410621038e-18,4
0.1575000000000001,0.024559127378882703,0.04017494617814387,2.6049760239065494e-19,0.03857367275771208,0.984798587324975,3.469084743722437e-17,0.17370015084257345,-3.9440537730916245e-18,4
0.1580000000000001,0.024714739334630864,0.04032165783916832,2.658175872933842e-19,0.038521780812612975,0.984798857565728,3.52133723864406e-17,0.1736986186969725,-3.9899874894233485e-18,4
0.1585000000000001,0.024870677540719654,0.040469056549014774,2.7124461928014457e-19,0.03847082262645691,0.9847991129979167,3.570746733284652e-17,0.1736971704965743,-4.0334060656736154e-18,2
0.1590000000000001,0.025027285743982414,0.04061668153513568,2.7671231620675633e-19,0.038418527188570105,0.9848015379922905,3.6042826137639607e-17,0.1736834211086897,-4.063617678634792e-18,2
0.15950000000000011,0.025184566670464363,0.04076452914342669,2.82216573840066e-19,0.03836487648896037,0.984806097038813,3.6345015421051395e-17,0.17365756889689318,-4.0910179068749645e-18,4
0.16000000000000011,0.025342162855271702,0.04091307853469391,2.876883567226585e-19,0.03831223216855218,0.984810412958059,3.671781493569067e-17,0.1736330916886997,-4.124349463016187e-18,4
0.16050000000000011,0.02550008300313409,0.041062318040755816,2.93276360525974e-19,0.03826053671835337,0.984814495906875,3.701971503749064e-17,0.17360993246841325,-4.1524834209902005e-18,2
0.16100000000000012,0.025658693223573878,0.04121175691318674,2.988996039953661e-19,0.038207371385513396,0.9848163579650309,3.725766799399392e-17,0.17359936948183743,-4.175835823915824e-18,2
0.16150000000000012,0.025817996223066932,0.041361391524113895,3.04550511649972e-19,0.03815271828932768,0.9848160399601678,3.748027040555227e-17,0.17360117349019427,-4.19811879742992e-18,2
0.16200000000000012,0.02597799459824638,0.04151121839290229,3.102284277268359e-19,0.038096560274782774,0.9848135805900203,3.7671152581253684e-17,0.17361512458729683,-4.218127582492066e-18,2
0.16250000000000012,0.026138690840145404,0.041661234180467466,3.1593314074144073e-19,0.03803888088452575,0.984809016514505,3.7806342086479733e-17,0.17364101183687183,-4.233781754456365e-18,4
0.16300000000000012,0.02629967575014243,0.041811987393655214,3.217661283951442e-19,0.03798238354546015,0.9848046817323013,3.7940111145940216e-17,0.17366559486018002,-4.249492339381356e-18,4
0.16350000000000012,0.026460959069258532,0.04196346497519589,3.277175944801138e-19,0.03792700390219218,0.9848005671718909,3.806215228499079e-17,0.17368892566286886,-4.264157300113142e-18,2
0.16400000000000012,0.026622891734611992,0.042115196514385056,3.3370548061383465e-19,0.03787042344044293,0.9847988872818441,3.826486443066994e-17,0.1736984502188818,-4.2849500558028584e-18,2
0.16450000000000012,0.026785477313038923,0.042267177230087306,3.3974102088256774e-19,0.03781261859541969,0.9847995965926493,3.8437895868492875e-17,0.17369442866987678,-4.303076875862705e-18,4
0.16500000000000012,0.026948353000357406,0.04241989344011256,3.4576778422105476e-19,0.0377559862827874,0.9848002673492918,3.865480342988057e-17,0.17369062562142729,-4.325546715025448e-18,4
0.16550000000000012,0.027111528552864292,0.042573332066714854,3.519179131863652e-19,0.03770046204623066,0.9848009012646525,3.880148817518916e-17,0.17368703137634553,-4.3427813105401094e-18,4
0.16600000000000012,0.027275013342155797,0.042727480547817005,3.5818525448363316e-19,0.037645983971011814,0.9848014999778942,3.8922791043401097e-17,0.1736836366537997,-4.357254880355799e-18,4
0.16650000000000012,0.027438816369182308,0.04288232681817085,3.645629995015303e-19,0.03759249259111562,0.9848020650582429,3.902451820636922e-17,0.17368043256803564,-4.369673127966175e-18,4
0.16700000000000012,0.027602946277677426,0.0430378592913565,3.7104683905664604e-19,0.03753993080052873,0.9848025980085264,3.906250049112472e-17,0.17367741060845032,-4.377152364645729e-18,2
0.16750000000000012,0.02776774728462701,0.04319361656461444,3.7757459265551447e-19,0.03748602448245025,0.9848052861426799,3.90847249839442e-17,0.17366216739818136,-4.38314806668301e-18,2
0.16800000000000012,0.02793322210622453,0.04334959499704601,3.8414215354227184e-19,0.0374307556919749,0.984810094030374,3.9095692937706865e-17,0.17363490056980355,-4.388186575649521e-18,2
0.16850000000000012,0.02809938087278337,0.04350578100955796,3.907227515192156e-19,0.037374057501795704,0.9848125890091147,3.896885295629235e-17,0.17362074913202072,-4.382338896485092e-18,2
0.16900000000000012,0.028266226565622613,0.04366217060586624,3.9733192116378353e-19,0.037315910215418704,0.9848128161842865,3.8803058796892217e-17,0.1736194605428043,-4.373563006938334e-18,2
0.16950000000000012,0.028433762045427628,0.04381875995138924,4.0396981043358014e-19,0.03725629493333298,0.9848108183260221,3.861776453123941e-17,0.17363079251109298,-4.36356305818745e-18,4
0.17000000000000012,0.028601581930309414,0.04397609243686571,4.1072907842956294e-19,0.03719788986667403,0.9848089156236238,3.8493972600303686e-17,0.17364158404086794,-4.358167531699546e-18,4
0.17050000000000012,0.02876969624043603,0.04413415463084578,4.176035008549418e-19,0.03714062881582514,0.984807104432757,3.8366093939617136e-17,0.17365185590361112,-4.352151060930307e-18,4
0.17100000000000012,0.028938114601484953,0.044292933630671154,4.245894393236567e-19,0.03708444818742586,0.9848053812371591,3.8186353987934015e-17,0.1736616281345226,-4.342443601551456e-18,4
0.17150000000000012,0.029106846259128346,0.04445241704305844,4.316833136491824e-19,0.03702928689867292,0.9848037426428365,3.7942854842118824e-17,0.17367092006626014,-4.328027551762168e-18,2
0.17200000000000013,0.029276238854593108,0.044612138875253074,4.388173286224869e-19,0.03697284821004669,0.9848043898116625,3.775712351667653e-17,0.17366725024505475,-4.317760790099224e-18,2
0.17250000000000013,0.02944629552521428,0.04477209492184072,4.459913018341953e-19,0.036915111394312215,0.984807282292149,3.7583327804887465e-17,0.17365084723188404,-4.308099175435697e-18,0
0.17300000000000013,0.02961719100027284,0.044932050968428366,4.531652750459037e-19,0.03685492207847283,0.984810174499425,3.7409531688290273e-17,0.1736344441705382,-4.298437490035781e-18,2
0.17350000000000013,0.029788766927814955,0.0450922192765588,4.603732327510331e-19,0.036793326436463734,0.9848107019914096,3.7248249519559706e-17,0.17363145234428717,-4.290002424747574e-18,2
0.17400000000000013,0.02996102644797939,0.04525259563705945,4.676084693629026e-19,0.03673030372252684,0.9848089117926799,3.706716813539943e-17,0.1736416057680792,-4.280263800988848e-18,4
0.17450000000000013,0.030133550368280474,0.04541374195296708,4.749535081232539e-19,0.03666862338940165,0.9848072069022229,3.6791501834660263e-17,0.1736512747820811,-4.2625375922186514e-18,4
0.17500000000000013,0.030306349576081863,0.04557564363040678,4.824065584213684e-19,0.03660821350822466,0.98480558407728,3.648528595058918e-17,0.17366047785897296,-4.242838160461947e-18,4
0.17550000000000013,0.03047943453133021,0.045738286648431145,4.89969836039327e-19,0.036549004973921405,0.9848040401883345,3.6192449300825343e-17,0.17366923282128205,-4.224329436995941e-18,4
0.17600000000000013,0.03065281528243554,0.04590165753773359,4.976335214951553e-19,0.036490931400290756,0.9848025722136112,3.5884339405264764e-17,0.17367755687323053,-4.204851438073201e-18,4
0.17650000000000013,0.030826501481367313,0.04606574336041294,5.053942979312702e-19,0.03643392902027058,0.9848011772342501,3.555204099332639e-17,0.17368546662871415,-4.183032713466095e-18,4
0.17700000000000013,0.03100050239804551,0.046230531690683044,5.1325238852561075e-19,0.0363779365908612,0.9847998524300547,3.5251637668968485e-17,0.17369297813596662,-4.1635950401139145e-18,2
0.17750000000000013,0.031175165450944103,0.046395556834376614,5.21152115386452e-19,0.03632065884419071,0.9848007982278121,3.483366970189322e-17,0.173687615591507,-4.134154587115606e-18,2
0.17800000000000013,0.031350493756674584,0.04656081461385803,5.29085557713802e-19,0.0362620751899372,0.9848039743764467,3.43884809725119e-17,0.1736696060119724,-4.102272648047944e-18,2
0.17850000000000013,0.03152649031710528,0.04672630100529818,5.370484988237223e-19,0.03620216579584522,0.9848093416593223,3.3943423357632803e-17,0.1736391677604188,-4.0699681507406695e-18,2
0.17900000000000013,0.03170316392924821,0.04689200421681638,5.450362333658646e-19,0.03614087254324634,0.9848122928984026,3.3854669524139684e-17,0.17362242872448772,-4.066812875489116e-18,2
0.17950000000000013,0.03188051789261767,0.047057919825606497,5.530446653176865e-19,0.03607817363344628,0.9848128780911003,3.37488152819148e-17,0.17361910939157113,-4.0625372761891225e-18,2
0.18000000000000013,0.032058555373524915,0.047224043587413264,5.610754765939425e-19,0.03601404814777468,0.9848111446614788,3.358935843083377e-17,0.17362894156950529,-4.054181501218765e-18,4
0.18050000000000013,0.03223685785070845,0.04739093650553664,5.691839628812273e-19,0.035951261104436354,0.9848094922237475,3.378248371370016e-17,0.17363831381928216,-4.074402277010959e-18,4
0.18100000000000013,0.032415436264370615,0.04755858391527455,5.773910084078201e-19,0.03588974022548173,0.9848079177251892,3.3953777003997826e-17,0.17364724353060076,-4.093227507129927e-18,4
0.18150000000000013,0.032594301124147664,0.0477269717290736,5.856831119408546e-19,0.035829416077555264,0.9848064182191572,3.405021721911655e-17,0.1736557474843646,-4.104994716782591e-18,4
0.18200000000000013,0.03277346252499566,0.047896086415234934,5.940649306559616e-19,0.03577022196694291,0.9848049908599595,3.4116969397546024e-17,0.173663841882281,-4.114452179074462e-18,4
0.18250000000000013,0.03295293016231331,0.04806591497764304,6.025288734019605e-19,0.03571209383966141,0.9848036328983802,3.4161951577757935e-17,0.1736715423728115,-4.121865285037022e-18,2
0.18300000000000013,0.03313305726396076,0.04823598393498784,6.11021398400962e-19,0.03565269804733098,0.9848045796520749,3.427506289614581e-17,0.17366617372504944,-4.134386228101507e-18,2
0.18350000000000014,0.03331384707683881,0.04840628893498855,6.195433768868085e-19,0.03559201313885567,0.9848077891970023,3.4291429704363005e-17,0.17364797245263705,-4.138862838509429e-18,0
0.18400000000000014,0.033495475694154245,0.04857659393498926,6.28065355372655e-19,0.03552887573027545,0.9848109984055317,3.4307796480573534e-17,0.1736297711209087,-4.143339443925344e-18,2
0.18450000000000014,0.0336777822234119,0.04874711460197996,6.365790514592445e-19,0.03546434877996071,0.984811804997675,3.429708434941427e-17,0.17362519614739247,-4.1456124622087314e-18,2
0.18500000000000014,0.03386076994757226,0.04891784653534397,6.451119376039588e-19,0.03539841059858229,0.9848102581979858,3.4274705310591453e-17,0.17363396945302983,-4.147227120959309e-18,4
0.18550000000000014,0.034044016198237506,0.04908935629737517,6.537054377480821e-19,0.0353338536029706,0.98480878316906,3.435077630667416e-17,0.17364233525576347,-4.156344522580826e-18,4
0.18600000000000014,0.03422753224075541,0.049261628787533034,6.623903941601291e-19,0.03527060336705822,0.9848073772307032,3.442309790390343e-17,0.17365030881626137,-4.1649121765403695e-18,4
0.18650000000000014,0.03441132889683964,0.049434649499942605,6.711611863086571e-19,0.035208588395707126,0.9848060377945951,3.439102719014501e-17,0.17365790486847987,-4.164677461711953e-18,4
0.18700000000000014,0.03459541656094563,0.04960840450144366,6.800144434987324e-19,0.03514774001651973,0.9848047623598176,3.4325205188351094e-17,0.17366513764547778,-4.1612220159040405e-18,4
0.18750000000000014,0.034779805215853186,0.049782880410703105,6.889478452029542e-19,0.035087992276890016,0.9848035485089751,3.419697894126767e-17,0.17367202090184322,-4.1523677936601534e-18,2
0.18800000000000014,0.03496485205188777,0.0499575984349576,6.979105562381817e-19,0.03502698534986679,0.9848046558684803,3.4124646482352794e-17,0.173665741525966,-4.1479977281216975e-18,2
0.18850000000000014,0.03515056039029761,0.05013255412226792,7.069064934342472e-19,0.03496469729316738,0.9848080415238708,3.407533185040179e-17,0.17364654142803287,-4.145446955977551e-18,0
0.18900000000000014,0.03533710753314485,0.050307509809578245,7.159024306303127e-19,0.03489995673636307,0.9848114268049294,3.402601708147315e-17,0.17362734126409557,-4.142896160388883e-18,2
0.18950000000000014,0.035524330814207625,0.05048268354145556,7.248968925155838e-19,0.03483383835619326,0.9848123829981477,3.3766065775063794e-17,0.1736219176645315,-4.123270448625729e-18,2
0.19000000000000014,0.03571223360641731,0.05065807079668246,7.339136806653703e-19,0.03476631986892371,0.9848109607096377,3.350578809549829e-17,0.17362998492818046,-4.103926419427308e-18,4
0.19050000000000014,0.035900390305784964,0.05083424207254123,7.430225638919638e-19,0.034700213085770884,0.9848096032379164,3.309056252347837e-17,0.17363768418859252,-4.0726846610261835e-18,4
0.19100000000000014,0.036088812427567,0.051011181933503374,7.522123907728594e-19,0.034635441929611405,0.9848083081931238,3.2644934420797737e-17,0.17364502905006246,-4.039122927259197e-18,4
0.19150000000000014,0.036277511033080634,0.051188875552519435,7.614879597234819e-19,0.03457193332233383,0.9848070732664623,3.219920682970374e-17,0.17365203265249832,-4.0057910595723016e-18,4
0.19200000000000014,0.036466496746445615,0.05136730868857754,7.708399211062772e-19,0.03450961707423144,0.9848058962261851,3.182290994336343e-17,0.17365870769454625,-3.9784558766322894e-18,4
0.19250000000000014,0.03665577977051513,0.051546467665349094,7.802718089487828e-19,0.03444842577875324,0.9848047749141418,3.1454344443573847e-17,0.1736650664535217,-3.952207292256349e-18,2
0.19300000000000014,0.03684572010096121,0.0517258699296676,7.897408872660031e-19,0.034385981075040685,0.9848059859767175,3.096731626140627e-17,0.1736581987250377,-3.915905292951479e-18,0
0.19350000000000014,0.03703649923584468,0.05190527219398611,7.992099655832235e-19,0.03432108387122323,0.9848071969913998,3.04802876771357e-17,0.1736513309881083,-3.879603222815908e-18,0
0.19400000000000014,0.03722811717516553,0.052084674458304614,8.086790439004438e-19,0.03425373416730086,0.9848084079581887,2.999325869078531e-17,0.17364446324273383,-3.8433010818541956e-18,0
0.19450000000000014,0.03742057391892377,0.05226407672262312,8.181481222176642e-19,0.034183931963273594,0.984809618877084,2.950622930237831e-17,0.17363759548891464,-3.806998870070901e-18,4
0.19500000000000015,0.03761327378441693,0.05244427746480298,8.277231035232079e-19,0.03411561271874199,0.9848107583573208,2.9440443466867724e-17,0.17363113264526603,-3.8053707771264804e-18,4
0.19550000000000015,0.03780622879653973,0.052625260566175336,8.373733085978053e-19,0.03404869698958724,0.9848118295633514,2.93335868929671e-17,0.17362505680944676,-3.800098390657423e-18,4
0.19600000000000015,0.03799945050516515,0.05280701054481025,8.470943799580968e-19,0.03398310846998699,0.9848128355309167,2.918993127170453e-17,0.17361935080386287,-3.792042363831113e-18,2
0.19650000000000015,0.03819335526191187,0.052988969305687174,8.568123069471822e-19,0.03391609647577967,0.9848115158772971,2.9031595236179306e-17,0.17362683604633086,-3.78291247748471e-18,4
0.19700000000000015,0.03838752746937754,0.053171693932843725,8.666333977403131e-19,0.03385040670829304,0.9848102555320478,2.945583479570919e-17,0.17363398457359086,-3.821504055957361e-18,4
0.19750000000000015,0.03858197818484373,0.053355169604639964,8.765207105543016e-19,0.03378596611607759,0.984809052326951,2.9843239198340705e-17,0.17364080872563323,-3.8573504597224126e-18,4
0.19800000000000015,0.038776718027230504,0.05353938208703389,8.86476230197312e-19,0.03372270454377905,0.9848079041654763,3.01653659375594e-17,0.1736473204319645,-3.8877870261037005e-18,0
0.19850000000000015,0.03897229667405468,0.05372359456942782,8.964317498403225e-19,0.0336569904713756,0.9848067559609451,3.048749247415869e-17,0.17365383213070382,-3.918223556820475e-18,0
0.19900000000000015,0.03916871412531622,0.05390780705182174,9.06387269483333e-19,0.033588823898867255,0.9848056077133578,3.080961880812474e-17,0.1736603438218509,-3.948660051870074e-18,2
0.19950000000000015,0.039365773977249705,0.054092282801988856,9.163135368150097e-19,0.033519502394709744,0.9848069833313134,3.110140537919777e-17,0.1736525426876252,-3.976601489983618e-18,4
0.20000000000000015,0.03956308825231934,0.05427754188114922,9.261920949157058e-19,0.03345158918578821,0.9848082806909424,3.1699075914657456e-17,0.17364518502552673,-4.0316132522792706e-18,4
0.20050000000000015,0.039760668586233734,0.05446356869231524,9.361528312725103e-19,0.033385007399195386,0.9848095032124674,3.225660488289363e-17,0.17363825149549442,-4.082794423048788e-18,2
0.20100000000000015,0.03995893137202204,0.054649805084958085,9.461069865144898e-19,0.03331700607718587,0.9848083909137073,3.2724680681323116e-17,0.17364455990889552,-4.1267965395183095e-18,4
0.20150000000000015,0.040157461131954696,0.05483680798270096,9.561721600004438e-19,0.03325033013045259,0.98480732907388,3.3433962602698784e-17,0.1736505819234995,-4.190717553593178e-18,2
0.20200000000000015,0.04035663871300443,0.05502406688242696,9.662603135181937e-19,0.03318246344115463,0.9848087213386266,3.411875669567967e-17,0.1736426859253757,-4.252580211625007e-18,2
0.20250000000000015,0.040556496269986406,0.05521153868248497,9.763239733323882e-19,0.0331131935740888,0.9848077417364401,3.4777860413163703e-17,0.17364824161497389,-4.312440847719855e-18,4
0.20300000000000015,0.04075661327211297,0.055399787079827296,9.864668821393733e-19,0.03304529882367027,0.9848068060069661,3.543274265198451e-17,0.17365354831490568,-4.3729872038497914e-18,2
0.20350000000000015,0.040957375998936715,0.05558829428928116,9.966131696620116e-19,0.03297622718097315,0.9848083513513676,3.605735040940874e-17,0.17364478428274444,-4.430917845429439e-18,2
0.20400000000000015,0.041158816371504946,0.05577701752254755,1.0067348410645566e-18,0.03290576775521355,0.9848074899961056,3.650283012842964e-17,0.17364966929876335,-4.4745971085828e-18,4
0.20450000000000015,0.04136050908732147,0.055966526872775355,1.0169347227857813e-18,0.03283673036575472,0.9848066664379939,3.6916919325002363e-17,0.17365433982277945,-4.516270969389212e-18,4
0.20500000000000015,0.04156246590693712,0.05615680657563329,1.0272264326324204e-18,0.03276903731490227,0.9848058793632941,3.72484650923945e-17,0.1736588033227475,-4.551135803144685e-18,2
0.20550000000000015,0.04176507032956158,0.05634734257283574,1.0375512017564642e-18,0.03270015496244739,0.984807549282715,3.761247169649925e-17,0.17364933307033678,-4.588617104284954e-18,2
0.20600000000000016,0.04196832618456647,0.05653812973133378,1.0479079246680577e-18,0.03263005800912042,0.984811626621825,3.7921657115203923e-17,0.17362620790213418,-4.6213466426902705e-18,2
0.20650000000000016,0.042172252012595786,0.05672914319847735,1.0582437229819052e-18,0.03255862396361012,0.9848131827295343,3.814905140636987e-17,0.173617381394044,-4.647431054012286e-18,2
0.20700000000000016,0.04237685149907828,0.056920378034164505,1.0685997703307609e-18,0.0324858284776251,0.9848122730390458,3.833816037948623e-17,0.1736225413696848,-4.6707260622627834e-18,4
0.20750000000000016,0.0425816894523272,0.057112417587426294,1.0790673162873845e-18,0.032414546704824396,0.9848114005404556,3.861130047854176e-17,0.17362749023569515,-4.701755210418305e-18,4
0.20800000000000016,0.042786778232346175,0.05730524529040001,1.089624231902845e-18,0.03234469698714644,0.9848105639886743,3.8790182857011096e-17,0.17363223507260786,-4.724246951876755e-18,4
0.20850000000000016,0.04299212971051977,0.05749884523018814,1.1002754083599109e-18,0.032276200894658116,0.9848097621765187,3.893743182611279e-17,0.17363678274440783,-4.743818236674825e-18,4
0.20900000000000016,0.04319775528752993,0.05769320212484267,1.1110174946581953e-18,0.03220898310718842,0.9848089939326719,3.907728150472965e-17,0.1736411399102148,-4.762422574088739e-18,2
0.20950000000000016,0.043404070510363615,0.05788775895790483,1.121768184375149e-18,0.03214029825648555,0.9848059981410628,3.9185630752709634e-17,0.17365812974170028,-4.778783804585066e-18,2
0.21000000000000016,0.04361102713645287,0.058082580395718515,1.1325177884998385e-18,0.03207046506370164,0.9848055389095203,3.9403813715137815e-17,0.1736607339991676,-4.804099661467481e-18,2
0.21050000000000016,0.04381862925549288,0.0582776609562863,1.1433033965295433e-18,0.03199945650970384,0.9848075637899424,3.9584784820762657e-17,0.17364925079630741,-4.826179371853254e-18,0
0.21100000000000016,0.04402707017897027,0.05847274151685409,1.154089004559248e-18,0.03192599545560113,0.984809588536466,3.976575606080981e-17,0.17363776756983718,-4.8482591062342894e-18,2
0.21150000000000016,0.04423618128204233,0.05866804810917204,1.1648676219319977e-18,0.03185119594458028,0.984809095185017,3.9814124069889806e-17,0.17364056565465427,-4.859890948483706e-18,4
0.21200000000000016,0.044445522180112676,0.05886417104306323,1.1757498585996765e-18,0.03177796743797137,0.9848086192403339,4.0252426273693396e-17,0.17364326497145555,-4.902139020460111e-18,4
0.21250000000000016,0.04465510564167085,0.059061093203113355,1.1867300394175843e-18,0.03170622557899407,0.9848081602462304,4.0688236098924914e-17,0.17364586811218669,-4.944336835220887e-18,4
0.21300000000000016,0.04486494393042488,0.05925879815053832,1.1978087108014709e-18,0.031635889345776894,0.984807717753939,4.1083170444192226e-17,0.17364837762639157,-4.983264984141454e-18,4
0.21350000000000016,0.04507504882386794,0.059457270098296613,1.208978552998324e-18,0.0315668809286934,0.9848072913216644,4.13876754042509e-17,0.17365079602376263,-5.015081240907196e-18,4
0.21400000000000016,0.04528543163093122,0.05965649388742662,1.220240970783075e-18,0.031499125613735995,0.984806880514375,4.165549346356034e-17,0.1736531257753386,-5.043966199187436e-18,0
0.21450000000000016,0.045496653242431885,0.05985571767655663,1.2315033885678262e-18,0.03142891779867369,0.9848064697015741,4.1923311472419653e-17,0.1736554555259427,-5.072851148584576e-18,0
0.21500000000000016,0.04570871365836994,0.06005494146568664,1.2427658063525773e-18,0.03135625748350648,0.9848060588832618,4.219112943082737e-17,0.17365778527557493,-5.101736089098335e-18,0
0.21550000000000016,0.04592161287874538,0.06025416525481665,1.2540282241373284e-18,0.03128114466823437,0.9848056480594379,4.2458947338782e-17,0.1736601150242353,-5.130621020728433e-18,0
0.21600000000000016,0.04613535090355821,0.06045338904394666,1.2652906419220795e-18,0.03120357935285735,0.9848052372301027,4.272676519628209e-17,0.17366244477192377,-5.159505943474589e-18,2
0.21650000000000016,0.046349717349963335,0.06065289483898941,1.2765395837933942e-18,0.03112495146054104,0.9848075299019529,4.306686707291626e-17,0.17364944298331256,-5.1938688558087415e-18,4
0.21700000000000016,0.046564291083309874,0.06085324714634064,1.2877510605692967e-18,0.031048043275206137,0.9848096956032295,4.3738919383946435e-17,0.17363716032541804,-5.25466480180343e-18,4
0.21750000000000017,0.046779085865760364,0.06105442751862549,1.2990755064199736e-18,0.030972763875235426,0.9848117397856744,4.431779368366852e-17,0.1736255660330978,-5.3072485640152366e-18,4
0.21800000000000017,0.04699411491552292,0.06125641823760824,1.3105052065564221e-18,0.0308990259327213,0.9848136676821141,4.482323126256451e-17,0.17361463056581133,-5.352902729368959e-18,4
0.21850000000000017,0.047209390927197815,0.06145920228691884,1.3220397360357788e-18,0.030826745579043097,0.9848154843178175,4.52977751241831e-17,0.17360432554479546,-5.395217632836878e-18,4
0.21900000000000017,0.04742492609104628,0.061662763326224335,1.3336761836212467e-18,0.030755842277565643,0.984817194520796,4.573812860628921e-17,0.17359462369609743,-5.434540872479221e-18,2
0.21950000000000017,0.047641140489532094,0.061866538259524304,1.3453525318715691e-18,0.030683540695786726,0.9848165225467219,4.611987313123211e-17,0.1735984358195171,-5.469500633121246e-18,2
0.22000000000000017,0.04785803747932917,0.06207052258739347,1.3570537528190706e-18,0.03060981865737907,0.9848135183445006,4.64430456719219e-17,0.17361547766811297,-5.499819444367897e-18,4
0.22050000000000017,0.04807518519254514,0.062275295203510744,1.368874561930352e-18,0.030537529356897745,0.9848106594145393,4.672648795845052e-17,0.17363169383353186,-5.526016721548287e-18,4
0.22100000000000017,0.04829259564987172,0.062480839994841136,1.3808030214307736e-18,0.030466593377991597,0.984807940136905,4.696143532384411e-17,0.17364711642669786,-5.547990456021411e-18,4
0.22150000000000017,0.048510280393842614,0.06268714148929257,1.3928337889682928e-18,0.03039693446332616,0.9848053550873054,4.7106494627378617e-17,0.17366177642580813,-5.562723937466366e-18,0
0.22200000000000017,0.048728803942250896,0.062893442983744,1.4048645565058121e-18,0.030324823048555816,0.9848027698194748,4.7251553744964825e-17,0.1736764363864353,-5.5774573867290586e-18,0
0.22250000000000017,0.04894816629509656,0.06309974447819543,1.4168953240433314e-18,0.030250259133680568,0.9848001843334139,4.7396612676571066e-17,0.17369109630857607,-5.5921908038036114e-18,2
0.22300000000000017,0.049168162406262844,0.06330632082498706,1.4289214330340304e-18,0.03017459738403727,0.9848002340662597,4.765376669898768e-17,0.17369081433121658,-5.615907218789739e-18,2
0.22350000000000017,0.04938879673536226,0.06351316604626887,1.4409865899031556e-18,0.030097808336583244,0.9848028616955103,4.787139027224678e-17,0.17367591541815666,-5.636081865875676e-18,2
0.22400000000000017,0.04961007357637891,0.06372027438620605,1.4530932546972892e-18,0.030019863622522697,0.9848080114343399,4.804969141724252e-17,0.1736467120758188,-5.6525262885158714e-18,0
0.22450000000000017,0.04983218922183294,0.06392738272614322,1.4651999194914228e-18,0.029939466408357245,0.9848131603071736,4.822799308766946e-17,0.17361750858078384,-5.668970806282613e-18,2
0.22500000000000017,0.050054957858500455,0.06413474013785134,1.4772951378828192e-18,0.029857844294675032,0.9848155343297068,4.830387689406141e-17,0.17360404183916706,-5.677229454415688e-18,2
0.22550000000000017,0.05027838393049301,0.06434234066425853,1.4894195605544228e-18,0.029774967920842735,0.9848152005371508,4.83883151037735e-17,0.17360593535640628,-5.686521933160559e-18,4
0.22600000000000017,0.050501997368559134,0.06455081440573372,1.5016960680777435e-18,0.029693942863941686,0.9848148715592532,4.833259150999901e-17,0.17360780154052072,-5.684333995032618e-18,4
0.22650000000000017,0.050725812836430545,0.06476014170640124,1.5140866490278751e-18,0.029614672246014082,0.9848145475207376,4.82280743575803e-17,0.17360963968491447,-5.677013978689664e-18,4
0.22700000000000017,0.05094984442050239,0.06497030368427137,1.526593273450854e-18,0.02953706300335543,0.984814228533821,4.807259349821289e-17,0.17361144915395438,-5.6659101293278834e-18,4
0.22750000000000017,0.051174105651560595,0.06518128220211605,1.53920918378378e-18,0.029461025742969743,0.9848139146979497,4.788190527954622e-17,0.1736132293844581,-5.6514061077154476e-18,4
0.22800000000000017,0.05139860952527915,0.06539305983999355,1.5519348116540839e-18,0.029386474607151616,0.9848136060998303,4.762742276751326e-17,0.17361497988551935,-5.63141574925951e-18,4
0.22850000000000018,0.05162336852164036,0.06560561986921672,1.5647642331590273e-18,0.029313327145183764,0.9848133028136894,4.735567909350404e-17,0.1736167002370266,-5.609844907925747e-18,4
0.22900000000000018,0.05184839462341025,0.06581894622758774,1.5776989934202352e-18,0.029241504191276278,0.984813004901712,4.7078448141863234e-17,0.17361839008717275,-5.587498799298625e-18,4
0.22950000000000018,0.05207369933378308,0.06603302349574677,1.5907321927436383e-18,0.029170929747996188,0.9848127124146142,4.6774128528768467e-17,0.17362004914920276,-5.562693945681918e-18,2
0.23000000000000018,0.052299693624091696,0.06624730079063214,1.603769435366843e-18,0.029098888676779493,0.9848101917590679,4.6486783248606034e-17,0.1736343462782323,-5.539295897799417e-18,2
0.23050000000000018,0.05252638046181227,0.06646177413451536,1.6168273197477118e-18,0.029025361372587075,0.9848054866687763,4.6203334045992156e-17,0.17366103024880367,-5.51664625402272e-18,0
0.23100000000000018,0.05275390610397024,0.06667624747839858,1.6298852041285805e-18,0.028949381568289752,0.984800780855468,4.591988571171784e-17,0.17368771409187794,-5.493996765300911e-18,0
0.23150000000000018,0.0529822705505656,0.0668907208222818,1.6429430885094493e-18,0.028870949263887523,0.9847960743191463,4.5636438245986865e-17,0.17371439780743553,-5.471347431675066e-18,2
0.23200000000000018,0.05321125740719187,0.06710548423022455,1.6560377864178815e-18,0.02879149409875195,0.9847941488315001,4.551279835854304e-17,0.1737253131447537,-5.4611146945980724e-18,2
0.23250000000000018,0.05344087162509763,0.06732053106536744,1.6691726421758213e-18,0.028710983361779338,0.9847949412378587,4.53887718279803e-17,0.17372082118250523,-5.450303055339124e-18,2
0.23300000000000018,0.053671117971851236,0.06753585493706357,1.68234608580975e-18,0.028629385555374344,0.9847983900715339,4.5217711972669414e-17,0.1737012691735911,-5.435318725838274e-18,2
0.23350000000000018,0.05390200103793069,0.0677514496920454,1.6955565921630266e-18,0.028546670351913515,0.9848044355178375,4.5047883933587647e-17,0.1736669910616144,-5.420104700942519e-18,2
0.23400000000000018,0.05413352524297378,0.06796730940604667,1.708801652563638e-18,0.028462808552452687,0.9848130193786789,4.4763075534366415e-17,0.1736183079696698,-5.395310537306285e-18,4
0.23450000000000018,0.05436524247504647,0.06818403474693513,1.722117314392179e-18,0.028380760670039598,0.9848211434038782,4.487076009124749e-17,0.17357221985294546,-5.402500004606316e-18,2
0.23500000000000018,0.05459760530469213,0.06840101907033769,1.7354755129856768e-18,0.028297536735211418,0.9848263820595984,4.5150473535395955e-17,0.1735424939298823,-5.42445629177709e-18,2
0.23550000000000018,0.05483061851794147,0.0686182559608598,1.7488602521453255e-18,0.028213105128398898,0.9848288083218488,4.5381137753458404e-17,0.17352872470968173,-5.44279330847487e-18,2
0.23600000000000018,0.05506428670879566,0.06883573926051129,1.762266895184146e-18,0.02812743549870224,0.9848284914526256,4.558591992379082e-17,0.173530523030235,-5.459623017808948e-18,4
0.23650000000000018,0.055298135474500104,0.06905410487846887,1.7757834342047633e-18,0.02804366205308658,0.9848281701536269,4.574485424385167e-17,0.17353234647137178,-5.473679029969794e-18,4
0.23700000000000018,0.05553217989742067,0.06927333259770227,1.7894080011866423e-18,0.027961685147830095,0.9848278450205181,4.5823849478004627e-17,0.17353419165180003,-5.48099013782195e-18,4
0.23750000000000018,0.05576643446581994,0.0694934029975419,1.8031306753312616e-18,0.027881409064235755,0.9848275166243986,4.590451533643977e-17,0.17353605532978253,-5.488039652279101e-18,4
0.23800000000000018,0.05600091309595068,0.06971429742406401,1.8169520201747868e-18,0.027802741862668175,0.9848271855112063,4.596805243013715e-17,0.17353793440650778,-5.493680055587101e-18,4
0.23850000000000018,0.05623562915291673,0.06993599796212766,1.8308712103563628e-18,0.027725595244732684,0.984826852201435,4.5980989608004525e-17,0.17353982592769374,-5.494987507687228e-18,4
0.23900000000000018,0.05647059547046042,0.07015848740885107,1.8448871248247104e-18,0.027649884422547854,0.9848265171901062,4.6006198659598045e-17,0.17354172708373905,-5.49677161072876e-18,4
0.23950000000000018,0.05670582436981252,0.07038174924834421,1.8590028824403368e-18,0.027575527994209974,0.9848261809469506,4.600477983033873e-17,0.1735436352086862,-5.495787413587564e-18,2
0.24000000000000019,0.05694173838205983,0.07060521710237062,1.8731041754440586e-18,0.027499734450052736,0.9848235509981392,4.5996476809588894e-17,0.17355855899210793,-5.494317500238318e-18,2
0.24050000000000019,0.05717834070102331,0.07082888668979984,1.887224897843676e-18,0.02742248268965901,0.9848186743910723,4.594241433445399e-17,0.17358622805572083,-5.489438052942291e-18,2
0.2410000000000002,0.05741563438807479,0.0710527539070418,1.9013651038023804e-18,0.027343752487655394,0.984811595704985,4.58881802506319e-17,0.17362638326303545,-5.4848345926150694e-18,2
0.2415000000000002,0.057653622377116555,0.07127681482137188,1.9155255475792174e-18,0.027263524460813378,0.9848023571585526,4.583530334771471e-17,0.1736787762939389,-5.480588038248205e-18,2
0.2420000000000002,0.05789222090008252,0.07150118171898877,1.9296940961041446e-18,0.027182352034368563,0.9847960502468525,4.60770612476249e-17,0.17371453427448197,-5.499517022982199e-18,2
0.2425000000000002,0.058131435412123046,0.07172584728758205,1.9438998181482382e-18,0.027100199168120585,0.9847926065209862,4.6240996900901206e-17,0.17373405579103748,-5.511682898774811e-18,2
0.2430000000000002,0.05837127116594306,0.07195080448620768,1.9581434295631205e-18,0.027017031159352875,0.9847919593521092,4.6400835513798485e-17,0.1737377241575213,-5.52300064657694e-18,2
0.2435000000000002,0.05861173321924303,0.07217604653531369,1.9724259704559878e-18,0.02693281459367263,0.9847940438940377,4.651928391534084e-17,0.17372590800116525,-5.530418466510286e-18,2
0.2440000000000002,0.05885282644172582,0.07240156690734785,1.9867444780685916e-18,0.026847517298718815,0.9847987970469059,4.6627339659700484e-17,0.17369896181315558,-5.5366603140559605e-18,2
0.2445000000000002,0.059094555521725066,0.07262735931787281,2.001096508849076e-18,0.02676110830037119,0.9848061574214951,4.668697503276321e-17,0.173657226468438,-5.538322028322284e-18,4
0.2450000000000002,0.05933647315841678,0.07285402334751075,2.015449284140129e-18,0.026676542752967727,0.9848131263720861,4.626442505199429e-17,0.17361770107117197,-5.500612344954598e-18,4
0.2455000000000002,0.059578594271917404,0.07308153899671717,2.0298992077793977e-18,0.02659372208470941,0.9848197202972893,4.5873953285539736e-17,0.17358029413954262,-5.465131426922752e-18,4
0.2460000000000002,0.05982093318600565,0.07330988706530357,2.044447950847727e-18,0.02651255166358468,0.9848259549528564,4.549085144792271e-17,0.17354491767607458,-5.4298320221030136e-18,2
0.2465000000000002,0.060063928860873056,0.07353847915277836,2.0590336696737065e-18,0.026430131438789747,0.9848294720440179,4.5139273620197714e-17,0.1735249578403697,-5.397539540052711e-18,2
0.2470000000000002,0.06030758567065153,0.07376730939587327,2.0736426482637085e-18,0.026346432512021296,0.9848303378173274,4.480141763166437e-17,0.17352004412923017,-5.366820731755575e-18,2
0.2475000000000002,0.06055190781270512,0.07399637216826703,2.0882737386525702e-18,0.0262614271528173,0.9848286151418805,4.447825051247928e-17,0.17352982106176207,-5.337812401295069e-18,2
0.2480000000000002,0.06079689931438928,0.07422566207152491,2.102925446657097e-18,0.026175088753900528,0.9848243636671955,4.410773764102879e-17,0.17355394759988846,-5.305267596866336e-18,2
0.2485000000000002,0.06104256403950116,0.07445517392645261,2.1175989286400896e-18,0.026087391788564573,0.9848176399717384,4.3767028879197007e-17,0.17359209659571675,-5.2757117378891705e-18,4
0.2490000000000002,0.06128841283322243,0.07468556341650637,2.1323415106935072e-18,0.026001567925309898,0.9848112505420364,4.3269290385045945e-17,0.17362834102136548,-5.2339246976001665e-18,4
0.2495000000000002,0.06153446074794744,0.07491681036483101,2.1471734828316186e-18,0.025917517718425716,0.9848051822720145,4.2771466598403855e-17,0.1736627564280416,-5.191641395363415e-18,4
0.25000000000000017,0.061780722241715755,0.07514889539126915,2.1620896664443054e-18,0.02583514564888749,0.9847994225232696,4.227624443515278e-17,0.17369541559245558,-5.149217410150501e-18,4
0.25050000000000017,0.06202721120046666,0.07538179988253042,2.1770873972261094e-18,0.02575435997732988,0.9847939591004088,4.176924122817654e-17,0.1737263886671899,-5.106128060431443e-18,4
0.25100000000000017,0.062273940959034144,0.07561550596404894,2.1921661268563645e-18,0.025675072605340434,0.9847887802298385,4.121846136732663e-17,0.17375574331062552,-5.0587690736457824e-18,2
0.25150000000000017,0.06252129863902836,0.07584949472192291,2.2072805673812114e-18,0.025594725960824176,0.9847863119967615,4.0705571950565216e-17,0.17376973184020963,-5.014514088660689e-18,2
0.25200000000000017,0.06276928905785716,0.07608375969869857,2.222423726377548e-18,0.025513288216914464,0.9847864930608656,4.031694341385874e-17,0.17376870571216985,-4.9799196169811956e-18,2
0.25250000000000017,0.063017916852682,0.07631829467853186,2.2375959915357224e-18,0.025430728737566945,0.9847892637565706,3.983978768325326e-17,0.1737530028223763,-4.937911085234911e-18,2
0.25300000000000017,0.06326718648660772,0.07655309367889157,2.252797864368628e-18,0.025347018036666717,0.9847945660598031,3.935447863240357e-17,0.173722947992156,-4.895007830194488e-18,2
0.25350000000000017,0.06351710225460785,0.07678815094261653,2.268028313354233e-18,0.02526212773888088,0.984802343554551,3.885862544181238e-17,0.1736788534320318,-4.851052852169807e-18,2
0.25400000000000017,0.06376766828922285,0.0770234609302777,2.2832871200044736e-18,0.025176030542013367,0.9848125413989831,3.8363702692270333e-17,0.17362101918626507,-4.807341864653921e-18,2
0.25450000000000017,0.06401887464189897,0.07725903697733019,2.2985693390308763e-18,0.025088792172551104,0.9848197730718266,3.798679526532033e-17,0.17357999471931504,-4.77380374847138e-18,2
0.25500000000000017,0.06427072637931154,0.0774948722921917,2.313871922954372e-18,0.025000379156807463,0.9848241163942972,3.7610263443204134e-17,0.17355535073339884,-4.740463724301019e-18,2
0.25550000000000017,0.06452322836421481,0.07773096035662425,2.3291930390245852e-18,0.02491075936832853,0.9848256452293511,3.7261230914950714e-17,0.17354667527381087,-4.709542593983707e-18,2
0.25600000000000017,0.06477638526352475,0.07796729491489969,2.344529036277708e-18,0.02481990197449309,0.9848244296760794,3.689632238658858e-17,0.17355357303491697,-4.677756879100032e-18,2
0.2565000000000002,0.06503020155597275,0.07820386996354016,2.3598804593153127e-18,0.024727777385946594,0.9848205362515484,3.652123052539572e-17,0.1735756647033616,-4.645366273395638e-18,4
0.2570000000000002,0.06528418002969211,0.07844135198600466,2.375336398690753e-18,0.02463767050118687,0.9848168287295771,3.60454998780267e-17,0.17359669884827955,-4.606109292118144e-18,4
0.2575000000000002,0.06553833673674449,0.07867971946544229,2.390855813296827e-18,0.02454947527006336,0.9848132999679312,3.5561630640368577e-17,0.1736167163791408,-4.566750462380207e-18,4
0.2580000000000002,0.06579268709579343,0.0789189517340354,2.4061354734171808e-18,0.024463089827057465,0.9848099430831456,3.5078056605289535e-17,0.17363575669939893,-4.527952050755718e-18,4
0.2585000000000002,0.06604724591581927,0.07915902894121105,2.4214795320895406e-18,0.024378416334606412,0.9848067514349308,3.456832034666272e-17,0.17365385779814901,-4.4871814711662234e-18,4
0.2590000000000002,0.06630202741845477,0.07939993202370134,2.4368800782518304e-18,0.02429536083553968,0.9848037186129387,3.40532202998153e-17,0.17367105632813223,-4.4455936686512545e-18,4
0.2595000000000002,0.06655704525912946,0.07964164267720078,2.452335558826175e-18,0.02421383311338624,0.9848008384255338,3.3526022770670645e-17,0.17368738767212533,-4.402399590300021e-18,2
0.2600000000000002,0.06681269620395211,0.07988362905992068,2.4677922046467287e-18,0.024131211878346364,0.9848006018250218,3.317724930855109e-17,0.17368872918262807,-4.373819510380969e-18,2
0.2605000000000002,0.06706898490172253,0.08012588494041645,2.4831801235230273e-18,0.024047466417485387,0.9848029491139195,3.287819606274555e-17,0.1736754197246359,-4.3499362828743714e-18,2
0.2610000000000002,0.0673259158259183,0.08036840432225276,2.4985008230377114e-18,0.02396256717615915,0.9848078222511262,3.2626726618642957e-17,0.1736477849930601,-4.330436722658298e-18,0
0.2615000000000002,0.06758368555455146,0.08061092370408907,2.5138215225523954e-18,0.02387521543472801,0.9848126946128696,3.23752563681863e-17,0.17362015012474954,-4.3109370213807085e-18,0
0.2620000000000002,0.06784229408762202,0.08085344308592537,2.5291422220670794e-18,0.023785411193191965,0.9848175661991461,3.212378531156972e-17,0.17359251511972598,-4.291437179078863e-18,2
0.2625000000000002,0.06810155182223845,0.08109621661936064,2.5443939737723547e-18,0.023694407089098743,0.9848196068741737,3.20683968804971e-17,0.17358093765215046,-4.287316638329378e-18,2
0.2630000000000002,0.06836146348948109,0.08133923796265813,2.559658729658477e-18,0.02360217186591633,0.9848188878588927,3.2002517293782175e-17,0.1735850169697126,-4.282575526733603e-18,2
0.2635000000000002,0.06862203362930708,0.0815825010302705,2.574934631236422e-18,0.023508675529794243,0.9848154767345545,3.192073547845902e-17,0.17360436856281491,-4.27683180491061e-18,2
0.2640000000000002,0.06888326659793581,0.08182599998294016,2.590221716423319e-18,0.023413889300770662,0.9848094376163401,3.1832797092816686e-17,0.17363862353114154,-4.270869556848627e-18,4
0.2645000000000002,0.06914465270291403,0.08207041803362315,2.605247328616707e-18,0.0233211805320525,0.9848037021324856,3.1497663721502476e-17,0.1736711497807053,-4.244377497190013e-18,4
0.2650000000000002,0.06940620843403604,0.08231573307871362,2.6203241458588646e-18,0.023230440281548654,0.9847982583520999,3.113841441217154e-17,0.17370201595454232,-4.216505882759906e-18,4
0.2655000000000002,0.06966794963037082,0.08256192388686494,2.6354525502386083e-18,0.023141563906274115,0.984793094771799,3.080913489722821e-17,0.17373128817165848,-4.191264233301477e-18,2
0.2660000000000002,0.069930301174707,0.08280842092752166,2.6506192587004496e-18,0.023051744359721134,0.9847908674680297,3.0516321983537484e-17,0.17374391313530096,-4.1682956085601445e-18,2
0.2665000000000002,0.07019326866292848,0.08305521669972839,2.66580818563881e-18,0.02296094467191417,0.9847915050972132,3.0211827777578575e-17,0.17374029897627918,-4.14370408532e-18,2
0.2670000000000002,0.07045685748246239,0.0833023039819538,2.6810168134341475e-18,0.02286912925007589,0.9847949382457116,2.990033643056755e-17,0.173720838144497,-4.11805759538252e-18,4
0.2675000000000002,0.07072062615807534,0.08355027454595614,2.6962632983081323e-18,0.022779214760979393,0.984798192387666,2.9471520636816297e-17,0.17370238993746517,-4.082980580330457e-18,4
0.2680000000000002,0.07098459023072456,0.08379910755999012,2.7115622155423463e-18,0.022691098531155803,0.9848012750375498,2.904858373862839e-17,0.17368491208051925,-4.04795678343268e-18,4
0.2685000000000002,0.07124876462147124,0.08404878302324503,2.7269032128026542e-18,0.02260468198256502,0.9848041934121732,2.8630760991056964e-17,0.17366836395210375,-4.013127556975868e-18,4
0.2690000000000002,0.0715131636537972,0.08429928173593026,2.7422857844320803e-18,0.022519870485156634,0.9848069544471156,2.823891407405334e-17,0.17365270649373113,-3.980513380057751e-18,4
0.2695000000000002,0.07177780107486142,0.08455058527078235,2.7577087028283792e-18,0.022436573216436474,0.9848095648113285,2.7807655564171526e-17,0.1736379021300447,-3.94449243861741e-18,2
0.2700000000000002,0.07204311042981515,0.08480211248585491,2.7731232279968402e-18,0.022351925900808537,0.984809683227686,2.7398931463707412e-17,0.1736372305151921,-3.910167912105169e-18,0
0.2705000000000002,0.07230925858920624,0.08505363970092747,2.7885377531653012e-18,0.022264826085075698,0.9848098016435854,2.699020733329179e-17,0.17363655890025873,-3.875843380312441e-18,0
0.2710000000000002,0.07257624555303473,0.08530516691600003,2.803952278333762e-18,0.022175273769237953,0.9848099200590269,2.6581483172924847e-17,0.1736358872852446,-3.8415188432392626e-18,0
0.2715000000000002,0.0728440713213006,0.08555669413107259,2.819366803502223e-18,0.022083268953295303,0.9848100384740103,2.6172758982606776e-17,0.17363521567014972,-3.80719430088567e-18,0
0.2720000000000002,0.07311273589400386,0.08580822134614514,2.834781328670684e-18,0.02198881163724775,0.9848101568885357,2.5764034762337754e-17,0.17363454405497408,-3.772869753251699e-18,0
0.2725000000000002,0.0733822392711445,0.0860597485612177,2.850195853839145e-18,0.021891901821095294,0.984810275302603,2.535531051211797e-17,0.1736338724397177,-3.738545200337387e-18,0
0.2730000000000002,0.07365258145272251,0.08631127577629026,2.865610379007606e-18,0.021792539504837935,0.9848103937162124,2.4946586231947617e-17,0.17363320082438055,-3.7042206421427695e-18,2
0.2735000000000002,0.07392356926231916,0.08656306193306633,2.8810506719324807e-18,0.021692000935022247,0.9848076274442837,2.4428206871470494e-17,0.17364888979651358,-3.66162076198641e-18,4
0.2740000000000002,0.07419468005727045,0.0868158076035028,2.8964803205441214e-18,0.021593739022201033,0.984804996187823,2.376403929581406e-17,0.17366381166927808,-3.608092483251478e-18,4
0.2745000000000002,0.07446593168439258,0.08706948886498524,2.911937145364446e-18,0.02149763585893169,0.9848024947965728,2.314288236936861e-17,0.17367799584992588,-3.558307917962898e-18,4
0.2750000000000002,0.07473734128690168,0.08732408273803405,2.9274335916862036e-18,0.02140357818620223,0.9848001183016628,2.2496724025218616e-17,0.17369147069741633,-3.506135089846253e-18,4
0.2755000000000002,0.07500892533133122,0.08757956715022303,2.9429486837133293e-18,0.021311457215596897,0.9847978619038237,2.1895568782586804e-17,0.1737042635909034,-3.4584192508659592e-18,4
0.2760000000000002,0.0752806996327122,0.08783592090242713,2.9584971515721423e-18,0.021221168462941222,0.9847957209636929,2.1269196128916752e-17,0.17371640098620733,-3.4091283485105593e-18,4
0.2765000000000002,0.07555267937826536,0.0880931236370642,2.9740715877199324e-18,0.02113261159177494,0.9847936909938775,2.0630311736156944e-17,0.1737279084622154,-3.359031355387135e-18,2
0.2770000000000002,0.07582528440152095,0.08835061259181472,2.9896637876698e-18,0.02104301291420974,0.984794405770119,1.9993393444327713e-17,0.1737238566342534,-3.309102135727925e-18,2
0.2775000000000002,0.07609851975327786,0.0886083809963778,3.0052675304429318e-18,0.02095233906144866,0.9847978001879475,1.9358345205020972e-17,0.17370461348214078,-3.259509231761728e-18,2
0.2780000000000002,0.07637239029369816,0.08886642233599018,3.0208790125960615e-18,0.020860557924163574,0.9848038109588062,1.874267658968315e-17,0.17367053267901358,-3.2112173728026226e-18,2
0.2785000000000002,0.0766469006987461,0.08912473034279497,3.036499958611556e-18,0.020767638609954342,0.9848123765752422,1.8128782126654775e-17,0.17362195409631764,-3.1632858901054415e-18,2
0.2790000000000002,0.07692205109958504,0.08938330484097534,3.052155209809659e-18,0.020673580252272197,0.9848179720406129,1.745959238684068e-17,0.17359021270168126,-3.1112917570582986e-18,2
0.2795000000000002,0.07719784666290769,0.08964213890488155,3.0678129621390655e-18,0.020578348716651967,0.9848206761803824,1.6794003030503678e-17,0.17357487078380565,-3.060186435619676e-18,2
0.2800000000000002,0.077474292346851,0.08990122588842067,3.0834702774042098e-18,0.020481911246480727,0.9848205638066642,1.609192239170092e-17,0.17357550836314606,-3.006222226987057e-18,2
0.2805000000000002,0.07775139290910087,0.09016055941419278,3.099129057175075e-18,0.02038423640945337,0.98481770591356,1.5470623733818778e-17,0.17359172249607238,-2.958920541187343e-18,2
0.2810000000000002,0.0780291529145872,0.09042013336317593,3.1147849226208844e-18,0.020285294046732932,0.9848121698601053,1.485093641225078e-17,0.17362312661460622,-2.912049228651548e-18,4
0.2815000000000002,0.0783070593645635,0.09068063538021919,3.1304318825171507e-18,0.020188473355007258,0.9848069096773334,1.451373772141522e-17,0.17365296038876177,-2.887907566383404e-18,4
0.2820000000000002,0.07858512924286819,0.09094204269947938,3.146083480275622e-18,0.020093662128214788,0.9848019145683161,1.4220468737337438e-17,0.17368128587323248,-2.86627402134491e-18,4
0.2825000000000002,0.07886337886115355,0.09120433345613956,3.1617384817324058e-18,0.020000752601183856,0.9847971741190447,1.3893817154277794e-17,0.17370816286848692,-2.841988028499907e-18,2
0.2830000000000002,0.07914223833050944,0.09146693111141195,3.1774345979760324e-18,0.01990690318591659,0.9847953761142604,1.3543244675795848e-17,0.1737183559212245,-2.8157163973252122e-18,2
0.2835000000000002,0.07942171333993502,0.09172982803952555,3.193135483155306e-18,0.019812076297258535,0.9847964479058079,1.3183890495010158e-17,0.1737122799116525,-2.788492959331566e-18,2
0.2840000000000002,0.07970180936520184,0.09199301690052854,3.2088405062846577e-18,0.019716235758772904,0.984800318837388,1.2903145236524422e-17,0.1736903336912564,-2.767520620983813e-18,4
0.2845000000000002,0.07998208050785728,0.09225709539524611,3.224451386201787e-18,0.019622327459838308,0.9848039844740774,1.2853788473814188e-17,0.17366954875274557,-2.7656959568652774e-18,4
0.2850000000000002,0.08026254271026309,0.09252204215387372,3.240060624661817e-18,0.019530246075051837,0.9848074534678164,1.2727453716612088e-17,0.17364987645902827,-2.7572926042723537e-18,4
0.2855000000000002,0.08054321127534995,0.09278783666372682,3.255676393710773e-18,0.019439890503499778,0.9848107341342298,1.2639982838602963e-17,0.17363127003509643,-2.7518015271499726e-18,2
0.2860000000000002,0.0808245417097347,0.09305386834479742,3.271269345448225e-18,0.019348251378146882,0.984811372602329,1.2677563548346414e-17,0.173627648700079,-2.7564444471438223e-18,0
0.2865000000000002,0.08110671094855684,0.09331990002586803,3.2868622971856767e-18,0.01925415975268908,0.9848120110571118,1.2715144266611038e-17,0.17362402736271382,-2.7610873686329523e-18,0
0.2870000000000002,0.08138971899181636,0.09358593170693863,3.3024552489231284e-18,0.019157615627126378,0.9848126494985784,1.2752724993396331e-17,0.17362040602300094,-2.765730291617268e-18,0
0.2875000000000002,0.08167356583951328,0.09385196338800923,3.3180482006605802e-18,0.01905861900145877,0.9848132879267286,1.2790305728701793e-17,0.17361678468094044,-2.7703732160966745e-18,0
0.2880000000000002,0.08195825149164758,0.09411799506907984,3.333641152398032e-18,0.01895716987568626,0.9848139263415624,1.2827886472526918e-17,0.17361316333653234,-2.775016142071077e-18,2
0.2885000000000002,0.08224358322635929,0.09438428508254443,3.3491692712605404e-18,0.01885454149325021,0.9848116872620882,1.3194031039372938e-17,0.17362586394889645,-2.8062757960639627e-18,2
0.2890000000000002,0.08252956599119464,0.09465082679650633,3.3646597197439155e-18,0.01875070116750686,0.9848066439249962,1.352305784482344e-17,0.17365446749562077,-2.834560804500271e-18,4
0.2895000000000002,0.08281566966079373,0.09491833081303923,3.380012713198768e-18,0.018649151244467775,0.9848018540915112,1.3815934845161649e-17,0.17368162878647722,-2.8607498482327595e-18,4
0.2900000000000002,0.08310191234608569,0.09518677285550073,3.3952415875965605e-18,0.018549772071791933,0.9847973078375741,1.4076047992657208e-17,0.17370740478133906,-2.8850741492485067e-18,4
0.2905000000000002,0.08338831144228173,0.09545612960662643,3.4103426566277206e-18,0.018452448725626725,0.9847929955925447,1.435192511334819e-17,0.1737318503667761,-2.9111445726608745e-18,2
0.2910000000000002,0.08367531392184767,0.0957258019259392,3.4253931942508286e-18,0.01835422822097791,0.9847917093379429,1.4618928748894624e-17,0.1737391412988284,-2.9361168220904487e-18,2
0.2915000000000002,0.08396292577604177,0.09599578178250735,3.4404032509015426e-18,0.01825507097577474,0.9847933724116292,1.4846516849363686e-17,0.17372971436726592,-2.9581025826751312e-18,2
0.2920000000000002,0.08425115277185352,0.09626606144601842,3.455419419337298e-18,0.018154938889609007,0.9847979102481111,1.5062954356679753e-17,0.1737039895078832,-2.979261108474501e-18,4
0.2925000000000002,0.08453953311702742,0.09653725992201179,3.4702642155242925e-18,0.018056882856451285,0.9848022091723609,1.5731659575692395e-17,0.17367961541078752,-3.037665201995787e-18,4
0.2930000000000002,0.08482808374413635,0.09680935451336277,3.484976836513954e-18,0.01796079100893292,0.9848062792161131,1.640592547859462e-17,0.1736565357725325,-3.0954215212712634e-18,4
0.2935000000000002,0.08511682090831679,0.0970823234310106,3.499552912685671e-18,0.017866555955261907,0.984810130018411,1.7004676561518372e-17,0.17363469645529428,-3.1482692500111046e-18,4
0.2940000000000002,0.0854057602116857,0.09735614576122899,3.513997768465978e-18,0.017774074617909297,0.9848137708473441,1.7550305799206733e-17,0.17361404536913652,-3.197912064368847e-18,2
0.2945000000000002,0.08569535930113668,0.09763020805509397,3.5284112358208114e-18,0.01768032348980726,0.9848147386293091,1.8097148508732583e-17,0.17360855560279084,-3.2470864846831387e-18,2
0.2950000000000002,0.0859856225891903,0.09790450439787952,3.542784647871274e-18,0.0175852734190326,0.9848130995012927,1.864409038598146e-17,0.17361785349052938,-3.295660250587211e-18,0
0.2955000000000002,0.08627672468168131,0.09817880074066508,3.557158059921737e-18,0.017487770848153037,0.9848114602854925,1.9191031737792378e-17,0.17362715136279205,-3.344233923858292e-18,0
0.2960000000000002,0.08656866557860969,0.09845309708345064,3.5715314719721995e-18,0.01738781577716857,0.9848098209819086,1.9737972564117452e-17,0.17363644921957805,-3.3928075044871074e-18,0
0.2965000000000002,0.08686144527997545,0.0987273934262362,3.585904884022662e-18,0.017285408206079197,0.9848081815905414,2.028491286490881e-17,0.17364574706088653,-3.4413809924643824e-18,0
0.2970000000000002,0.08715506378577861,0.09900168976902175,3.600278296073125e-18,0.017180548134884923,0.9848065421113898,2.0831852640118537e-17,0.1736550448867165,-3.489954387780838e-18,0
0.2975000000000002,0.08744952109601917,0.09927598611180731,3.6146517081235875e-18,0.017073235563585743,0.9848049025444562,2.1378791889698803e-17,0.17366434269706746,-3.5385276904272074e-18,2
0.2980000000000002,0.08774456726390119,0.09955061749367024,3.628984841102245e-18,0.016965121800023013,0.9848064749393955,2.1636957948089312e-17,0.1736554258220627,-3.5644648081145205e-18,4
0.2985000000000002,0.08803971450795903,0.09982623775716784,3.643279816338677e-18,0.0168594294394545,0.9848079572720801,2.2284141171280124e-17,0.17364701924764814,-3.622432545576329e-18,4
0.2990000000000002,0.08833498190572026,0.10010282132998893,3.657592672244818e-18,0.016756032443573533,0.9848093535530469,2.2868711423688066e-17,0.1736391003041375,-3.67566510171995e-18,4
0.2995000000000002,0.08863038777934783,0.10038034365234452,3.671933028525528e-18,0.0166548097644938,0.9848106676239755,2.340606242903387e-17,0.17363164727093996,-3.724208797852293e-18,4
0.3000000000000002,0.08892594972407475,0.10065878113885277,3.686304406714709e-18,0.01655564515689162,0.9848119031675716,2.3844253312075517e-17,0.17362463932134165,-3.765156893441003e-18,4
0.3005000000000002,0.0892216846348523,0.1009381111428184,3.700709046656452e-18,0.01645842700195007,0.9848130637164856,2.4188852086757142e-17,0.17361805647267706,-3.799587143793122e-18,4
0.3010000000000002,0.08951760873148408,0.10121831192254245,3.71514723426368e-18,0.016363048141309226,0.9848141526613495,2.4494347073972607e-17,0.1736118795414313,-3.830501371488406e-18,2
0.3015000000000002,0.08981419569981883,0.10149874852981851,3.7295799462998465e-18,0.016266379104340454,0.9848126148490979,2.4702903816239394e-17,0.17362060256226175,-3.853524915179749e-18,2
0.3020000000000002,0.09011144985174155,0.10177941518481672,3.7440158342164174e-18,0.016168391403983517,0.9848085142457145,2.4873823164091712e-17,0.17364386044185068,-3.8737631512223634e-18,0
0.3025000000000002,0.09040954280810165,0.10206008183981492,3.758451722132988e-18,0.016067951203521676,0.9848044130930601,2.5044742242590667e-17,0.1736671182245908,-3.894001340057523e-18,0
0.3030000000000002,0.09070847456889913,0.10234074849481313,3.772887610049559e-18,0.015965058502954932,0.9848003113911371,2.5215661051641993e-17,0.17369037591046912,-3.914239481667906e-18,2
0.3035000000000002,0.0910080028800883,0.10262173987720648,3.787309847520148e-18,0.01586131378691366,0.9847993229328642,2.5418177508842472e-17,0.17369598023838317,-3.936976443516799e-18,2
0.3040000000000002,0.0913081340583107,0.10290304751990605,3.801750794467082e-18,0.015756675323637954,0.9848013668207768,2.5610288370716754e-17,0.1736843916646814,-3.958768004542111e-18,2
0.3045000000000002,0.09160887418307645,0.1031846632736837,3.816208690545409e-18,0.01565110294800907,0.9848063643762117,2.5763445118506134e-17,0.17365605282888547,-3.977502500775583e-18,2
0.3050000000000002,0.09191022910513033,0.10346657929595784,3.83068156056202e-18,0.015544558006277812,0.9848142391005226,2.5917300097703825e-17,0.17361138921412753,-3.9963244641534206e-18,2
0.3055000000000002,0.09221220770607155,0.10374878368146365,3.84515382779121e-18,0.015436981820939052,0.9848189006146506,2.6550952040963888e-17,0.17358494460105559,-4.054946668298334e-18,2
0.3060000000000002,0.09251481591150423,0.10403126848727494,3.859631164252348e-18,0.015328335243675035,0.9848204389145226,2.7152400863442198e-17,0.17357621696594128,-4.1112576446743635e-18,4
0.3065000000000002,0.09281753268893826,0.10431473212700472,3.8741506456673424e-18,0.015222060547204262,0.9848218803744717,2.782074986030801e-17,0.17356803834718562,-4.173563260363858e-18,4
0.3070000000000002,0.0931203769216644,0.10459914928870488,3.888709638998579e-18,0.01511803297647211,0.9848232293678686,2.841497664930474e-17,0.17356038400926344,-4.2300078873910685e-18,4
0.3075000000000002,0.09342336674382062,0.10488449566462298,3.903318573139472e-18,0.015016132725805313,0.9848244900965579,2.905023226497961e-17,0.17355323018041283,-4.289817591489384e-18,2
0.3080000000000002,0.0937270072842712,0.1051700941590273,3.917941901091975e-18,0.014913022591974088,0.984822943713004,2.9605931158241026e-17,0.17356200487564669,-4.343365682692316e-18,2
0.3085000000000002,0.09403130338062664,0.10545593828738364,3.932572063080883e-18,0.014808670614640357,0.9848186619822712,3.016217421322987e-17,0.17358629845540757,-4.397268621276486e-18,4
0.3090000000000002,0.0943357450271038,0.10574271168264844,3.947284811671538e-18,0.014706446217067895,0.9848145872129264,3.114258277267685e-17,0.1736094145276522,-4.486537618174051e-18,4
0.3095000000000002,0.09464034961427154,0.10603039103378017,3.962040776690894e-18,0.014606234506074858,0.9848107114316617,3.2013113040480193e-17,0.17363139880063475,-4.567237917136851e-18,4
0.3100000000000002,0.09494513383948282,0.10631895395895263,3.976843384699956e-18,0.014507925168304889,0.9848070269403674,3.288427871118799e-17,0.17365229537462237,-4.648350688622573e-18,4
0.3105000000000002,0.09525011373159865,0.10660837897241415,3.991695391086829e-18,0.014411412306886232,0.9848035263018444,3.3725929066829e-17,0.1736721468268677,-4.726863837952876e-18,2
0.3110000000000002,0.09555571226562215,0.10689809910088428,4.006559517821049e-18,0.014313901479358113,0.9848028548310921,3.4527730550007424e-17,0.17367595434179003,-4.802411452003932e-18,0
0.3115000000000002,0.09586214960408304,0.10718781922935441,4.02142364455527e-18,0.014213938151725088,0.984802183345619,3.532953173696554e-17,0.17367976185411627,-4.8779590138339746e-18,0
0.3120000000000002,0.0961694257469813,0.10747753935782454,4.03628777128949e-18,0.01411152232398716,0.984801511845425,3.613133262769156e-17,0.17368356936384632,-4.953506523440731e-18,0
0.3125000000000002,0.09647754069431695,0.10776725948629468,4.0511518980237104e-18,0.014006653996144328,0.9848008403305101,3.693313322217369e-17,0.17368737687098015,-5.029053980821929e-18,0
0.3130000000000002,0.09678649444609,0.1080569796147648,4.066016024757931e-18,0.01389933316819659,0.9848001688008743,3.7734933520400164e-17,0.17369118437551767,-5.104601385975296e-18,0
0.3135000000000002,0.09709628700230043,0.10834669974323494,4.080880151492151e-18,0.013789559840143949,0.9847994972565177,3.8536733522359194e-17,0.17369499187745885,-5.1801487388985596e-18,0
0.3140000000000002,0.09740691836294824,0.10863641987170507,4.0957442782263715e-18,0.013677334011986404,0.9847988256974403,3.933853322803899e-17,0.17369879937680363,-5.255696039589447e-18,2
0.3145000000000002,0.09771813680853783,0.10892647741545296,4.110557616793405e-18,0.013564318703149413,0.9848013893245902,3.988574958010597e-17,0.1736842640666026,-5.3106093767741065e-18,2
0.3150000000000002,0.09802994910902259,0.10921686329975165,4.125398619834114e-18,0.013450469187006157,0.9848071004121397,4.03949136020456e-17,0.17365187870516746,-5.361950479171585e-18,4
0.3155000000000002,0.09834184385770324,0.1095082630354038,4.140189060529955e-18,0.013339164142165254,0.9848125046364993,4.1604832979722525e-17,0.1736212277101665,-5.4718393230394165e-18,4
0.3160000000000002,0.09865384112843223,0.1098006497145829,4.155064098943131e-18,0.013230270947962822,0.9848176149670723,4.2777904578806e-17,0.17359223845140004,-5.5788573744639284e-18,4
0.3165000000000002,0.09896596019588755,0.11009399750070933,4.170013956437036e-18,0.013123662263591565,0.9848224438541762,4.390141237982993e-17,0.17356484114326956,-5.6825221426676044e-18,2
0.3170000000000002,0.09927871480451095,0.11038761774937307,4.1849755199246074e-18,0.013015943965825422,0.9848242385144649,4.501894789556898e-17,0.17355465777214027,-5.7860785064505596e-18,2
0.3175000000000002,0.0995921104414058,0.11068150310543266,4.199954375842425e-18,0.01290707980336249,0.9848230814035392,4.600191111555657e-17,0.17356122359224785,-5.879022865555739e-18,2
0.3180000000000002,0.09990615237178684,0.11097564651117536,4.214949580634018e-18,0.012797034990838249,0.9848190507685807,4.6887827862874506e-17,0.17358409271379763,-5.964529286305886e-18,4
0.3185000000000002,0.1002203097905063,0.11127075947989075,4.230046715025099e-18,0.012689316365376138,0.9848152134809627,4.770650541140491e-17,0.17360586192996622,-6.044966263470674e-18,4
0.31900000000000023,0.10053460142240374,0.11156681691202536,4.245233732111268e-18,0.012583800218751523,0.9848115621384261,4.846755843547585e-17,0.17362657365297945,-6.120684513502777e-18,4
0.31950000000000023,0.10084904524869244,0.1118637947048133,4.260505701788043e-18,0.012480367755608852,0.9848080895973191,4.9148633875863806e-17,0.17364626878709263,-6.1893898890236725e-18,4
0.32000000000000023,0.101163658533867,0.11216166971620815,4.275866469785282e-18,0.012378904915692894,0.9848047889572791,4.978660885324171e-17,0.1736649868189028,-6.253666475486787e-18,4
0.32050000000000023,0.10147845785111737,0.11246041973081704,4.291311936121538e-18,0.012279302205947511,0.9848016535487074,5.044006937175799e-17,0.17368276589153103,-6.3192589336491264e-18,2
0.32100000000000023,0.10179387367188089,0.11275946772682752,4.30677503359585e-18,0.012178715657690038,0.9848013749757848,5.084404160698652e-17,0.1736843454252697,-6.3633232240415024e-18,0
0.32150000000000023,0.1021101282970818,0.113058515722838,4.322238131070162e-18,0.01207567660932766,0.9848010964003288,5.124801379150065e-17,0.17368592495856155,-6.4073875054963385e-18,0
0.32200000000000023,0.10242722172672009,0.11335756371884848,4.337701228544474e-18,0.011970185060860377,0.9848008178223392,5.165198592529935e-17,0.17368750449140657,-6.45145177801344e-18,0
0.32250000000000023,0.10274515396079577,0.11365661171485895,4.353164326018786e-18,0.01186224101228819,0.9848005392418162,5.20559580083816e-17,0.17368908402380479,-6.495516041592612e-18,0
0.32300000000000023,0.10306392499930882,0.11395565971086943,4.368627423493098e-18,0.0117518444636111,0.9848002606587598,5.2459930040746367e-17,0.1736906635557562,-6.539580296233661e-18,0
0.32350000000000023,0.10338353484225926,0.11425470770687991,4.38409052096741e-18,0.011638995414829104,0.98479998207317,5.2863902022392624e-17,0.17369224308726075,-6.583644541936392e-18,0
0.32400000000000023,0.10370398348964709,0.11455375570289039,4.399553618441722e-18,0.011523693865942205,0.9847997034850468,5.326787395331936e-17,0.1736938226183185,-6.62770877870061e-18,2
0.32450000000000023,0.10402501735658018,0.11485314361463371,4.414997756705804e-18,0.01140761516037433,0.9848026839539521,5.3742801402757503e-17,0.17367692327160866,-6.677073284611339e-18,2
0.32500000000000023,0.10434664333418425,0.11515286220495836,4.430480565439911e-18,0.0112907137709565,0.9848088340716316,5.418538681973599e-17,0.17364204656267332,-6.72303386217287e-18,4
0.32550000000000023,0.10466834321238214,0.11545360610419773,4.445927599524574e-18,0.01117641332374854,0.984814653159136,5.461288714202508e-17,0.1736090404415935,-6.768067787010353e-18,4
0.32600000000000023,0.1049901375395129,0.11575534776850373,4.461473438789749e-18,0.011064578063325442,0.9848201552084213,5.497565460625276e-17,0.17357782662327934,-6.807489224579937e-18,2
0.32650000000000023,0.10531255864637823,0.11605737363953682,4.47704703906797e-18,0.010951691073121652,0.9848224918396696,5.542099064904236e-17,0.17356456886906366,-6.853901746291967e-18,2
0.32700000000000023,0.10563561240951579,0.1163596758401416,4.492644576799447e-18,0.010837713528983932,0.9848217515298009,5.587287640281189e-17,0.17356876940790728,-6.901026944701032e-18,4
0.32750000000000024,0.10595876472834077,0.11666297030094851,4.508354861816852e-18,0.010726174039793172,0.984821032010398,5.655249522349002e-17,0.17357285188062999,-6.968360520057649e-18,4
0.32800000000000024,0.10628203514757241,0.11696723082340323,4.524181317347491e-18,0.010616943480676945,0.9848203328828864,5.723917599999712e-17,0.17357681855720633,-7.036982109086026e-18,4
0.32850000000000024,0.1066054424355293,0.11727243224967117,4.540115177857337e-18,0.010509897856160284,0.9848196537560111,5.793517275636612e-17,0.17358067166562868,-7.106102445545741e-18,4
0.32900000000000024,0.10692900461213498,0.11757855042509763,4.556152028559207e-18,0.0104049181151431,0.9848189942436487,5.851869447952332e-17,0.1735844134043395,-7.165566028994463e-18,2
0.32950000000000024,0.10725322505707696,0.1178849105986202,4.572190111593744e-18,0.010298678610572367,0.984815639604346,5.911260206780791e-17,0.17360344463945226,-7.226051628209668e-18,2
0.33000000000000024,0.10757810837130398,0.11819150660293594,4.588248893649387e-18,0.010191148945648374,0.9848096576037563,5.962224723772434e-17,0.17363737584510142,-7.280266478625704e-18,2
0.33050000000000024,0.10790365896574812,0.11849833252544804,4.60432985786804e-18,0.010082299978942218,0.9848011125086928,6.007844017084452e-17,0.17368583362393603,-7.330773073893207e-18,2
0.33100000000000024,0.1082297925375787,0.11880550136917586,4.620388602664969e-18,0.009972688668685238,0.984795853686959,6.067553800958522e-17,0.1737156485782848,-7.392790539972097e-18,2
0.33150000000000024,0.10855651605026775,0.11911300379999198,4.636489759963716e-18,0.009862269009742916,0.9847937931894537,6.115989570417205e-17,0.17372732915557093,-7.44462245681025e-18,2
0.33200000000000024,0.1088838362052482,0.1194208308350171,4.652637237289629e-18,0.009750996728178231,0.9847948454703166,6.156191378603998e-17,0.1737213640721711,-7.48949807249053e-18,2
0.33250000000000024,0.10921175945123074,0.11972897383013122,4.668830265996544e-18,0.00963882921969787,0.9847989273491984,6.191893849772166e-17,0.17369822305328497,-7.52987940170601e-18,2
0.33300000000000024,0.10954029199296883,0.12003742446822484,4.685065620870146e-18,0.009525725491745863,0.9848059579738973,6.223939609902716e-17,0.1736583575274019,-7.566621963808362e-18,0
0.33350000000000024,0.1098696633391443,0.12034587510631846,4.7013009757437475e-18,0.009410169263688952,0.9848129869848046,6.255985465080723e-17,0.17361849171694668,-7.603364699100674e-18,2
0.33400000000000024,0.11019965339205454,0.12065462077252381,4.717521005851686e-18,0.009293614641233657,0.9848167287101588,6.313252106607323e-17,0.17359726625906746,-7.660484288931343e-18,2
0.33450000000000024,0.11053026837847742,0.12096365312020889,4.7337703639742835e-18,0.009176020486316367,0.984817277376709,6.360863349813158e-17,0.17359415364673514,-7.71015659205106e-18,2
0.33500000000000024,0.11086151427413403,0.12127296413926868,4.750049685015294e-18,0.009057347319514865,0.98481472239038,6.404352178670303e-17,0.1736086477199765,-7.756967119960664e-18,4
0.33550000000000024,0.11119283498922271,0.12158329923559416,4.766457540920707e-18,0.008941269024491959,0.9848122864895063,6.437568729669059e-17,0.17362246507670215,-7.796204295670853e-18,4
0.33600000000000024,0.11152425110404181,0.12189463082249771,4.782999226054435e-18,0.0088276496346794,0.9848099652516923,6.469083318713604e-17,0.17363563096599888,-7.834430429611131e-18,4
0.33650000000000024,0.11185578238288238,0.12220693240710188,4.7996689394555585e-18,0.008716358574573537,0.9848077544073813,6.500483175236286e-17,0.1736481697545097,-7.873060671040107e-18,4
0.33700000000000024,0.11218744780419444,0.12252017854990316,4.81645458311501e-18,0.00860727046043709,0.9848056498290912,6.520656891965321e-17,0.17366010498874312,-7.90223190488298e-18,4
0.33750000000000024,0.11251926558885912,0.12283434482687497,4.8333561054133126e-18,0.008500264913516352,0.9848036475229122,6.533884209629696e-17,0.17367145944445717,-7.925251502970267e-18,2
0.33800000000000024,0.11285169222446198,0.12314881934307795,4.850301896115777e-18,0.008392326085870865,0.9848046003413535,6.535306911182552e-17,0.17366605640281782,-7.938166202217012e-18,0
0.33850000000000025,0.11318495766450225,0.12346329385928093,4.867247686818242e-18,0.008281934758120474,0.9848055531301516,6.53672960612828e-17,0.17366065335595102,-7.951080889920329e-18,0
0.33900000000000025,0.1135190619089799,0.1237777683754839,4.8841934775207066e-18,0.008169090930265178,0.9848065058893064,6.53815229446683e-17,0.1736552503038569,-7.963995566080179e-18,0
0.33950000000000025,0.11385400495789491,0.12409224289168688,4.901139268223171e-18,0.008053794602304978,0.9848074586188178,6.539574976198152e-17,0.17364984724653562,-7.976910230696524e-18,0
0.34000000000000025,0.11418978681124733,0.12440671740788986,4.918085058925636e-18,0.007936045774239875,0.9848084113186858,6.5409976513222e-17,0.17364444418398736,-7.989824883769329e-18,0
0.34050000000000025,0.11452640746903714,0.12472119192409284,4.9350308496281006e-18,0.007815844446069866,0.9848093639889103,6.542420319838919e-17,0.17363904111621228,-8.002739525298556e-18,2
0.34100000000000025,0.11486365536368018,0.12503595003428206,4.951983599536467e-18,0.007694588368101863,0.9848071572547449,6.517453654222041e-17,0.1736515563415075,-7.995022816886185e-18,4
0.34150000000000025,0.11520096759442235,0.12535174627403228,4.969033246157943e-18,0.007575996421491495,0.9848050560888455,6.482341398987231e-17,0.17366347198488638,-7.977709823023185e-18,4
0.34200000000000025,0.11553836523647718,0.1256685523932511,4.986213245731678e-18,0.0074599293699456675,0.9848030565697464,6.452238599455812e-17,0.1736748104098127,-7.963358067538454e-18,4
0.34250000000000025,0.11587586852908217,0.12598634126242295,5.003519808290951e-18,0.007346253500161352,0.9848011549056058,6.416600336374351e-17,0.1736855932326698,-7.943380438704538e-18,2
0.34300000000000025,0.11621396583951926,0.12630445825373812,5.020875112554064e-18,0.0072317423466053635,0.9848023992031022,6.38149570092466e-17,0.1736785378905903,-7.923307615598483e-18,2
0.34350000000000025,0.11655266377399248,0.1266228945119661,5.038273326955112e-18,0.007116352264483387,0.9848067042143961,6.351520371528711e-17,0.17365412558985827,-7.906244459862026e-18,4
0.34400000000000025,0.11689147515737872,0.12694230306689736,5.05574354019121e-18,0.007003301843167648,0.9848107765467263,6.366176371109254e-17,0.17363102947754808,-7.926720235781461e-18,2
0.34450000000000025,0.11723092228028925,0.12726198381848106,5.073261183229093e-18,0.006889140497989612,0.9848118164173699,6.381086013210142e-17,0.17362513137423366,-7.948552091040556e-18,2
0.34500000000000025,0.11757101071256464,0.12758192930067133,5.090803378221295e-18,0.006773831431032576,0.9848099073166053,6.391850862150197e-17,0.17363595955636177,-7.96763843903716e-18,2
0.34550000000000025,0.11791174579727003,0.1279021323514015,5.1083677125295835e-18,0.006657339342602621,0.9848051284630248,6.39169070010791e-17,0.17366306156729092,-7.978519061177323e-18,2
0.34600000000000025,0.11825306174387973,0.1282226811590276,5.125948250629753e-18,0.006540098886845183,0.9848036639731163,6.397790941908172e-17,0.17367136616358184,-7.994283001449664e-18,2
0.34650000000000025,0.11859496568762706,0.12854356615918622,5.143577378106699e-18,0.006422062923861114,0.9848054225974857,6.400727904283298e-17,0.17366139358702296,-8.006864739135153e-18,2
0.34700000000000025,0.11893746449459093,0.12886477814829972,5.161251830165013e-18,0.006303186091957006,0.9848103156045704,6.398906897098757e-17,0.17363364385632635,-8.014926828984731e-18,2
0.34750000000000025,0.11928058587520216,0.12918627998215448,5.178909484332773e-18,0.006183285318365086,0.9848119793543331,6.380106581817606e-17,0.17362420718379087,-8.009216828733338e-18,4
0.34800000000000025,0.11962379181256182,0.12950879284097122,5.196702944697409e-18,0.006065915085633553,0.9848135446833871,6.386304646968755e-17,0.17361532826378423,-8.023084838830933e-18,2
0.34850000000000025,0.11996763220002188,0.12983157962483774,5.214501637245296e-18,0.00594744244779567,0.9848120588303574,6.397502717871837e-17,0.17362375638809352,-8.041992076530806e-18,4
0.34900000000000025,0.12031156965824318,0.13015536065936317,5.2324573138812544e-18,0.005831417675273633,0.9848106385047255,6.429724264911466e-17,0.1736318124305398,-8.078503999670816e-18,4
0.34950000000000025,0.1206556240513228,0.13048010931788592,5.250529251643851e-18,0.005717709533181436,0.9848092814230424,6.452446174070195e-17,0.1736395093952709,-8.10724561789392e-18,2
0.35000000000000026,0.12100032891503922,0.1308051104268654,5.268622405546828e-18,0.0056027931441085714,0.9848051116594175,6.464361738000536e-17,0.17366315685683464,-8.128068857309587e-18,2
0.35050000000000026,0.1213456226988158,0.13113044649125363,5.2867163150451615e-18,0.005487075150394542,0.9848041528109712,6.459856490454958e-17,0.17366859418520267,-8.134869024395002e-18,0
0.35100000000000026,0.12169175528702976,0.13145578255564186,5.304810224543495e-18,0.00536890465657561,0.9848031939325043,6.455351252421398e-17,0.1736740315082766,-8.141669208353989e-18,0
0.35150000000000026,0.1220387266796811,0.13178111862003009,5.322904134041829e-18,0.0052482816626517725,0.9848022350240166,6.450846023899984e-17,0.17367946882605625,-8.148469409186875e-18,2
0.35200000000000026,0.12238628144554496,0.13210679707505235,5.341016815398176e-18,0.005126893710097917,0.984804558746796,6.42690448711823e-17,0.17366629227206998,-8.138640204545825e-18,2
0.35250000000000026,0.12273442666570114,0.1324328084289348,5.359179781771272e-18,0.005004694016787341,0.9848100734329673,6.39785098200907e-17,0.17363501739267037,-8.123951382652995e-18,2
0.35300000000000026,0.12308318812315343,0.1327591181210672,5.377368749498979e-18,0.004881512243764053,0.9848122640764473,6.357063807545887e-17,0.1736225922068361,-8.100322326610879e-18,4
0.35350000000000026,0.123432016859599,0.13308646199798294,5.395652149028629e-18,0.004760975159463938,0.9848143284435378,6.321397724180308e-17,0.17361088241323755,-8.080230950878828e-18,4
0.35400000000000026,0.12378093402203526,0.13341481171336744,5.4140558674892755e-18,0.004642943053343602,0.9848162721009156,6.288968970468531e-17,0.17359985658189517,-8.062846782373556e-18,2
0.35450000000000026,0.12413048562488634,0.13374343536678476,5.432499517567387e-18,0.004523808606106377,0.9848151647383464,6.25119526824643e-17,0.1736061384323225,-8.041568361081428e-18,2
0.35500000000000026,0.12448067732864136,0.1340723253706798,5.4509687451772295e-18,0.004403534420952764,0.9848110905282639,6.2134414757827e-17,0.17362924860901377,-8.020361675207625e-18,4
0.35550000000000026,0.12483096188931359,0.13440221527364557,5.469549714727858e-18,0.004285735940454637,0.9848072165921503,6.19022262541822e-17,0.17365121982877232,-8.010080087341244e-18,4
0.35600000000000026,0.12518135940477643,0.13473307813565683,5.488238940483695e-18,0.004170280385250191,0.9848035351951181,6.157276101514835e-17,0.17367209639777142,-7.991186924885416e-18,2
0.35650000000000026,0.12553234863863075,0.13506427220207728,5.506981541524357e-18,0.004054004737844697,0.984803028960438,6.117687088211438e-17,0.17367496696514836,-7.966150517258898e-18,2
0.35700000000000026,0.1258839363349132,0.1353957884329197,5.525766729468947e-18,0.00393686444283302,0.9848056113603862,6.073636778504454e-17,0.17366032314001562,-7.936707856960622e-18,0
0.35750000000000026,0.12623636283563305,0.1357273046637621,5.544551917413538e-18,0.0038172716477164396,0.9848081935425836,6.029586385578967e-17,0.17364567927648478,-7.907265050528346e-18,0
0.35800000000000026,0.1265896281407903,0.1360588208946045,5.5633371053581285e-18,0.003695226352494955,0.9848107755070297,5.985535909444504e-17,0.17363103537455907,-7.877822097980758e-18,0
0.35850000000000026,0.12694373225038494,0.1363903371254469,5.582122293302719e-18,0.003570728557168566,0.9848133572537238,5.94148535011059e-17,0.17361639143424173,-7.84837899933654e-18,2
0.35900000000000026,0.1272984576908055,0.13672214486696008,5.600926541396997e-18,0.0034452150310247593,0.9848126918585411,5.880831322392619e-17,0.173620165747912,-7.805981256130543e-18,2
0.35950000000000026,0.12765381066921175,0.13705423579880907,5.6197538626756106e-18,0.0033186447656102973,0.984808871800717,5.826499960525125e-17,0.1736418325824663,-7.768943327627709e-18,4
0.36000000000000026,0.12800921449141572,0.1373873829458608,5.638665175580931e-18,0.0031948277702958804,0.9848052397144493,5.771827563720837e-17,0.17366243068368126,-7.73128101781842e-18,4
0.36050000000000026,0.12836469100250011,0.13772155702605826,5.6576763178559484e-18,0.003073619722542291,0.9848017883745612,5.726799002509653e-17,0.17368200141138487,-7.701897948258068e-18,4
0.36100000000000027,0.128720261180083,0.1380567299201299,5.676787388472211e-18,0.002954882030833747,0.9847985108054533,5.676281265061336e-17,0.17370058467189928,-7.666382753161241e-18,2
0.36150000000000027,0.12907641780517506,0.13839224108392048,5.695943360835078e-18,0.002835359069731891,0.9847984766160967,5.64014768343036e-17,0.17370077850894558,-7.642135965614268e-18,2
0.36200000000000027,0.12943316786488573,0.13872808115161803,5.715137861701541e-18,0.002715004677938524,0.9848015960138867,5.60867423603992e-17,0.17368309212039057,-7.621633118773576e-18,2
0.36250000000000027,0.12979051808126474,0.13906424111270754,5.7343712971293206e-18,0.002593774445308565,0.9848077817272032,5.573680917376744e-17,0.17364801481601824,-7.597430831227018e-18,0
0.36300000000000027,0.13014870710208112,0.13940040107379706,5.7536047325571e-18,0.0024700917125737016,0.9848139661911134,5.5386874446181305e-17,0.17361293729134208,-7.573228274798636e-18,2
0.36350000000000027,0.13050751174656466,0.13973686019567028,5.772865952159775e-18,0.0023454309541499725,0.9848168177466189,5.4981648017019863e-17,0.17359676115475645,-7.545118539440889e-18,2
0.36400000000000027,0.13086693847284334,0.14007360982158398,5.792148737413631e-18,0.0022197495035278865,0.9848164337858409,5.454546091307477e-17,0.17359893935544982,-7.51502174189513e-18,2
0.36450000000000027,0.13122699347811578,0.14041064164455538,5.8114501615083935e-18,0.002093006418063123,0.9848129067158156,5.4175944264725316e-17,0.17361894702464134,-7.49078652890068e-18,4
0.36500000000000027,0.13158710519436442,0.14074872181811962,5.830840864883307e-18,0.0019689778403780985,0.9848095500196039,5.392205225598248e-17,0.17363798602317432,-7.476491733692321e-18,4
0.36550000000000027,0.13194729530217222,0.14108782128072186,5.850320242283064e-18,0.001847520534723255,0.9848063572092373,5.366022743232825e-17,0.17365609347290697,-7.459956306465797e-18,4
0.36600000000000027,0.13230758461985215,0.14142791212662983,5.8698868799919056e-18,0.0017284969620543075,0.9848033220192851,5.335692959632909e-17,0.17367330520197646,-7.438455532595466e-18,2
0.36650000000000027,0.1326684630069771,0.14176833772770495,5.889526903824411e-18,0.0016086707978127642,0.9848034961385883,5.2956643845496896e-17,0.17367231786675766,-7.407833650026058e-18,2
0.36700000000000027,0.13302993736431182,0.1421090888338751,5.909198338822254e-18,0.0014879964511480296,0.9848067908318476,5.252718347809213e-17,0.17365363437451067,-7.37414763163504e-18,0
0.36750000000000027,0.13339225052608394,0.14244983994004526,5.928869773820097e-18,0.001364869604378391,0.9848100851706475,5.209772218606137e-17,0.1736349508197609,-7.340461450881816e-18,0
0.36800000000000027,0.13375540249229345,0.14279059104621541,5.94854120881794e-18,0.001239290257503848,0.9848133791549867,5.1668259969556183e-17,0.17361626720251508,-7.306775107795694e-18,2
0.36850000000000027,0.13411917554553635,0.14313163398984607,5.968212369424633e-18,0.0011126967904611115,0.9848134223030882,5.1264244471647226e-17,0.17361602245091867,-7.275271911411285e-18,2
0.36900000000000027,0.13448357593731874,0.14347296039115842,5.9879029304835236e-18,0.0009850479018159535,0.9848103079828823,5.082315211609405e-17,0.1736336870847918,-7.241008461029676e-18,4
0.3695000000000003,0.1348480333175749,0.1438153347710944,6.007696595465606e-18,0.0008601116876250581,0.9848073442628098,5.0370335379908294e-17,0.17365049578400352,-7.20543271612717e-18,4
0.3700000000000003,0.1352125694105566,0.14415872800956353,6.027570348066409e-18,0.0007377446236341356,0.9848045254278346,4.984454646135636e-17,0.17366648121285888,-7.162689328552742e-18,2
0.3705000000000003,0.13557768860975705,0.1445024639965562,6.047495301652235e-18,0.0006146143649441151,0.9848049924471258,4.936631618285847e-17,0.17366383288185047,-7.12287049479598e-18,2
0.3710000000000003,0.13594339807633143,0.14484653313296234,6.0674541082350246e-18,0.0004906736003998309,0.9848086531604803,4.8848203706689704e-17,0.17364307259502104,-7.079294741820395e-18,0
0.3715000000000003,0.13630994634734317,0.14519060226936847,6.0874129148178144e-18,0.00036428033575064265,0.9848123134361952,4.8330090062523294e-17,0.1736223122310263,-7.035718783583114e-18,2
0.3720000000000003,0.1366771144878784,0.14553496487523596,6.1073941011188596e-18,0.00023688099457950387,0.9848127045269021,4.7655031183752375e-17,0.17362009389010102,-6.979731403485538e-18,2
0.3725000000000003,0.1370449088116481,0.14587961248740403,6.127391636970889e-18,0.00010843386448734754,0.9848099208467218,4.697805582055619e-17,0.17363588281767212,-6.9238874662607786e-18,4
0.3730000000000003,0.13741275913694928,0.14622530940113415,6.1474467002512774e-18,-1.729407078098814e-05,0.9848072708531929,4.614602640050844e-17,0.17365091210438513,-6.854611363815436e-18,4
0.3735000000000003,0.1377806872759889,0.14657202637843716,6.167575969497871e-18,-0.00014044691656728742,0.9848047495135293,4.539226680185436e-17,0.17366521049304487,-6.7904938709215775e-18,2
0.3740000000000003,0.13814919905481302,0.14691908538905002,6.187743119273097e-18,-0.00026436648212803306,0.9848055071722107,4.463944414058573e-17,0.17366091397687505,-6.725502725160473e-18,2
0.3745000000000003,0.13851830162936826,0.14726647684084432,6.207933500450898e-18,-0.0003891000442078213,0.9848094516507713,4.388712127303026e-17,0.17363854393338468,-6.6598377320204504e-18,0
0.3750000000000003,0.1388882430083609,0.14761386829263862,6.2281238816286985e-18,-0.0005162861063925137,0.9848133956211921,4.313479663912508e-17,0.1736161738003007,-6.59417242799946e-18,2
0.3755000000000003,0.13925880329680568,0.1479615545008138,6.2483316279644456e-18,-0.0006444719022559494,0.9848140561608825,4.2225521970419903e-17,0.17361242693986198,-6.516428926882539e-18,2
0.3760000000000003,0.1396299888600005,0.14830952693305996,6.268554704716081e-18,-0.0007736994850129095,0.9848115285392448,4.142221742118002e-17,0.17362676422773915,-6.4473862169442885e-18,2
0.3765000000000003,0.14000180580524088,0.14865777740290417,6.288791905803347e-18,-0.0009040092033505228,0.984805903143841,4.062162633488449e-17,0.17365866846501582,-6.37900465855977e-18,4
0.3770000000000003,0.14037367021315453,0.14900708862015097,6.309073202089524e-18,-0.0010315433137247196,0.9848005609018161,3.9994672883507984e-17,0.1736889612136215,-6.3258218311702015e-18,2
0.3775000000000003,0.14074610077309113,0.1493567653120303,6.329376329144479e-18,-0.0011597286085745036,0.9847987223717505,3.927750962665922e-17,0.173699385188798,-6.2654747554863064e-18,2
0.3780000000000003,0.1411191053563501,0.14970679692752506,6.349704948815063e-18,-0.001288617090721044,0.9848002869764566,3.8549876299764825e-17,0.17369051433825386,-6.204300630243016e-18,2
0.3785000000000003,0.14149269153726915,0.1500571733136782,6.37005213706947e-18,-0.001418258801066312,0.9848051569029841,3.7751712820646046e-17,0.17366290029044062,-6.136943169175809e-18,4
0.3790000000000003,0.1418663328661945,0.15040860014549395,6.390493195226468e-18,-0.0015451756776567768,0.9848097648589474,3.7259827267744997e-17,0.1736367675305647,-6.0964182775563275e-18,4
0.3795000000000003,0.14224005133276776,0.15076104794714243,6.41098107516776e-18,-0.001669512998080328,0.9848141219654565,3.6727187983393627e-17,0.173612053663925,-6.051511879131858e-18,2
0.3800000000000003,0.14261439532864179,0.15111378163165154,6.431477711076767e-18,-0.0017948937871215408,0.9848152945106272,3.6305376185881317e-17,0.17360540227177593,-6.016082037316599e-18,2
0.3805000000000003,0.14298937096780295,0.15146679300357965,6.451983667162554e-18,-0.0019213584376717612,0.9848133741559425,3.5893627189264814e-17,0.17361629555887342,-5.981909313168196e-18,2
0.3810000000000003,0.14336498411531112,0.1518200742011567,6.472498244311379e-18,-0.002048945698054437,0.9848084478711839,3.549175300816867e-17,0.1736442368797427,-5.9486495107136176e-18,2
0.3815000000000003,0.14374124039654934,0.15217361768388532,6.49301997223577e-18,-0.0021776927331354948,0.984800598163363,3.5091653857805705e-17,0.1736887499439183,-5.91595263242762e-18,2
0.3820000000000003,0.14411805539234876,0.15252753661072938,6.51354542405791e-18,-0.002307041816079652,0.9847963469558415,3.495892725487279e-17,0.17371285220854613,-5.904476084660709e-18,2
0.3825000000000003,0.14449543727982192,0.1528818200207473,6.5340924645948105e-18,-0.002437046970103922,0.9847955905305057,3.4864508003706543e-17,0.1737171404083974,-5.8962013326379616e-18,2
0.3830000000000003,0.14487339392781606,0.15323645736620906,6.554657727503762e-18,-0.002567760181828563,0.9847982279930793,3.476923197650398e-17,0.17370218807398302,-5.88735413053822e-18,2
0.3835000000000003,0.14525193290789512,0.15359143849787546,6.5752405303450005e-18,-0.0026992314738311387,0.9848041612362766,3.468317966931478e-17,0.17366854640870422,-5.879353967154921e-18,4
0.3840000000000003,0.14563052080866667,0.15394747842255493,6.595829069247445e-18,-0.0028279367904742794,0.9848097773861965,3.472492000727382e-17,0.17363669648017568,-5.881258087853703e-18,4
0.3845000000000003,0.14600917993731385,0.15430454723877166,6.616456699222914e-18,-0.002954023507228005,0.9848150898564918,3.479409359071335e-17,0.17360656321391987,-5.885125106087592e-18,2
0.3850000000000003,0.1463884606141939,0.15466190727423793,6.637118653558016e-18,-0.003081127391127526,0.9848171582349623,3.497338514713966e-17,0.1735948295486131,-5.898403106215952e-18,2
0.3855000000000003,0.14676836913244404,0.15501955009337084,6.657790204481911e-18,-0.003209290018648998,0.984816077154342,3.507394675728024e-17,0.17360096249252732,-5.905304139573106e-18,2
0.3860000000000003,0.14714891152927848,0.15537746760363755,6.678468138305099e-18,-0.003338551275476975,0.9848119364040282,3.5144271854258983e-17,0.1736244508015708,-5.9098739805806635e-18,0
0.3865000000000003,0.14753029273055032,0.15573538511390425,6.6991460721282865e-18,-0.003470265032409856,0.9848077950935076,3.5214596737897116e-17,0.1736479390118486,-5.914443784138583e-18,0
0.3870000000000003,0.14791251273625952,0.15609330262417095,6.719824005951474e-18,-0.0036044312894476416,0.9848036532227825,3.528492140815544e-17,0.1736714271233474,-5.919013550239654e-18,2
0.3875000000000003,0.14829529020236262,0.15645159725969113,6.740499494121581e-18,-0.003739191308519726,0.9848031267063045,3.512551715231531e-17,0.17367441270804695,-5.904922585305134e-18,2
0.3880000000000003,0.1486786334023426,0.15681025793034414,6.7611963807254345e-18,-0.0038745997495282323,0.9848061094125857,3.4953127689159506e-17,0.17365749872563815,-5.8898250291456966e-18,4
0.3885000000000003,0.14906200149104118,0.15717000960746721,6.781922410386151e-18,-0.0040070834446406245,0.9848089278016905,3.526554130277694e-17,0.17364151497289895,-5.913594681723284e-18,4
0.3890000000000003,0.14944541777983372,0.15753082104352348,6.8026989957676986e-18,-0.004136796403660877,0.9848115889921039,3.55602986838277e-17,0.17362642133859266,-5.935872146593918e-18,4
0.3895000000000003,0.1498289046499395,0.15789266223779608,6.823513912125589e-18,-0.00426388649118851,0.9848140998160814,3.571376795535888e-17,0.17361217930617742,-5.947395767650028e-18,2
0.3900000000000003,0.1502130200452883,0.15825478529904372,6.844312287419973e-18,-0.0043920398404380286,0.9848134710263828,3.58452711453983e-17,0.17361574607438873,-5.957241281252943e-18,2
0.3905000000000003,0.15059776999226898,0.15861718214924414,6.8651178892860015e-18,-0.004521296265575505,0.9848097924012867,3.5967206581504324e-17,0.17363661131954083,-5.966585306415284e-18,2
0.3910000000000003,0.15098316027097877,0.15897984504051474,6.885929398187774e-18,-0.0046516939536071856,0.9848031491157617,3.6017823950093165e-17,0.17367428563744683,-5.97070793571973e-18,2
0.3915000000000003,0.1513691131852693,0.15934287812000317,6.906740323367252e-18,-0.004782719594256118,0.9848000541207473,3.5802061522812207e-17,0.1736918345915306,-5.952826211320535e-18,2
0.3920000000000003,0.15175563679850138,0.1597062705792454,6.927570146046291e-18,-0.004914426459222804,0.9848004047779592,3.5576133397985393e-17,0.1736898464193176,-5.933789096379539e-18,2
0.3925000000000003,0.15214273886886834,0.1600700120188365,6.948418741020936e-18,-0.0050468658040774975,0.9848041012776462,3.5350540585587503e-17,0.17366888640952904,-5.9147513422437064e-18,0
0.3930000000000003,0.15253067974367265,0.16043375345842759,6.96926733599558e-18,-0.005181757649037095,0.9848077973312307,3.512494726250617e-17,0.1736479263210709,-5.895713498194157e-18,0
0.3935000000000003,0.15291945942291438,0.16079749489801867,6.990115930970225e-18,-0.005319101994101597,0.9848114929387108,3.489935342884173e-17,0.17362696615395265,-5.876675564250042e-18,2
0.3940000000000003,0.15330884470568398,0.16116154892980478,7.010954339128359e-18,-0.005457358165428345,0.9848117062504561,3.4636078751750456e-17,0.17362575624619606,-5.855066544943216e-18,4
0.3945000000000003,0.15369824197096776,0.16152671126807386,7.031852577163851e-18,-0.005592604324246996,0.9848118959501826,3.4703012035506757e-17,0.17362468025889938,-5.860486113069056e-18,4
0.3950000000000003,0.15408767510318067,0.16189294989716313,7.052795929390497e-18,-0.005724998266225616,0.984812063438008,3.475882368285187e-17,0.17362373025301409,-5.866944258003103e-18,4
0.3955000000000003,0.15447716703605413,0.16226023407574547,7.073779916984199e-18,-0.005854691506211077,0.9848122100466629,3.4864060366557473e-17,0.17362289867124717,-5.876720043590283e-18,4
0.3960000000000003,0.15486673978721552,0.1626285342904776,7.094807866711867e-18,-0.005981829506683617,0.9848123370447459,3.495737225399596e-17,0.1736221783196616,-5.885828615987202e-18,2
0.3965000000000003,0.15525694986131666,0.16299710457938626,7.115861747569774e-18,-0.0061100888920701465,0.9848094555450336,3.534703912219148e-17,0.17363852184665973,-5.919189536077657e-18,0
0.3970000000000003,0.15564799873985521,0.16336567486829492,7.136915628427682e-18,-0.006240800777561581,0.9848065737740912,3.573670530967377e-17,0.1736548653258354,-5.952550336233115e-18,0
0.3975000000000003,0.15603988642283115,0.16373424515720358,7.15796950928559e-18,-0.006373965163157918,0.9848036917319193,3.612637081633747e-17,0.17367120875718411,-5.985911016433252e-18,0
0.3980000000000003,0.15643261291024446,0.16410281544611224,7.179023390143497e-18,-0.0065095820488591605,0.9848008094185188,3.651603564207723e-17,0.17368755214070136,-6.019271576657744e-18,0
0.3985000000000003,0.15682617820209518,0.1644713857350209,7.200077271001405e-18,-0.006647651434665306,0.9847979268338903,3.690569978678768e-17,0.17370389547638265,-6.052632016886269e-18,2
0.3990000000000003,0.15722029994590053,0.16484033450093688,7.221109200054358e-18,-0.006786307920113534,0.9847986732157712,3.7403965560283216e-17,0.1736996638812382,-6.09509856500928e-18,2
0.3995000000000003,0.15761498651348976,0.1652096505219122,7.242160773606311e-18,-0.006925606814843747,0.9848029407431208,3.779155234155743e-17,0.1736754671901006,-6.128245525944362e-18,2
0.4000000000000003,0.15801024596037572,0.16557932300000258,7.263239145258284e-18,-0.007065601338707722,0.9848106245650848,3.820890435513592e-17,0.17363189149383157,-6.163778362019614e-18,4
0.4005000000000003,0.15840551284514878,0.1659501098763831,7.284267953714823e-18,-0.007202555825360417,0.9848178950246,3.8662751387159566e-17,0.17359064963100432,-6.202051791524597e-18,2
0.4010000000000003,0.15880137957941226,0.16632121705790964,7.305263159659734e-18,-0.007340384123436467,0.9848215972765678,3.9182721034223357e-17,0.17356964463185415,-6.245342830324788e-18,2
0.4015000000000003,0.1591978534000772,0.16669263484392577,7.326268289481665e-18,-0.00747913404458297,0.9848218406993666,3.969696519260358e-17,0.17356826346285142,-6.2883432035417125e-18,2
0.4020000000000003,0.15959494125238674,0.16706435392473887,7.347284593604264e-18,-0.007618851473502493,0.9848187290611435,4.0161821814692934e-17,0.17358591789195443,-6.32720314704253e-18,4
0.4025000000000003,0.15999204076374973,0.16743718174561514,7.368346207898964e-18,-0.007755556752926147,0.9848157620898235,4.064253190689813e-17,0.17360274980379384,-6.367293646686102e-18,4
0.4030000000000003,0.16038917592286386,0.16781108615110685,7.38945991222375e-18,-0.007889408367480536,0.9848129344220953,4.1080378439448585e-17,0.17361878986716928,-6.40528179375973e-18,4
0.4035000000000003,0.16078636976466454,0.16818603626422887,7.410632481698988e-18,-0.008020558500630286,0.9848102408780768,4.153310554417727e-17,0.17363406768737147,-6.4452494418064574e-18,4
0.4040000000000003,0.16118364440455968,0.16856200244056893,7.43185416240042e-18,-0.008149153260855817,0.9848076764474815,4.194625113123334e-17,0.17364861188650826,-6.4833605000713986e-18,4
0.4045000000000003,0.16158102107048775,0.1689389562253157,7.453125804362926e-18,-0.008275332893448709,0.9848052362790789,4.2362318814194026e-17,0.17366245016498583,-6.521718779904272e-18,0
0.4050000000000003,0.16197923654085317,0.1693159100100625,7.474397446325432e-18,-0.008403965026146506,0.9848027959162242,4.2778385926218965e-17,0.17367628840917332,-6.560076959244529e-18,0
0.4055000000000003,0.16237829081565602,0.16969286379480927,7.495669088287939e-18,-0.008535049658949207,0.9848003553589179,4.319445246722741e-17,0.17369012661906802,-6.59843503807669e-18,0
0.4060000000000003,0.16277818389489623,0.17006981757955605,7.516940730250445e-18,-0.008668586791856812,0.9847979146071604,4.361051843713859e-17,0.17370396479466718,-6.636793016385275e-18,0
0.4065000000000003,0.16317891577857385,0.17044677136430283,7.538212372212952e-18,-0.00880457642486932,0.9847954736609521,4.402658383587175e-17,0.17371780293596809,-6.675150894154807e-18,0
0.4070000000000003,0.16358048646668885,0.17082372514904962,7.559484014175458e-18,-0.008943018557986734,0.9847930325202937,4.4442648663346136e-17,0.173731641042968,-6.713508671369807e-18,0
0.4075000000000003,0.16398289595924126,0.1712006789337964,7.580755656137965e-18,-0.009083913191209051,0.9847905911851856,4.4858712919480984e-17,0.1737454791156642,-6.751866348014794e-18,2
0.4080000000000003,0.16438586037162714,0.17157801324926936,7.60202032480934e-18,-0.00922538480190473,0.9847917991784918,4.5509031925535533e-17,0.17373863206203824,-6.808634155585377e-18,2
0.4085000000000003,0.16478938817815336,0.17195571673615537,7.623311635698779e-18,-0.009367489376745652,0.9847965471912941,4.5989598383548503e-17,0.1737117170489794,-6.8507788627687116e-18,2
0.4090000000000003,0.1651934875324072,0.17233377846504702,7.64462753825871e-18,-0.009510280783526294,0.9848047289367238,4.643667302236339e-17,0.17366532717806837,-6.889241935775175e-18,0
0.4095000000000003,0.16559842569109842,0.17271184019393868,7.665943440818642e-18,-0.009655524690411841,0.9848129084969101,4.688374989471022e-17,0.17361893692180075,-6.927705405537517e-18,2
0.4100000000000003,0.16600394789475933,0.17309024341301307,7.68726731245743e-18,-0.009801537993983622,0.9848172828756085,4.7393262325945763e-17,0.1735941224509145,-6.971635989985212e-18,2
0.4105000000000003,0.16641006205227596,0.17346897752087054,7.708607217862835e-18,-0.009948372945383558,0.9848179718643398,4.781148286887126e-17,0.17359021370171715,-7.008408525629784e-18,4
0.4110000000000003,0.1668161455812171,0.17384887705288732,7.730024446976167e-18,-0.010091916368257872,0.984818608062317,4.8097493373989643e-17,0.1735866043627783,-7.036104468462231e-18,4
0.4115000000000003,0.16722222430205622,0.17422990739822708,7.751509926925028e-18,-0.010232338849111977,0.9848191941221089,4.8236617025935525e-17,0.1735832794040923,-7.051360136080456e-18,4
0.4120000000000003,0.16762832301135636,0.17461203531854588,7.773064391812112e-18,-0.010369804209845231,0.9848197325873199,4.826934170321606e-17,0.17358022441118945,-7.05911494591842e-18,4
0.4125000000000003,0.16803446551982498,0.1749952288969814,7.794679489961122e-18,-0.01050446975916745,0.984820225897488,4.828195310258451e-17,0.1735774255576455,-7.065422875668732e-18,4
0.4130000000000003,0.16844067468754276,0.17537945749093106,7.816364328666373e-18,-0.010636486525341793,0.9848206763927562,4.822979156887771e-17,0.1735748695788459,-7.065754688763433e-18,2
0.4135000000000003,0.1688475164506518,0.17576396249605986,7.838059658426663e-18,-0.010769593443231352,0.9848180488055073,4.825883878521345e-17,0.17358977719587257,-7.072909744748018e-18,2
0.4140000000000003,0.16925499675740754,0.1761487359390787,7.859766088683537e-18,-0.010903829810803614,0.9848124311037867,4.824520144561258e-17,0.17362164480112638,-7.07671603900202e-18,2
0.4145000000000003,0.16966312131101402,0.17653377017517594,7.881483171685544e-18,-0.011039233307058752,0.984803906732427,4.820044207604274e-17,0.17366998959102975,-7.078569920534611e-18,0
0.4150000000000003,0.17007208466905793,0.17691880441127317,7.903200254687552e-18,-0.011177089303418795,0.9847953799878044,4.815568328587695e-17,0.17371833396240866,-7.080423907670817e-18,2
0.4155000000000003,0.17048159814041108,0.17730422562096151,7.924910291434266e-18,-0.01131549052228965,0.9847905624983393,4.806465435914343e-17,0.17374564171283127,-7.077749223867295e-18,2
0.4160000000000003,0.17089167039246303,0.1776900221861118,7.946646902666409e-18,-0.011454494225970335,0.9847893444527933,4.784916136883352e-17,0.17375254545541605,-7.064211046339702e-18,2
0.4165000000000003,0.17130230976466626,0.1780761829281751,7.9684101697162e-18,-0.011594155510199608,0.98479161904207,4.761585806698136e-17,0.17373965311493286,-7.048334422955383e-18,2
0.4170000000000003,0.1717135242800044,0.1784626970928106,7.990204307644488e-18,-0.01173452737992081,0.9847972824258577,4.736853234006028e-17,0.1737075488476085,-7.030886087546286e-18,2
0.4175000000000003,0.17212532165570846,0.178849554335521,8.012025418708878e-18,-0.011875660820080654,0.9848062336992043,4.7117856223630124e-17,0.1736567938987333,-7.012233933779311e-18,0
0.4180000000000003,0.1725379578358499,0.1792364115782314,8.033846529773269e-18,-0.012019246760345404,0.9848151823567182,4.6867178598949845e-17,0.17360603848859266,-6.993581517496866e-18,2
0.4185000000000003,0.17295118328611925,0.17962360330710522,8.055651828860079e-18,-0.012163636618021874,0.9848204037890897,4.659770417848927e-17,0.17357641625720127,-6.973256708278424e-18,2
0.4190000000000003,0.17336500573185476,0.1800111191667779,8.077470303829275e-18,-0.012308881431618353,0.984822015308821,4.6375539169094624e-17,0.17356727273040695,-6.957340567907566e-18,2
0.4195000000000003,0.17377943258688458,0.1803989492194459,8.099300278715466e-18,-0.012455030181608947,0.9848201281872837,4.607888340330428e-17,0.1735779799317328,-6.9354741011102445e-18,2
0.4200000000000003,0.17419447096573362,0.1807870839285042,8.12114026032598e-18,-0.012602129871080172,0.9848148479741421,4.5768064036392944e-17,0.17360793533034838,-6.912773933967503e-18,4
0.4205000000000003,0.1746094917926035,0.18117636653330838,8.143046066861653e-18,-0.012746024424355717,0.9848098267553044,4.5310412426257637e-17,0.17363641647473174,-6.877320668426636e-18,4
0.4210000000000003,0.1750245204344546,0.18156676303093008,8.16501191498832e-18,-0.012886881431743784,0.9848050545513227,4.476686519798397e-17,0.17366348070381815,-6.8337530641744444e-18,4
0.4215000000000003,0.17543958124913403,0.1819582407710982,8.187033544882809e-18,-0.013024861816707761,0.9848005217319392,4.4277023763341735e-17,0.17368918330310473,-6.79383372960289e-18,2
0.4220000000000003,0.17585520566245771,0.18235008740855374,8.209097426511178e-18,-0.013163476516900481,0.9847995256147292,4.392895570277567e-17,0.17369483109466358,-6.765168616766578e-18,2
0.4225000000000003,0.17627140184618287,0.18274229198953365,8.23119008212311e-18,-0.013302779520158237,0.984801961488243,4.357794981432026e-17,0.17368101982919323,-6.736096649901533e-18,2
0.4230000000000003,0.17668817766081335,0.18313484397749172,8.253307077237393e-18,-0.013442822757979617,0.9848077275817542,4.3301562712920884e-17,0.1736483218901374,-6.712426063407704e-18,0
0.4235000000000003,0.17710579227988127,0.18352739596544979,8.275424072351676e-18,-0.0135853184959059,0.9848134925896104,4.302517465235012e-17,0.17361562375965114,-6.688755308803246e-18,2
0.4240000000000003,0.17752400875850244,0.183920265564182,8.297535928975389e-18,-0.01372870132501233,0.9848157192456136,4.268250001769347e-17,0.17360299285076944,-6.660029169625136e-18,2
0.4245000000000003,0.1779428343286747,0.18431344307961797,8.319659024932429e-18,-0.01387301902448509,0.984814516332164,4.227740326003887e-17,0.17360981660449218,-6.6260995471372425e-18,2
0.4250000000000003,0.17836227592940684,0.18470691921042165,8.341793761190994e-18,-0.014018317437839692,0.9848099870437682,4.187200910286085e-17,0.1736355073677401,-6.592509503344835e-18,2
0.4255000000000003,0.17878234021778144,0.18510068503316285,8.363938809442094e-18,-0.014164640546006349,0.9848022292720647,4.1471203871771063e-17,0.17367950144093366,-6.5596154265369225e-18,2
0.4260000000000003,0.17920293994357694,0.18549485750166614,8.386100814137755e-18,-0.014311411918411215,0.984798369085954,4.0915660133973806e-17,0.173701388151174,-6.514179296718685e-18,2
0.4265000000000003,0.17962408442310107,0.18588942412796536,8.408290355383458e-18,-0.01445869310452069,0.9847982881179952,4.038919471626895e-17,0.17370184719762105,-6.4717191491835195e-18,2
0.4270000000000003,0.18004578262125975,0.18628437289512786,8.430502777772418e-18,-0.014606543332217416,0.9848018711928841,3.9883337424243823e-17,0.1736815318189984,-6.430674043696517e-18,4
0.4275000000000003,0.18046746750568393,0.18668046387691684,8.452769029531952e-18,-0.01475121642426433,0.9848052607668765,3.970399881704107e-17,0.17366231129949872,-6.4161131697875494e-18,4
0.4280000000000003,0.1808891644364945,0.18707766307957185,8.475090485624623e-18,-0.014892879925783475,0.984808465155153,3.948219213470879e-17,0.17364413885516394,-6.3981086111340506e-18,4
0.4285000000000003,0.18131089776020154,0.1874759378680185,8.497460265472552e-18,-0.015031694685338345,0.9848114923387483,3.929229989111523e-17,0.17362696955694118,-6.382919907871169e-18,4
0.4290000000000003,0.1817326908457601,0.18787525691753787,8.519874822457446e-18,-0.01516781509314025,0.9848143499875549,3.91274366749743e-17,0.17361076020393792,-6.370670932475981e-18,2
0.4295000000000003,0.18215510887648967,0.1882748626329096,8.542298827736473e-18,-0.015304975110426767,0.984814014557031,3.892995096402199e-17,0.17361266293696243,-6.355590243321083e-18,0
0.4300000000000003,0.18257836571165664,0.18867446834828133,8.564722833015501e-18,-0.015444587627818189,0.9848136791228308,3.87324652974724e-17,0.17361456566933883,-6.3405095619958246e-18,0
0.4305000000000003,0.183002461351261,0.18907407406365306,8.587146838294529e-18,-0.015586652645314515,0.9848133436849544,3.853497967532625e-17,0.17361646840106718,-6.325428888500348e-18,0
0.4310000000000003,0.1834273957953027,0.1894736797790248,8.609570843573557e-18,-0.015731170162915746,0.9848130082434019,3.833749409758425e-17,0.17361837113214743,-6.310348222834796e-18,0
0.4315000000000003,0.18385316904378185,0.18987328549439653,8.631994848852584e-18,-0.01587814018062188,0.9848126727981731,3.814000856424713e-17,0.17362027386257955,-6.29526756499931e-18,0
0.43200000000000033,0.18427978109669835,0.19027289120976826,8.654418854131612e-18,-0.016027562698432918,0.9848123373492681,3.794252307531562e-17,0.1736221765923636,-6.280186914994034e-18,0
0.43250000000000033,0.1847072319540522,0.19067249692514,8.67684285941064e-18,-0.01617943771634886,0.9848120018966868,3.774503763079043e-17,0.1736240793214995,-6.2651062728191085e-18,0
0.43300000000000033,0.1851355216158435,0.19107210264051172,8.699266864689668e-18,-0.016333765234369708,0.9848116664404294,3.7547552230672285e-17,0.1736259820499873,-6.250025638474677e-18,2
0.43350000000000033,0.18556440749411188,0.19147203353087164,8.721678690655274e-18,-0.016488942561812294,0.9848077085034528,3.756953999296683e-17,0.17364843008843,-6.253253212735568e-18,4
0.43400000000000033,0.18599323363002526,0.19187316887071126,8.744150359227192e-18,-0.0166406360165462,0.9848039450480635,3.779265212349875e-17,0.17366977232025357,-6.272653923636136e-18,4
0.43450000000000033,0.18642202726556084,0.19227547214375185,8.766662349482049e-18,-0.016789025576435298,0.9848003686694573,3.801166417288457e-17,0.1736900511500329,-6.291837744981042e-18,4
0.43500000000000033,0.18685081456170838,0.19267890828271492,8.789223090582334e-18,-0.016934284077652576,0.9847969722185107,3.828131443907934e-17,0.17370930749172278,-6.3145411931674876e-18,4
0.43550000000000033,0.18727962063953696,0.19308344361427507,8.811823142795351e-18,-0.017076577485991357,0.9847937487802055,3.841744839003334e-17,0.17372758089442636,-6.325192597447629e-18,2
0.43600000000000033,0.18770898935707409,0.19348834912852,8.834429414986431e-18,-0.01721949887421815,0.9847940751682426,3.856666312570498e-17,0.17372573071806585,-6.336579915698743e-18,2
0.43650000000000033,0.18813892899718415,0.19389361372275385,8.857053757403769e-18,-0.017363102964214564,0.9847978448067574,3.871656492460166e-17,0.17370436052087496,-6.347627954847892e-18,2
0.43700000000000033,0.1885694475265164,0.19429922671814878,8.879697165793983e-18,-0.017507442388742956,0.9848049541345312,3.8820774394389145e-17,0.1736640501430397,-6.354482386326782e-18,2
0.43750000000000033,0.18900055260577892,0.1947051778459731,8.902357677879982e-18,-0.017652567759323966,0.9848153025741132,3.892413736721998e-17,0.17360535652985482,-6.360992161046872e-18,2
0.43800000000000033,0.18943224806873915,0.1951114619672856,8.925021428506044e-18,-0.017798504404268518,0.9848219397225842,3.871332180463474e-17,0.17356770160674084,-6.3419441351273265e-18,2
0.43850000000000033,0.18986454166583316,0.19551806869307958,8.947694618381636e-18,-0.017945303527896937,0.9848249837718378,3.850612174735759e-17,0.17355042880615237,-6.323243476856843e-18,2
0.43900000000000033,0.19029744083419836,0.19592498805430675,8.970375082295515e-18,-0.01809301426467949,0.9848245468368256,3.8258282216938544e-17,0.1735529082085376,-6.3018382496122464e-18,2
0.43950000000000033,0.19073095270966733,0.19633221048580043,8.993064387088366e-18,-0.018241683758474313,0.9848207352726801,3.7996899606809284e-17,0.17357453550845992,-6.279230315662905e-18,2
0.44000000000000034,0.1911650841380692,0.19673972681112664,9.0157626146086e-18,-0.01839135723719196,0.9848136499691195,3.7733318778679234e-17,0.17361473104117775,-6.25647178279129e-18,2
0.44050000000000034,0.19159984168594443,0.1971475282282215,9.038467486449009e-18,-0.01854207808358391,0.9848033866247216,3.752067607210338e-17,0.17367293886060392,-6.2383803539404915e-18,2
0.44100000000000034,0.19203512431614483,0.1975557501714794,9.061182471496583e-18,-0.01869317878185148,0.9847971526776619,3.754615641921833e-17,0.17370828442526803,-6.239837066176888e-18,2
0.44150000000000034,0.19247094181416016,0.19796437952402293,9.083921705646264e-18,-0.01884472398117699,0.9847948246310673,3.764611486350159e-17,0.1737214822060456,-6.246800378202552e-18,2
0.44200000000000034,0.19290730359596017,0.19837340366429473,9.106685417328326e-18,-0.018996775889458268,0.9847962822898512,3.775796347291784e-17,0.17371321880642146,-6.255292585004909e-18,2
0.44250000000000034,0.19334421872165944,0.19878281044774057,9.12946542737627e-18,-0.019149394363586623,0.9848014087256292,3.786642189902835e-17,0.1736841540613769,-6.26330985696795e-18,2
0.44300000000000034,0.19378169590805253,0.19919258819000663,9.152265307467123e-18,-0.01930263699226261,0.9848100902440494,3.7975413865013815e-17,0.17363492204480888,-6.271644063017698e-18,4
0.44350000000000034,0.19421914224048872,0.19960353165854247,9.175045649029898e-18,-0.0194525866034002,0.9848183058735701,3.809808335161811e-17,0.17358831877839875,-6.2813514386848326e-18,2
0.44400000000000034,0.194657176139576,0.20001481189665293,9.197806754231266e-18,-0.01960332887769577,0.9848227696568225,3.814857979146586e-17,0.17356299249974075,-6.285474954556065e-18,2
0.44450000000000034,0.19509580549574962,0.20042641832767052,9.220576797411493e-18,-0.0197549159443937,0.9848236010781048,3.80911606654538e-17,0.17355827482305142,-6.281279425653547e-18,2
0.44500000000000034,0.19553503788129611,0.20083834080138746,9.243355635412998e-18,-0.01990739783084551,0.9848209134765098,3.8020213446821813e-17,0.17357352441917204,-6.275950320977528e-18,4
0.44550000000000034,0.19597424799384303,0.20125141749910236,9.266156321487136e-18,-0.020056643391031765,0.9848183468026387,3.7581984116414587e-17,0.1735880865754267,-6.240636928627416e-18,4
0.44600000000000034,0.1964134617409281,0.2016656136932744,9.289002318570836e-18,-0.020202823786659493,0.9848158966973748,3.708985939751922e-17,0.17360198619873457,-6.201730003278351e-18,4
0.44650000000000034,0.19685270399587843,0.20208089604266183,9.311885643129427e-18,-0.020346103346780702,0.9848135589474107,3.662088779334541e-17,0.17361524735268738,-6.165604866489192e-18,2
0.44700000000000034,0.19729257626081703,0.20249645826880985,9.334760020049062e-18,-0.020490455977798024,0.9848081032204898,3.6154436013993336e-17,0.17364619152535812,-6.129972719064448e-18,0
0.44750000000000034,0.19773328733019307,0.20291202049495788,9.357634396968696e-18,-0.020637261108920252,0.9848026465212611,3.56879859463816e-17,0.1736771355265868,-6.094340873703996e-18,0
0.44800000000000034,0.1981748372040065,0.2033275827211059,9.380508773888331e-18,-0.02078651874014738,0.9847971888497301,3.522153759096105e-17,0.1737080793563429,-6.0587093304979226e-18,2
0.44850000000000034,0.19861693256064425,0.20374353812773965,9.403394166839917e-18,-0.02093629100195017,0.9847955008048052,3.524307508867226e-17,0.17371764905907952,-6.062448907365514e-18,2
0.44900000000000034,0.1990595824153593,0.2041598746304392,9.426295987808966e-18,-0.02108663745483591,0.9847974670861667,3.5310117141868826e-17,0.17370650195277965,-6.0694207503086046e-18,2
0.44950000000000034,0.19950279544057412,0.20457658060432887,9.449215907729792e-18,-0.02123761539435488,0.984802975590217,3.537435012422773e-17,0.17367526959430585,-6.075763499697346e-18,0
0.45000000000000034,0.19994684727022632,0.20499328657821855,9.472135827650619e-18,-0.021391045833978755,0.9848084831037489,3.543858329766513e-17,0.17364403706114878,-6.0821062829474396e-18,0
0.45050000000000034,0.20039173790431591,0.20540999255210823,9.495055747571445e-18,-0.021546928773707532,0.9848139896267566,3.55028166621177e-17,0.1736128043533399,-6.088449100045318e-18,2
0.45100000000000035,0.20083721387441894,0.205827038285612,9.517965100661828e-18,-0.021703589639580148,0.9848157112343494,3.505941311824076e-17,0.1736030382970964,-6.053413608395627e-18,2
0.45150000000000035,0.20128328318078675,0.2062444130548602,9.540881500452745e-18,-0.021861081286356585,0.9848137680532367,3.464417797125413e-17,0.1736140612185151,-6.02098884956862e-18,2
0.45200000000000035,0.2017299535006168,0.20666210656901823,9.563804577464055e-18,-0.02201945443449598,0.9848082740104903,3.426701347988551e-17,0.17364522291292575,-5.9923472238096374e-18,4
0.45250000000000035,0.20217656698245381,0.20708100063952853,9.586758950569525e-18,-0.022174362897992794,0.9848030535994047,3.4000985921909365e-17,0.17367482725279673,-5.975031992608862e-18,4
0.45300000000000035,0.20262315098072076,0.20750105859938525,9.609741365875294e-18,-0.022325987397599566,0.9847980962414121,3.3575845979931686e-17,0.1737029350336114,-5.944509221158885e-18,2
0.45350000000000035,0.20307027763448154,0.207921513529599,9.632705249463056e-18,-0.022478107848634868,0.9847969449318343,3.298958488705173e-17,0.17370946218593333,-5.9006034361765566e-18,2
0.45400000000000035,0.20351795610534537,0.20834235314956792,9.655685506341704e-18,-0.02263078477852835,0.9847994823160698,3.2338135327607385e-17,0.17369507658538105,-5.8516345475595094e-18,2
0.45450000000000035,0.20396619520729933,0.20876356564465715,9.678677212582739e-18,-0.022784076418096794,0.9848055942819638,3.163902226879098e-17,0.17366041998955534,-5.798639607439171e-18,4
0.45500000000000035,0.20441442052252798,0.2091859209883895,9.701732385021112e-18,-0.022934187797136057,0.9848113781492643,3.119265531786607e-17,0.1736276172380057,-5.766621933446824e-18,4
0.45550000000000035,0.20486265779910345,0.20960938466697843,9.724819108643906e-18,-0.0230812890238223,0.9848168478457854,3.076951102942038e-17,0.17359659040168912,-5.737477727286043e-18,2
0.45600000000000035,0.20531150090085418,0.210033160640657,9.747906728568741e-18,-0.023229303541114646,0.9848188389109728,3.053106628195125e-17,0.17358529467107567,-5.723426838571948e-18,2
0.45650000000000035,0.20576095701356573,0.2104572392772995,9.77099705323418e-18,-0.023378278822892458,0.9848174593130764,3.029237020546947e-17,0.17359312150006911,-5.70957873727158e-18,0
0.45700000000000035,0.20621125193071466,0.21088131791394202,9.794087377899618e-18,-0.023529706604775175,0.9848160796529765,3.005367439046056e-17,0.17360094831809797,-5.695730682037494e-18,0
0.45750000000000035,0.20666238565230097,0.21130539655058453,9.817177702565056e-18,-0.023683586886762798,0.984814699930673,2.9814978836939234e-17,0.17360877512516174,-5.681882672872659e-18,0
0.45800000000000035,0.2071143581783247,0.21172947518722704,9.840268027230494e-18,-0.023839919668855323,0.9848133201461663,2.957628354492019e-17,0.17361660192125994,-5.668034709780042e-18,0
0.45850000000000035,0.20756716950878576,0.21215355382386955,9.863358351895932e-18,-0.023998704951052753,0.9848119402994562,2.9337588514418144e-17,0.17362442870639208,-5.6541867927626115e-18,0
0.45900000000000035,0.20802081964368424,0.21257763246051206,9.88644867656137e-18,-0.024159942733355085,0.9848105603905428,2.90988937454478e-17,0.17363225548055766,-5.640338921823335e-18,2
0.45950000000000035,0.20847506475602423,0.21300203793299752,9.909545477826822e-18,-0.024322022139220568,0.9848055391622571,2.8585397840239865e-17,0.17366073256593365,-5.604298037461561e-18,4
0.46000000000000035,0.2089292359724981,0.2134276668269175,9.932680765142414e-18,-0.024480524165261777,0.9848007685995646,2.853219009634546e-17,0.17368778358222942,-5.605618891342031e-18,2
0.46050000000000035,0.20938393616280063,0.21385371103066747,9.955844515786213e-18,-0.02463943175293066,0.9847999797009922,2.8652871512828345e-17,0.17369225653703113,-5.620488109542022e-18,4
0.46100000000000035,0.2098385878412637,0.2142809446300472,9.978969694807483e-18,-0.024794929663834415,0.9847992258217036,2.8475060047988626e-17,0.17369653082596015,-5.612045653987916e-18,4
0.46150000000000035,0.21029321817827146,0.2147093312047442,1.0002122345938866e-17,-0.024947197402847843,0.9847985059389471,2.839530539197953e-17,0.17370061226264666,-5.611089735510665e-18,2
0.46200000000000035,0.21074840524107505,0.21513809588938043,1.0025271639378486e-17,-0.025100054050672622,0.9848014114878089,2.8379883330926815e-17,0.17368413839962518,-5.61481310455415e-18,2
0.46250000000000036,0.21120415767899625,0.2155672270900454,1.0048432576989991e-17,-0.025253556750241296,0.984807830364906,2.831632236407422e-17,0.17364773897741165,-5.614318433384117e-18,4
0.46300000000000036,0.21165990730766446,0.2159974864246931,1.0071596359786819e-17,-0.025403951713459872,0.9848139038142791,2.9125518033873615e-17,0.1736132911216211,-5.685355113045007e-18,2
0.46350000000000036,0.21211625748484872,0.2164280651274838,1.0094768107062914e-17,-0.025555225106310964,0.984816419310796,3.001043679432647e-17,0.17359902147150313,-5.762815688005282e-18,2
0.46400000000000036,0.21257321563642081,0.21685895324447027,1.0117942045228191e-17,-0.025707425988836217,0.984815488624187,3.085531092756872e-17,0.17360430111579808,-5.837230779180469e-18,0
0.46450000000000036,0.21303101259243032,0.21728984136145674,1.0141115983393468e-17,-0.025862079371466375,0.9848145579092736,3.170018459603175e-17,0.1736095807551035,-5.911645788412449e-18,0
0.46500000000000036,0.21348964835287718,0.2177207294784432,1.0164289921558745e-17,-0.026019185254201434,0.9848136271660559,3.2545057799691706e-17,0.17361486038941923,-5.986060715696597e-18,0
0.46550000000000036,0.21394912291776144,0.21815161759542967,1.0187463859724022e-17,-0.0261787436370414,0.9848126963945338,3.338993053852475e-17,0.17362014001874512,-6.060475561028288e-18,0
0.46600000000000036,0.2144094362870831,0.21858250571241614,1.0210637797889299e-17,-0.02634075451998627,0.9848117655947075,3.423480281250704e-17,0.17362541964308104,-6.134890324402895e-18,0
0.46650000000000036,0.2148705884608421,0.2190133938294026,1.0233811736054576e-17,-0.026505217903036043,0.9848108347665768,3.5079674621614724e-17,0.1736306992624268,-6.209305005815793e-18,2
0.46700000000000036,0.21533233065419521,0.21944461542793686,1.0256954715509398e-17,-0.0266704901549488,0.9848061887084857,3.6062184926753003e-17,0.17365704904053764,-6.2947713576157564e-18,4
0.46750000000000036,0.21579398518285953,0.21987707890420805,1.0280125386416052e-17,-0.026832094061418853,0.9848017733453461,3.7232706184963777e-17,0.17368208662917012,-6.392350607359272e-18,4
0.46800000000000036,0.21625558083792618,0.22031074566544065,1.0303336829424577e-17,-0.026990219834744273,0.9847975798302019,3.820696677354657e-17,0.1737058627697355,-6.473690930722867e-18,4
0.46850000000000036,0.2167171452663205,0.22074557865254635,1.0326592457496728e-17,-0.02714505012813542,0.9847935996167687,3.8968414832942553e-17,0.1737284264415253,-6.537191917157065e-18,2
0.46900000000000036,0.21717925433059052,0.22118080595542294,1.0349862740076817e-17,-0.02730038945661974,0.98479340058974,3.963708924991169e-17,0.17372955463851564,-6.592623421798651e-18,2
0.46950000000000036,0.21764191718577833,0.22161641530227127,1.0373151170843084e-17,-0.02745629830424074,0.9847968651365371,4.030705872593654e-17,0.17370991456232507,-6.647906466712724e-18,2
0.47000000000000036,0.21810514263809053,0.22205239488888598,1.0396457808448125e-17,-0.027612834850411643,0.984803878933044,4.097445214125074e-17,0.173670147228681,-6.702693508711924e-18,2
0.47050000000000036,0.21856893915625042,0.2224887333634382,1.0419783508381173e-17,-0.027770055044916364,0.9848143309170354,4.1551029132602455e-17,0.1736108683822342,-6.750320330166198e-18,2
0.47100000000000036,0.21903331366626835,0.2229254214420157,1.044310901902159e-17,-0.027928004645393675,0.9848208864594533,4.230335240902876e-17,0.17357367770839596,-6.812478600593491e-18,2
0.47150000000000036,0.21949827454100895,0.2233624479012826,1.046644434191788e-17,-0.028086738968323893,0.9848236731425596,4.3010825039353745e-17,0.1735578659064421,-6.8716162185315626e-18,2
0.47200000000000036,0.21996382981527554,0.22379980197105445,1.0489789010439203e-17,-0.028246311096738926,0.9848228119654661,4.3707452843843393e-17,0.17356275243390715,-6.930076551712117e-18,2
0.47250000000000036,0.22042998719875984,0.22423747331693997,1.0513142863853868e-17,-0.028406771965776,0.9848184176935338,4.4281384599452275e-17,0.17358768438920374,-6.979054375544224e-18,2
0.47300000000000036,0.22089675408820125,0.22467545202404202,1.0536506286253745e-17,-0.028568170443010493,0.9848105991818338,4.489150896946501e-17,0.17363203546327197,-7.031339843522635e-18,2
0.47350000000000037,0.22136413757888504,0.22511372858154532,1.0559879852094364e-17,-0.028730553404418706,0.9847994596757554,4.5502111139390455e-17,0.1736952049491917,-7.083601010730095e-18,2
0.47400000000000037,0.22183202970547544,0.22555244771067487,1.0583221781460148e-17,-0.028893207562179172,0.9847925609333734,4.570428095421485e-17,0.17373431419926713,-7.102352126880119e-18,2
0.47450000000000037,0.2223004410630332,0.22599159520937073,1.060658958710791e-17,-0.029056202914016022,0.984789769409351,4.580764054597838e-17,0.17375013688247495,-7.11245896508702e-18,2
0.47500000000000037,0.22276938184710796,0.22643115741109415,1.0629980062285035e-17,-0.029219606818228893,0.9847909550856737,4.574085298436019e-17,0.1737434165125345,-7.107504966888168e-18,2
0.47550000000000037,0.22323886186854472,0.22687112116498068,1.0653396980892998e-17,-0.029383484091512584,0.9847959914415592,4.566061796232e-17,0.1737148676441886,-7.100848114076292e-18,4
0.47600000000000037,0.22370827681520883,0.22731229651614135,1.067684217784785e-17,-0.0295438422627375,0.9848007613619071,4.640729955670139e-17,0.1736878246193721,-7.160921665855743e-18,4
0.47650000000000037,0.22417765477233792,0.22775464581795588,1.0700345492051247e-17,-0.029700866880884195,0.9848052761597103,4.709879945422607e-17,0.17366222400970946,-7.215945774690424e-18,4
0.47700000000000037,0.22464702270033782,0.22819813293157534,1.072390029401654e-17,-0.029854736063577185,0.9848095466958661,4.7686077030999545e-17,0.1736380048741762,-7.262364186267541e-18,4
0.47750000000000037,0.22511640647424574,0.22864272317302411,1.0747512804954145e-17,-0.030005620757803966,0.9848135834131876,4.8281193531748596e-17,0.1736151085731835,-7.309429032018636e-18,2
0.47800000000000037,0.22558640090272522,0.22908761923603896,1.0771142559605325e-17,-0.030157450648706792,0.9848142134554613,4.8955852097840244e-17,0.17361153468621512,-7.363325714516615e-18,0
0.47850000000000037,0.22605723413564205,0.2295325152990538,1.0794772314256505e-17,-0.03031173303971452,0.9848148434847653,4.96305109387477e-17,0.17360796079696036,-7.417222445478177e-18,0
0.47900000000000037,0.22652890617299629,0.22997741136206865,1.0818402068907686e-17,-0.030468467930827154,0.9848154735010998,5.030517005446225e-17,0.17360438690541927,-7.471119224901616e-18,0
0.47950000000000037,0.2270014170147879,0.2304223074250835,1.0842031823558866e-17,-0.030627655322044693,0.9848161035044646,5.09798294449752e-17,0.17360081301159186,-7.525016052785219e-18,0
0.48000000000000037,0.22747476666101688,0.23086720348809833,1.0865661578210046e-17,-0.030789295213367134,0.9848167334948597,5.165448911027783e-17,0.1735972391154782,-7.578912929127279e-18,0
0.48050000000000037,0.22794895511168328,0.23131209955111318,1.0889291332861226e-17,-0.03095338760479448,0.9848173634722851,5.232914905036144e-17,0.17359366521707834,-7.632809853926085e-18,0
0.48100000000000037,0.22842398236678704,0.23175699561412802,1.0912921087512407e-17,-0.031119932496326733,0.9848179934367408,5.30038092652173e-17,0.1735900913163923,-7.68670682717993e-18,0
0.48150000000000037,0.2288998484263282,0.23220189167714286,1.0936550842163587e-17,-0.03128892988796389,0.9848186233882268,5.367846975483672e-17,0.17358651741342015,-7.7406038488871e-18,0
0.4820000000000004,0.22937655329030676,0.2326467877401577,1.0960180596814767e-17,-0.03146037977970595,0.9848192533267431,5.4353130519210975e-17,0.17358294350816195,-7.794500919045891e-18,2
0.4825000000000004,0.2298538357085558,0.23309203399375836,1.0983786709564788e-17,-0.031632556186438496,0.9848159832927706,5.4999440790290274e-17,0.17360149495639413,-7.846050029807159e-18,2
0.4830000000000004,0.23033170411114368,0.2335376191379307,1.1007409196361846e-17,-0.03180551480256594,0.9848089378866162,5.561415021827818e-17,0.17364145777617881,-7.895611383825394e-18,4
0.4835000000000004,0.2308094488963971,0.2339844943522611,1.103107918110106e-17,-0.03197456754715807,0.9848022449961882,5.604980514664936e-17,0.17367941228156386,-7.929180130456353e-18,4
0.4840000000000004,0.23128710048998663,0.23443261885291566,1.1054829251303794e-17,-0.032139915431587195,0.9847958909692649,5.636148358744397e-17,0.17371543722436797,-7.953252929635974e-18,4
0.4845000000000004,0.23176468811019715,0.23488195347449048,1.1078651261614075e-17,-0.032301751490466234,0.9847898626355205,5.65095915910633e-17,0.17374960848967216,-7.961974021268665e-18,2
0.4850000000000004,0.23224280425800245,0.2353317040040457,1.1102533452000808e-17,-0.03246399016286761,0.9847878225680274,5.664474599536977e-17,0.17376117092643292,-7.969087128943523e-18,2
0.4855000000000004,0.23272145880651357,0.23578185720725273,1.1126449042516477e-17,-0.032626696676856,0.9847896445728396,5.676632988991466e-17,0.17375084443565197,-7.97494494689526e-18,2
0.4860000000000004,0.23320066125496497,0.2362324003509427,1.1150395966777842e-17,-0.03278993379042889,0.9847952059079574,5.686258312907088e-17,0.17371932080429534,-7.978650976327558e-18,4
0.4865000000000004,0.23367981942658328,0.23668412721348395,1.1174356009348707e-17,-0.032949789206387414,0.9848004740689333,5.727819693467604e-17,0.17368945354743404,-8.008125716959406e-18,4
0.4870000000000004,0.23415896071236322,0.23713700107884822,1.1198392397555192e-17,-0.03310644388710114,0.9848054614483517,5.781907266754938e-17,0.1736611732699659,-8.048782311657661e-18,4
0.4875000000000004,0.23463811139843882,0.23759098671200854,1.1222497777067614e-17,-0.03326007149552533,0.9848101799616652,5.826494395408171e-17,0.17363441319011216,-8.08273757495441e-18,0
0.4880000000000004,0.2351181008889518,0.23804497234516886,1.1246603156580035e-17,-0.03341615160405443,0.9848148977478282,5.871081666115115e-17,0.1736076529820526,-8.116693090326806e-18,0
0.4885000000000004,0.23559892918390213,0.23849895797832918,1.1270708536092457e-17,-0.03357468421268843,0.984819614806837,5.915669078843549e-17,0.17358089264580703,-8.150648857710009e-18,0
0.4890000000000004,0.23608059628328992,0.2389529436114895,1.1294813915604878e-17,-0.03373566932142733,0.9848243311386883,5.960256633561254e-17,0.17355413218139518,-8.184604877039176e-18,0
0.4895000000000004,0.23656310218711504,0.23940692924464982,1.13189192951173e-17,-0.03389910693027114,0.9848290467433786,6.004844330236006e-17,0.17352737158883683,-8.218561148249468e-18,0
0.4900000000000004,0.23704644689537754,0.23986091487781014,1.1343024674629721e-17,-0.034064997039219856,0.9848337616209043,6.049432168835585e-17,0.17350061086815172,-8.25251767127604e-18,2
0.4905000000000004,0.2375303738783208,0.24031524437412213,1.1367099090605698e-17,-0.034231644849197565,0.9848346488107305,6.116142119475168e-17,0.17349557487684558,-8.304450277904795e-18,2
0.4910000000000004,0.23801489140161505,0.24076990665393772,1.1391189018699118e-17,-0.03439910496849039,0.9848318319924423,6.174919204381057e-17,0.17351156357549152,-8.350385519898471e-18,2
0.4915000000000004,0.23850000739607033,0.24122489108646944,1.1415299230657578e-17,-0.03456742979308384,0.9848254284567125,6.226034420793649e-17,0.17354790538941828,-8.39068848037266e-18,0
0.4920000000000004,0.23898596219496293,0.24167987551900116,1.1439409442616038e-17,-0.034738207117782194,0.9848190235799137,6.277149425062105e-17,0.17358424696701918,-8.43099107051678e-18,0
0.4925000000000004,0.23947275579829294,0.2421348599515329,1.1463519654574498e-17,-0.03491143694258545,0.9848126173620546,6.328264217118143e-17,0.17362058830824473,-8.471293290200797e-18,0
0.4930000000000004,0.23996038820606036,0.2425898443840646,1.1487629866532957e-17,-0.03508711926749361,0.984806209803144,6.379378796893486e-17,0.17365692941304545,-8.51159513929467e-18,2
0.4935000000000004,0.24044851757258792,0.24304528704075515,1.1511729082380316e-17,-0.03526299564208202,0.9848041943867958,6.430406538685405e-17,0.17366835842540712,-8.551169163346108e-18,4
0.4940000000000004,0.240936516670395,0.24350202868339807,1.1535795914409453e-17,-0.03543492220184002,0.9848022740768932,6.505126474443383e-17,0.17367924738719154,-8.611223692835402e-18,4
0.4945000000000004,0.24142441636656894,0.24396002793646615,1.1559963974600672e-17,-0.03560310287441995,0.9848004455160867,6.577459787152562e-17,0.1736896154389161,-8.66840043226019e-18,4
0.4950000000000004,0.24191224630253494,0.2444192450673606,1.1584229258944603e-17,-0.035767733489969394,0.9847987054428056,6.64766211177207e-17,0.1736994811684125,-8.724058160961412e-18,4
0.4955000000000004,0.24240003493994244,0.24487964192490316,1.1608593163641188e-17,-0.03592900208428492,0.9847970506815629,6.710087833318919e-17,0.17370886266652213,-8.772932356955623e-18,2
0.4960000000000004,0.24288837146053924,0.24534042874538248,1.1632997989301914e-17,-0.036090801167516944,0.9847991351779418,6.771116307552025e-17,0.17369704474394296,-8.81964225846531e-18,2
0.4965000000000004,0.2433772650160438,0.24580159326145457,1.1657436728778994e-17,-0.03625319120175068,0.9848048406044468,6.824651843828046e-17,0.17366469394223807,-8.859286244839155e-18,2
0.4970000000000004,0.2438667244061513,0.24626312367764205,1.1681911086471372e-17,-0.036416230323381565,0.9848140520206181,6.887597047852602e-17,0.17361245042545892,-8.906257479544393e-18,2
0.4975000000000004,0.24435676366794637,0.24672500117805315,1.1706367169960905e-17,-0.03658001127033707,0.984819395637393,6.956665572874726e-17,0.17358213610968504,-8.958288414144673e-18,2
0.4980000000000004,0.24484739119005403,0.2471872145182262,1.1730846644927397e-17,-0.03674458946322035,0.9848209987769122,7.022799955202217e-17,0.1735730404413257,-9.00860861191832e-18,2
0.4985000000000004,0.24533861502093246,0.24764975290967306,1.1755347977090804e-17,-0.03691001807527669,0.9848189821891674,7.081061789994413e-17,0.173584481794582,-9.05336876866203e-18,0
0.4990000000000004,0.24583067765624833,0.24811229130111992,1.177984930925421e-17,-0.03707789918743793,0.9848169654685004,7.139323546636929e-17,0.17359592312440938,-9.098128788121525e-18,0
0.4995000000000004,0.24632357909600158,0.24857482969256678,1.1804350641417617e-17,-0.03724823279970408,0.9848149486149114,7.197585225122057e-17,0.17360736443080632,-9.142888670281797e-18,0
0.5000000000000003,0.24681731934019221,0.24903736808401364,1.1828851973581024e-17,-0.03742101891207513,0.9848129316284007,7.25584682544209e-17,0.17361880571377125,-9.187648415127836e-18,0
0.5005000000000003,0.24731189838882023,0.2494999064754605,1.1853353305744431e-17,-0.037596257524551084,0.9848109145089687,7.314108347589325e-17,0.17363024697330265,-9.232408022644634e-18,0
0.5010000000000002,0.24780731624188562,0.24996244486690736,1.1877854637907838e-17,-0.03777394863713194,0.9848088972566157,7.372369791556055e-17,0.173641688209399,-9.277167492817181e-18,4
0.5015000000000002,0.24830260163234746,0.25042628518507876,1.1902324147997356e-17,-0.03794767544069212,0.984806972269901,7.456229918067832e-17,0.17365260541838143,-9.342765555142092e-18,4
0.5020000000000001,0.24879778560835092,0.2508913858117499,1.1926908842740822e-17,-0.03811764305906811,0.9848051363277767,7.522079878447079e-17,0.173663016968009,-9.392343701481996e-18,4
0.5025000000000001,0.24929289798260018,0.25135770678473257,1.1951605304921624e-17,-0.03828404845398539,0.984803386307401,7.576801804263329e-17,0.17367294065995903,-9.432686101101648e-18,4
0.503,0.2497879673784047,0.2518252097361527,1.1976412138433506e-17,-0.03844708072926953,0.9848017191734627,7.618570082499788e-17,0.17368239379106407,-9.462945483727779e-18,2
0.5035,0.25028358426975145,0.25229310317012776,1.2001248574876587e-17,-0.03861064093242668,0.9848037958059548,7.65272473115328e-17,0.17367061860368166,-9.486037145426393e-18,0
0.5039999999999999,0.25078003996553555,0.25276099660410284,1.2026085011319668e-17,-0.03877665363568873,0.9848058722976507,7.686879431696344e-17,0.17365884339146984,-9.509128899205761e-18,0
0.5044999999999998,0.25127733446575706,0.2532288900380779,1.2050921447762749e-17,-0.038945118839055694,0.9848079486485527,7.721034184124229e-17,0.17364706815443065,-9.532220745056268e-18,0
0.5049999999999998,0.251775467770416,0.253696783472053,1.207575788420583e-17,-0.03911603654252756,0.9848100248586592,7.755188988432154e-17,0.17363529289256557,-9.555312682968269e-18,0
0.5054999999999997,0.25227443987951226,0.25416467690602806,1.210059432064891e-17,-0.03928940674610432,0.9848121009279699,7.789343844615348e-17,0.1736235176058763,-9.578404712932123e-18,0
0.5059999999999997,0.25277425079304594,0.25463257034000314,1.212543075709199e-17,-0.03946522944978599,0.9848141768564845,7.823498752669037e-17,0.17361174229436452,-9.601496834938196e-18,2
0.5064999999999996,0.25327463627628105,0.2551008179652045,1.2150270986587321e-17,-0.039641758950492566,0.9848123075756153,7.867343579804062e-17,0.1736223454731321,-9.633516231102828e-18,2
0.5069999999999996,0.25377560496559015,0.2555694082050794,1.2175136286900938e-17,-0.039819052305605306,0.9848066213203177,7.908475921964194e-17,0.17365459568828073,-9.664461110973928e-18,4
0.5074999999999995,0.2542764529395312,0.25603928462519576,1.2200143594168568e-17,-0.03999245896142317,0.9848012188725702,7.963219100564546e-17,0.1736852305381775,-9.706750716844576e-18,4
0.5079999999999995,0.25477721082579136,0.2565104061709285,1.2225283111821716e-17,-0.04016218126396768,0.9847960892841406,8.023338310961331e-17,0.17371431297006792,-9.752049591918526e-18,2
0.5084999999999994,0.25527849155531096,0.25698195124416096,1.2250460976832034e-17,-0.040332268625692815,0.9847950205723147,8.055888282726581e-17,0.17372037144783578,-9.774004332905491e-18,2
0.5089999999999993,0.2557803053338862,0.2574539061646197,1.2275688825337312e-17,-0.04050278847259254,0.9847978819512963,8.077945210109276e-17,0.17370414993384817,-9.786692131375142e-18,2
0.5094999999999993,0.2562826619791456,0.2579262577723471,1.2300965419513439e-17,-0.040673805666179064,0.9848045462360141,8.098888848719566e-17,0.1736663632165947,-9.797493878087966e-18,4
0.5099999999999992,0.2567849504546395,0.2583998251260058,1.232625064366642e-17,-0.040841283310211286,0.9848108534603596,8.107758608072475e-17,0.17363059323367555,-9.800216781451082e-18,2
0.5104999999999992,0.25728782203552786,0.2588737352292929,1.235154874770587e-17,-0.041009524143496845,0.9848133418316973,8.09347535705994e-17,0.1736164789133917,-9.784813642218686e-18,2
0.5109999999999991,0.25779128502534904,0.2593479769518005,1.2376874110783199e-17,-0.04117858302450227,0.9848121362963406,8.079439209408914e-17,0.17362331699238334,-9.770172009349153e-18,0
0.5114999999999991,0.2582955868196075,0.2598222186743081,1.2402199473860527e-17,-0.0413500944056126,0.9848109307135035,8.065403069996663e-17,0.17363015506300417,-9.755530391220354e-18,0
0.511999999999999,0.25880072741830346,0.2602964603968157,1.2427524836937855e-17,-0.041524058286827835,0.984809725083186,8.051366938823847e-17,0.17363699312525382,-9.740888787833593e-18,0
0.512499999999999,0.2593067068214367,0.2607707021193233,1.2452850200015183e-17,-0.04170047466814797,0.9848085194053883,8.037330815891136e-17,0.17364383117913199,-9.726247199190177e-18,0
0.5129999999999989,0.2598135250290074,0.2612449438418309,1.247817556309251e-17,-0.04187934354957301,0.9848073136801104,8.023294701199194e-17,0.17365066922463832,-9.711605625291409e-18,4
0.5134999999999988,0.260320219756016,0.26172047545116117,1.2503542108741464e-17,-0.0420543074630683,0.9848061591720844,7.965012573801859e-17,0.17365721654088354,-9.661904878378852e-18,4
0.5139999999999988,0.26082682185029105,0.2621972555976021,1.2529035794651169e-17,-0.04222557020905084,0.9848050543092287,7.899798160760238e-17,0.17366348207667942,-9.605945721117837e-18,2
0.5144999999999987,0.26133395712526525,0.2626744454148087,1.255455160543694e-17,-0.04239726630992948,0.9848078768281331,7.841380385875407e-17,0.17364747547046175,-9.555681380901832e-18,4
0.5149999999999987,0.2618410269354695,0.26315284735205813,1.258015543979678e-17,-0.042565440732178494,0.9848105411961349,7.818590437276701e-17,0.17363236434770993,-9.534647091307778e-18,0
0.5154999999999986,0.2623489355501112,0.26363124928930753,1.2605759274156619e-17,-0.04273606765453241,0.984813205332268,7.795800454833459e-17,0.17361725318407725,-9.513612743043e-18,0
0.5159999999999986,0.2628576829691902,0.26410965122655694,1.2631363108516458e-17,-0.042909147076991234,0.9848158692365319,7.773010438550959e-17,0.17360214197956728,-9.49257833611736e-18,0
0.5164999999999985,0.26336726919270664,0.26458805316380635,1.2656966942876297e-17,-0.04308467899955496,0.9848185329089258,7.750220388434482e-17,0.17358703073418358,-9.471543870540722e-18,2
0.5169999999999985,0.2638774333779944,0.2650668047454105,1.2682583472963851e-17,-0.043260940129319254,0.9848173026243507,7.732508944099932e-17,0.1735940104142342,-9.455120541513166e-18,2
0.5174999999999984,0.26438818406086007,0.26554589452961935,1.2708226638033162e-17,-0.043437986859263034,0.9848123053442704,7.71070777374521e-17,0.17362235812965635,-9.436129475675763e-18,2
0.5179999999999984,0.2648995294308908,0.26602531153876974,1.2733894703636187e-17,-0.04361587329501878,0.9848036614598321,7.681439468287043e-17,0.17367138041516128,-9.411886492840748e-18,2
0.5184999999999983,0.26541137256583414,0.2665051856914788,1.2759580016962377e-17,-0.04379395910641128,0.9847993988598402,7.605554645903418e-17,0.17369554975674104,-9.349699968801807e-18,2
0.5189999999999982,0.26592372470951914,0.2669855019160504,1.2785310866222681e-17,-0.043972318577342275,0.9847993747381342,7.537968754175903e-17,0.17369568651920825,-9.293576317159369e-18,2
0.5194999999999982,0.26643659668009506,0.26746624571138766,1.281108846944012e-17,-0.04415102317940046,0.984803450091029,7.461113375014503e-17,0.17367257897781452,-9.228780200031418e-18,4
0.5199999999999981,0.26694935552879623,0.2679482655083323,1.2836977140661055e-17,-0.04432589124962005,0.9848073040244928,7.406068213412879e-17,0.17365072398354467,-9.180003934083549e-18,4
0.5204999999999981,0.26746203182035766,0.26843152033664275,1.2862981451346365e-17,-0.04449712471812119,0.984810946096898,7.349594290118683e-17,0.17363006781007642,-9.128642443826388e-18,4
0.520999999999998,0.2679746548943475,0.268915970868342,1.2889083526481253e-17,-0.04466491742079142,0.9848143854869011,7.292457173694228e-17,0.1736105588322791,-9.0780569990072e-18,2
0.521499999999998,0.26848787217862535,0.26940074926420876,1.2915202128797309e-17,-0.04483354667871926,0.9848141728698927,7.231307706854482e-17,0.17361176490833788,-9.025053323450489e-18,0
0.5219999999999979,0.26900192826734054,0.2698855276600755,1.2941320731113364e-17,-0.04500462843675201,0.9848139602514072,7.170158247826937e-17,0.17361297098413628,-8.972049661671401e-18,0
0.5224999999999979,0.2695168231604931,0.27037030605594226,1.296743933342942e-17,-0.04517816269488966,0.9848137476314447,7.109008796611683e-17,0.17361417705967427,-8.919046013670114e-18,0
0.5229999999999978,0.27003255685808303,0.270855084451809,1.2993557935745475e-17,-0.045354149453132216,0.9848135350100051,7.047859353208812e-17,0.1736153831349519,-8.866042379446802e-18,0
0.5234999999999977,0.2705491293601104,0.27133986284767575,1.3019676538061531e-17,-0.04553258871147967,0.9848133223870885,6.986709917618412e-17,0.1736165892099691,-8.813038759001641e-18,0
0.5239999999999977,0.2710665406665751,0.2718246412435425,1.3045795140377587e-17,-0.04571348046993204,0.9848131097626949,6.925560489840573e-17,0.17361779528472596,-8.760035152334804e-18,0
0.5244999999999976,0.2715847907774772,0.27230941963940924,1.3071913742693642e-17,-0.045896824728489306,0.9848128971368242,6.864411069875386e-17,0.1736190013592224,-8.70703155944647e-18,0
0.5249999999999976,0.2721038796928167,0.272794198035276,1.3098032345009698e-17,-0.046082621487151476,0.9848126845094765,6.80326165772294e-17,0.17362020743345843,-8.65402798033681e-18,2
0.5254999999999975,0.2726235355679752,0.27327934082297195,1.312414150564669e-17,-0.04626907476710457,0.9848084126776429,6.679212682697576e-17,0.1736444364767851,-8.550005573776979e-18,4
0.5259999999999975,0.2731430271987639,0.27376582813899325,1.315041215841079e-17,-0.046451353767432854,0.9848043498691549,6.554525249185397e-17,0.17366747674446686,-8.444974908434672e-18,4
0.5264999999999974,0.27366238721422187,0.2742536162460193,1.3176774390398015e-17,-0.046629674056365034,0.9848004881885937,6.436177980609948e-17,0.17368937349045363,-8.344463834678067e-18,4
0.5269999999999974,0.2741816469471463,0.27474266314426593,1.3203228425123488e-17,-0.04680424263833012,0.9847968200065502,6.330361896805642e-17,0.17371017041320622,-8.252953756467961e-18,4
0.5274999999999973,0.274700836482616,0.27523292850644276,1.3229773615232125e-17,-0.046975258274533443,0.9847933379333742,6.231129779355537e-17,0.17372990980842049,-8.166326755605783e-18,2
0.5279999999999972,0.27522055969037307,0.2757236028804401,1.3256325681605861e-17,-0.04714671051337767,0.9847937780597372,6.158903574169446e-17,0.17372741492012145,-8.101289004749722e-18,2
0.5284999999999972,0.2757408264295915,0.27621467305061126,1.3282904745978961e-17,-0.047318664490850114,0.9847980134902509,6.080606784437995e-17,0.1737034041855677,-8.030761477085649e-18,2
0.5289999999999971,0.2762616461805153,0.27670612630924296,1.3309511402907057e-17,-0.0474911828394849,0.9848059209278297,6.00288503053265e-17,0.1736585676132575,-7.960178231568034e-18,0
0.5294999999999971,0.2767833047358765,0.27719757956787466,1.3336118059835152e-17,-0.04766615368822459,0.9848138263240577,5.925162926804257e-17,0.17361373068097982,-7.889594374621542e-18,0
0.529999999999997,0.277305802095675,0.27768903282650637,1.3362724716763247e-17,-0.047843577037069186,0.9848217296789185,5.847440473411214e-17,0.17356889338882767,-7.819009906546086e-18,0
0.530499999999997,0.2778291382599109,0.27818048608513807,1.3389331373691343e-17,-0.04802345288601868,0.9848296309923956,5.769717670511918e-17,0.17352405573689397,-7.748424827641583e-18,2
0.5309999999999969,0.27835303550922336,0.2786723116103479,1.341596929151672e-17,-0.04820394644396628,0.9848333869962809,5.702848553879519e-17,0.17350273731971053,-7.687438464100686e-18,2
0.5314999999999969,0.27887750311780013,0.27916449697062895,1.3442624780936177e-17,-0.04838511898210761,0.9848331376619625,5.63488011174434e-17,0.17350415258112073,-7.626351751168962e-18,2
0.5319999999999968,0.2794025499854669,0.2796570302362848,1.3469293609463685e-17,-0.04856702929836398,0.9848290156936954,5.565816842377516e-17,0.17352754780663995,-7.564977700284003e-18,2
0.5324999999999968,0.27992818465185676,0.2801498999604364,1.3495977847399577e-17,-0.0487497338109937,0.9848211469206466,5.4887449922917085e-17,0.17357219989935338,-7.497458350639227e-18,2
0.5329999999999967,0.28045441530968757,0.280643095161224,1.3522677049340097e-17,-0.04893328664631271,0.9848096506589006,5.419530632848209e-17,0.17363741523385123,-7.437011268853223e-18,0
0.5334999999999966,0.2809814847719557,0.2811362903620116,1.3549376251280618e-17,-0.049119291981736625,0.9847981500785635,5.3503167526263907e-17,0.17370262980691362,-7.376565041300278e-18,2
0.5339999999999966,0.2815090307343835,0.2816299712105168,1.3576135568358455e-17,-0.04930535620428588,0.9847913033213331,5.2811878758175054e-17,0.17374144267464967,-7.314587343050577e-18,2
0.5344999999999965,0.2820370653569185,0.2821241214070402,1.3602925791216779e-17,-0.04949155965032523,0.9847889569700401,5.218308383526566e-17,0.17375474160396054,-7.25618740786802e-18,2
0.5349999999999965,0.28256560034085926,0.2826187252666748,1.3629743666550105e-17,-0.04967797962609012,0.984790961579603,5.153907425040652e-17,0.17374337970443512,-7.195896656402122e-18,4
0.5354999999999964,0.28309398460716056,0.28311465552284315,1.3656630011680932e-17,-0.049860314688431835,0.9847928602191977,5.1019710288844056e-17,0.1737326177241634,-7.145947064506498e-18,4
0.5359999999999964,0.2836222504286785,0.2836118689156667,1.3683580111873596e-17,-0.05003877805240886,0.9847946576292871,5.042619427692658e-17,0.17372242890546252,-7.088989206985024e-18,4
0.5364999999999963,0.284150428792778,0.28411032390839364,1.3710590854727106e-17,-0.050213574440302146,0.9847963583246846,4.978627879978532e-17,0.1737127877573716,-7.027722254502715e-18,4
0.5369999999999963,0.28467854944639426,0.2846099806269949,1.3737650499386908e-17,-0.050384900379326636,0.9847979666163098,4.922635543690332e-17,0.1737036699335385,-6.97339056305184e-18,2
0.5374999999999962,0.28520722168397544,0.2851100223478594,1.3764740734577193e-17,-0.05055678125694988,0.9848032661128591,4.8680677507776885e-17,0.1736736222154745,-6.9195400066640995e-18,0
0.5379999999999961,0.285736732725994,0.28561006406872397,1.3791830969767479e-17,-0.05073111463467803,0.9848085646926057,4.813499808244633e-17,0.17364357433572902,-6.865689187965816e-18,0
0.5384999999999961,0.28626708257244987,0.2861101057895885,1.3818921204957764e-17,-0.05090790051251109,0.9848138623555448,4.7589317161411834e-17,0.17361352629433005,-6.8118381070513925e-18,0
0.538999999999996,0.28679827122334317,0.28661014751045305,1.3846011440148049e-17,-0.051087138890449045,0.9848191591016715,4.704363474517361e-17,0.1735834780913056,-6.7579867640152284e-18,0
0.539499999999996,0.2873302986786739,0.2871101892313176,1.3873101675338334e-17,-0.05126882976849191,0.9848244549309808,4.649795083423185e-17,0.17355342972668356,-6.704135158951727e-18,0
0.5399999999999959,0.2878631649384419,0.28761023095218213,1.390019191052862e-17,-0.05145297314663968,0.9848297498434676,4.595226542908676e-17,0.17352338120049196,-6.650283291955291e-18,2
0.5404999999999959,0.2883965938285626,0.28811064286827254,1.392731110750903e-17,-0.05163774444286414,0.9848309232862409,4.567301369116865e-17,0.17351672120913408,-6.618805886177427e-18,2
0.5409999999999958,0.2889305945934859,0.2886114125879435,1.395444204497867e-17,-0.05182320473189494,0.9848281137126709,4.5381394987006924e-17,0.17353266678392484,-6.586683456647481e-18,2
0.5414999999999958,0.28946517610397154,0.2891125282204601,1.3981579805345124e-17,-0.05200941261962357,0.9848214523855916,4.512195864686665e-17,0.1735704667307545,-6.5572912960587955e-18,2
0.5419999999999957,0.29000034687106835,0.28961397835725855,1.4008727597548727e-17,-0.05219642433546356,0.9848110637624174,4.477205685171484e-17,0.1736294004226635,-6.521034957529681e-18,0
0.5424999999999957,0.2905363564426025,0.290115428494057,1.403587538975233e-17,-0.05238588855140845,0.984800671612534,4.4422156858988714e-17,0.17368833349278787,-6.484778941696854e-18,2
0.5429999999999956,0.2910728411706349,0.29061736607967265,1.4063016888255254e-17,-0.05257540277739554,0.9847949508769265,4.413718319863048e-17,0.17372076654019267,-6.452831126025135e-18,2
0.5434999999999955,0.29160981331555236,0.29111977467977335,1.409018235059938e-17,-0.05276504801335358,0.9847937464029258,4.391603465211957e-17,0.17372759437029558,-6.4250836402308205e-18,2
0.5439999999999955,0.2921472846747786,0.29162263848060166,1.4117370515424867e-17,-0.052954902200583874,0.9847969070711957,4.368000757793934e-17,0.17370967682603838,-6.3953621799695405e-18,4
0.5444999999999954,0.29268459229189686,0.2921268461365025,1.4144576065484873e-17,-0.053140585426451815,0.9847998975869686,4.3805560637531285e-17,0.17369272210629946,-6.394549757545906e-18,4
0.5449999999999954,0.2932217690868421,0.29263235352022676,1.417182538064467e-17,-0.053322315181028264,0.9848027253739331,4.382610226246295e-17,0.17367668840714867,-6.3846472792818685e-18,4
0.5454999999999953,0.2937588466673307,0.2931391182634769,1.4199108116699527e-17,-0.05350030028503442,0.9848053975381984,4.379748664235397e-17,0.1736615356940939,-6.370744451751748e-18,4
0.5459999999999953,0.29429585537506014,0.2936470996949802,1.4226442855862533e-17,-0.05367474119506203,0.9848079208964898,4.375194810810884e-17,0.17364722554516415,-6.355184288529202e-18,4
0.5464999999999952,0.29483282432829394,0.29415625878340557,1.4253812543551822e-17,-0.05384583028491922,0.9848103019997033,4.363013671634604e-17,0.1736337210200061,-6.332994929714343e-18,0
0.5469999999999952,0.2953706320859652,0.2946654178718309,1.4281182231241112e-17,-0.05401937187488132,0.9848126829177313,4.3508325337543705e-17,0.17362021646219764,-6.310805573440216e-18,0
0.5474999999999951,0.29590927864807376,0.2951745769602563,1.43085519189304e-17,-0.05419536596494832,0.9848150636505733,4.338651397172481e-17,0.1736067118717413,-6.2886162197107025e-18,0
0.547999999999995,0.29644876401461967,0.29568373604868164,1.433592160661969e-17,-0.05437381255512022,0.9848174441982288,4.3264702618912304e-17,0.1735932072486396,-6.266426868529684e-18,0
0.548499999999995,0.29698908818560305,0.296192895137107,1.436329129430898e-17,-0.05455471164539703,0.9848198245606974,4.314289127912914e-17,0.17357970259289515,-6.244237519901044e-18,0
0.5489999999999949,0.29753025116102383,0.29670205422553236,1.439066098199827e-17,-0.05473806323577875,0.9848222047379787,4.302107995239828e-17,0.17356619790451044,-6.222048173828663e-18,0
0.5494999999999949,0.2980722529408819,0.2972112133139577,1.4418030669687558e-17,-0.05492386732626536,0.9848245847300722,4.289926863874268e-17,0.17355269318348804,-6.199858830316425e-18,0
0.5499999999999948,0.2986150935251774,0.2977203724023831,1.4445400357376847e-17,-0.05511212391685689,0.9848269645369774,4.277745733818529e-17,0.17353918842983046,-6.177669489368212e-18,0
0.5504999999999948,0.2991587729139103,0.29822953149080844,1.4472770045066136e-17,-0.055302833007553315,0.9848293441586939,4.2655646050749076e-17,0.17352568364354024,-6.155480150987906e-18,0
0.5509999999999947,0.29970329110708055,0.2987386905792338,1.4500139732755426e-17,-0.055495994598354643,0.9848317235952213,4.2533834776456995e-17,0.17351217882461994,-6.1332908151793895e-18,2
0.5514999999999947,0.30024836488565293,0.2992482293062296,1.4527513411871813e-17,-0.055689737563799455,0.9848298770622652,4.233444781893221e-17,0.1735226591702788,-6.105178406575356e-18,2
0.5519999999999946,0.30079400381891225,0.2997581348447285,1.4554895983042355e-17,-0.0558841251246827,0.9848239465987978,4.212378923080559e-17,0.17355631421982176,-6.0765187105670825e-18,2
0.5524999999999946,0.30134021708987957,0.3002683948854274,1.45822865950615e-17,-0.056079217949894164,0.9848140668417251,4.1833303421490416e-17,0.17361236635292818,-6.04200237761186e-18,2
0.5529999999999945,0.3018870135099357,0.30077899761718496,1.4609684400773183e-17,-0.05627507425303205,0.9848003654283997,4.157520877882971e-17,0.17369006952641705,-6.010557100134107e-18,4
0.5534999999999944,0.302433614409055,0.30129098680167876,1.463711517799185e-17,-0.056466549643608456,0.9847873630126145,4.2451518603992726e-17,0.17376377542704993,-6.0725743457041114e-18,2
0.5539999999999944,0.30298068291556396,0.30180347355412873,1.466454432044523e-17,-0.05665802517000406,0.9847791291334611,4.3072084689258017e-17,0.17381043358539539,-6.113351684644389e-18,2
0.5544999999999943,0.3035282316309002,0.302316440983044,1.4691991008703562e-17,-0.0568495840853473,0.9847755053047171,4.349906798030239e-17,0.17383096430682324,-6.137511063573648e-18,2
0.5549999999999943,0.3040762726831022,0.3028298728314974,1.4719460699737536e-17,-0.05704130651519093,0.9847763370867634,4.3970994549783624e-17,0.17382625208517444,-6.16491045996185e-18,2
0.5554999999999942,0.30462481774468414,0.3033437534531658,1.474695632457956e-17,-0.05723326957560296,0.9847814740709437,4.439511927227966e-17,0.1737971470613381,-6.188270211240473e-18,4
0.5559999999999942,0.3051731988027898,0.30385897828025593,1.4774407474882156e-17,-0.05742105994788575,0.9847863473752648,4.510807220635032e-17,0.17376953134334408,-6.234927968844218e-18,4
0.5564999999999941,0.3057214489764165,0.30437550291868665,1.480189651711803e-17,-0.05760489643724538,0.9847909681241254,4.5677166303305916e-17,0.17374334260957736,-6.269974840446539e-18,4
0.556999999999994,0.3062696000618271,0.30489328474742533,1.4829434677253164e-17,-0.057784989110059436,0.9847953469721958,4.615046178678173e-17,0.17371852112516248,-6.294855326240242e-18,4
0.557499999999994,0.3068176825777472,0.30541228285790323,1.4857017726819026e-17,-0.057961539592481556,0.9847994941491524,4.652051047352445e-17,0.1736950094953069,-6.311254563705115e-18,2
0.557999999999994,0.30736632015543064,0.30593166130885874,1.4884601829524025e-17,-0.058138667990055626,0.9848072869312738,4.6549694452521736e-17,0.17365082092251863,-6.299963263708336e-18,0
0.5584999999999939,0.30791579653755147,0.30645103975981425,1.4912185932229025e-17,-0.0583182488877346,0.9848150777306264,4.6578879307845247e-17,0.1736066320001092,-6.288672122075692e-18,0
0.5589999999999938,0.30846611172410965,0.30697041821076976,1.4939770034934025e-17,-0.05850028228551848,0.9848228665471941,4.6608065039443894e-17,0.17356244272816757,-6.27738113878639e-18,0
0.5594999999999938,0.3090172657151053,0.30748979666172527,1.4967354137639024e-17,-0.05868476818340726,0.9848306533809613,4.6637251647266586e-17,0.1735182531067827,-6.266090313819636e-18,2
0.5599999999999937,0.3095689833427972,0.3080095439589617,1.4994935342060205e-17,-0.05886988864792077,0.9848343331575237,4.658631221443597e-17,0.1734973666491117,-6.248707189289107e-18,2
0.5604999999999937,0.3101212738795602,0.30852964767340235,1.5022529138669247e-17,-0.05905570493827658,0.9848340457558827,4.653531807058325e-17,0.17349899803774213,-6.231758081617162e-18,2
0.5609999999999936,0.3106741462216109,0.3090500958801885,1.5050131844680513e-17,-0.05924227582855232,0.9848299237945218,4.6499716718658806e-17,0.1735223939406001,-6.216534728181206e-18,0
0.5614999999999936,0.311227857368099,0.30957054408697465,1.507773455069178e-17,-0.05943129921893296,0.9848258012773635,4.646411512427891e-17,0.17354578974552917,-6.201311333141195e-18,0
0.5619999999999935,0.31178240731902446,0.3100909922937608,1.5105337256703047e-17,-0.05962277510941851,0.98482167820441,4.6428513287464554e-17,0.17356918545251615,-6.1860878965005836e-18,0
0.5624999999999934,0.31233779607438733,0.31061144050054695,1.5132939962714313e-17,-0.059816703500008964,0.9848175545756638,4.639291120823674e-17,0.17359258106154782,-6.170864418262827e-18,0
0.5629999999999934,0.31289402363418756,0.3111318887073331,1.516054266872558e-17,-0.06001308439070432,0.984813430391127,4.635730888661648e-17,0.173615976572611,-6.155640898431381e-18,0
0.5634999999999933,0.3134510899984252,0.31165233691411925,1.5188145374736846e-17,-0.06021191778150457,0.9848093056508022,4.632170632262475e-17,0.17363937198569243,-6.1404173370097e-18,0
0.5639999999999933,0.31400899516710024,0.3121727851209054,1.5215748080748113e-17,-0.06041320367240974,0.9848051803546913,4.6286103516282554e-17,0.17366276730077898,-6.125193734001239e-18,2
0.5644999999999932,0.3145673726140091,0.3126937246346541,1.5243361490098455e-17,-0.06061452055770743,0.984805764934504,4.62727692925987e-17,0.1736594522384747,-6.111665670675014e-18,4
0.5649999999999932,0.3151255292008634,0.313216084566746,1.527097896400167e-17,-0.060811289124081666,0.9848063074189102,4.663385513254048e-17,0.17365637583438026,-6.1285033018252484e-18,4
0.5654999999999931,0.31568350037211873,0.3137398174059589,1.529863942653494e-17,-0.061003743540197955,0.9848068101015182,4.681208654683791e-17,0.17365352509428844,-6.1300245087890916e-18,4
0.5659999999999931,0.3162413201634815,0.3142648775294171,1.5326349653179428e-17,-0.061192108667624916,0.9848072751571633,4.705297944501821e-17,0.17365088769575504,-6.136038676552526e-18,4
0.566499999999993,0.3167990212545772,0.31479122113199165,1.5354103971700412e-17,-0.06137660040879851,0.9848077046504421,4.718982395180028e-17,0.17364845193991246,-6.132831724483014e-18,4
0.566999999999993,0.3173566350165058,0.3153188061625561,1.5381909607235315e-17,-0.06155742602119859,0.9848081005442422,4.7250974264681717e-17,0.1736462067032918,-6.121836477710484e-18,2
0.5674999999999929,0.3179148421285632,0.31584672021028093,1.5409729197062657e-17,-0.0617390825060976,0.9848048307560503,4.7234130775593936e-17,0.17366474978978239,-6.1049150115811015e-18,0
0.5679999999999928,0.31847388804505805,0.31637463425800577,1.543754878689e-17,-0.06192319149110152,0.9848015606187082,4.721728698397298e-17,0.17368329281470227,-6.087993492890397e-18,0
0.5684999999999928,0.31903377276599026,0.3169025483057306,1.5465368376717343e-17,-0.062109752976210346,0.9847982901322168,4.7200442889825775e-17,0.1737018357780449,-6.0710719216389894e-18,0
0.5689999999999927,0.3195944962913599,0.31743046235345546,1.5493187966544686e-17,-0.06229876696142407,0.9847950192965774,4.718359849315923e-17,0.17372037867980372,-6.054150297827496e-18,0
0.5694999999999927,0.3201560586211669,0.3179583764011803,1.552100755637203e-17,-0.062490233446742705,0.9847917481117913,4.716675379398028e-17,0.17373892151997214,-6.037228621456536e-18,0
0.5699999999999926,0.32071845975541124,0.31848629044890514,1.5548827146199372e-17,-0.06268415243216624,0.9847884765778594,4.714990879229584e-17,0.17375746429854358,-6.020306892526727e-18,0
0.5704999999999926,0.32128169969409304,0.31901420449663,1.5576646736026715e-17,-0.06288052391769468,0.984785204694783,4.713306348811283e-17,0.17377600701551146,-6.003385111038688e-18,2
0.5709999999999925,0.32184543014409844,0.31954258541092573,1.5604446030148318e-17,-0.06307704685702809,0.9847864106632687,4.7004597761663786e-17,0.17376917267731007,-5.9768069843509064e-18,2
0.5714999999999925,0.32240966290647977,0.32007141737317113,1.5632264522183868e-17,-0.06327379921543971,0.9847919423122353,4.68596905825685e-17,0.1737378207440621,-5.9485213833651586e-18,2
0.5719999999999924,0.32297440933339633,0.32060068516645984,1.566010026685557e-17,-0.06347085599252947,0.9848016515998352,4.669922304619564e-17,0.17368277694186515,-5.918053972492967e-18,0
0.5724999999999923,0.32353999456475036,0.32112995295974855,1.5687936011527272e-17,-0.06367036526972412,0.9848113578108257,4.653875567846559e-17,0.1736277325970675,-5.887586598604712e-18,2
0.5729999999999923,0.3241061122322525,0.32165963142183,1.571576739160162e-17,-0.06387030298283679,0.9848164874348139,4.614207886424693e-17,0.17359863500775616,-5.838452555360914e-18,2
0.5734999999999922,0.32467277292353663,0.3221897063605999,1.5743612255531643e-17,-0.06407073908052376,0.9848172009578677,4.581042991442919e-17,0.17359458717803306,-5.7952214520141436e-18,4
0.5739999999999922,0.32523923319424175,0.32272117431979014,1.5771541107645176e-17,-0.06426676189549003,0.9848178588396097,4.611316995186102e-17,0.17359085491628767,-5.805057125646194e-18,4
0.5744999999999921,0.32580552778631916,0.3232539887298445,1.5799513494255088e-17,-0.06445860095521026,0.9848184639844213,4.6390594760825223e-17,0.17358742176599712,-5.812225103553722e-18,2
0.5749999999999921,0.32637239437714777,0.3237871607773338,1.5827486663765242e-17,-0.06465112982661896,0.9848150861508478,4.6511249396788843e-17,0.1736065842348707,-5.80693579628545e-18,4
0.575499999999992,0.32693912418663074,0.32432164054056895,1.5855514120252073e-17,-0.06483966585664504,0.9848118672500696,4.686946654717042e-17,0.17362484304797057,-5.8217722010980096e-18,4
0.575999999999992,0.32750574939005067,0.32485738489046356,1.5883590219805946e-17,-0.06502442161571173,0.9848088014378236,4.7128317381813527e-17,0.17364223164483505,-5.827958455123215e-18,0
0.5764999999999919,0.328073213397908,0.3253931292403582,1.591166631935982e-17,-0.06521162987488333,0.984805735318551,4.738716740847366e-17,0.1736596201875644,-5.834144567457967e-18,0
0.5769999999999919,0.32864151621020277,0.3259288735902528,1.5939742418913693e-17,-0.06540129063415982,0.984802668892253,4.764601662707259e-17,0.17367700867615318,-5.84033053808633e-18,0
0.5774999999999918,0.32921065782693487,0.3264646179401474,1.5967818518467567e-17,-0.06559340389354122,0.9847996021589304,4.790486503753209e-17,0.173694397110596,-5.846516366992369e-18,0
0.5779999999999917,0.32978063824810433,0.32700036229004203,1.599589461802144e-17,-0.06578796965302752,0.9847965351185841,4.816371263977394e-17,0.17371178549088742,-5.852702054160148e-18,0
0.5784999999999917,0.3303514574737112,0.32753610663993665,1.6023970717575314e-17,-0.06598498791261873,0.9847934677712152,4.84225594337199e-17,0.17372917381702202,-5.858887599573732e-18,0
0.5789999999999916,0.33092311550375547,0.32807185098983127,1.6052046817129187e-17,-0.06618445867231484,0.9847904001168247,4.868140541929174e-17,0.17374656208899436,-5.865073003217185e-18,2
0.5794999999999916,0.33149526081366076,0.3286080665378835,1.6080096963180834e-17,-0.06638405953671454,0.9847918512988844,4.845926539054929e-17,0.17373833663102825,-5.832034221552632e-18,2
0.5799999999999915,0.33206790537482267,0.32914473723713694,1.6108163870307207e-17,-0.06658386959648738,0.9847976668742551,4.8127797761515033e-17,0.17370536928668667,-5.79002692415758e-18,2
0.5804999999999915,0.3326410607032305,0.32968184765108083,1.6136246052140536e-17,-0.06678396493359844,0.9848076965860578,4.7725665210229433e-17,0.17364849767522747,-5.741857466742552e-18,0
0.5809999999999914,0.3332150548360757,0.3302189580650247,1.6164328233973865e-17,-0.0669865127708144,0.9848177230135512,4.732353116077175e-17,0.17359162548465482,-5.693687754074855e-18,2
0.5814999999999914,0.33378957727177494,0.33075648468820085,1.6192383306520814e-17,-0.06718946173677205,0.9848231121109662,4.629084471880996e-17,0.17356104935172403,-5.594860802976028e-18,2
0.5819999999999913,0.33436463879854605,0.33129441305963336,1.6220453047509266e-17,-0.06739288310531498,0.9848240274742323,4.524330049337634e-17,0.1735558553014934,-5.495414625598015e-18,4
0.5824999999999912,0.3349394888873695,0.33183374921962516,1.6248574788579487e-17,-0.06759181840337833,0.9848248722760164,4.442057890943222e-17,0.17355106149640245,-5.415159254207724e-18,4
0.5829999999999912,0.33551416284054814,0.3323744458475018,1.6276738527331087e-17,-0.06778650086047483,0.9848256500819261,4.36611040556989e-17,0.1735466477368892,-5.339896144848209e-18,2
0.5834999999999911,0.3360894054168535,0.3329155046376407,1.6304946779450102e-17,-0.0679818508277336,0.9848223956300669,4.3014702566943185e-17,0.17356511477095973,-5.273994229984629e-18,4
0.5839999999999911,0.336664501475216,0.3334578841948652,1.6333173264221187e-17,-0.0681731436274422,0.9848192890359914,4.2666364412975363e-17,0.17358274091235248,-5.230982371144384e-18,2
0.584499999999991,0.33724018396472255,0.3340006020437453,1.6361399466949485e-17,-0.06836522158842506,0.9848124142852454,4.208700324987192e-17,0.17362174019882085,-5.169324526439353e-18,4
0.584999999999991,0.3378157477302282,0.33454460340355546,1.6389670554128737e-17,-0.06855342600635408,0.9848058811576178,4.1636765033663444e-17,0.1736587931472767,-5.118000607233481e-18,2
0.5854999999999909,0.3383918220067631,0.3350890448214997,1.641795021930692e-17,-0.06874191400888979,0.9848035659990914,4.118666664519338e-17,0.17367192172448073,-5.066548272429066e-18,0
0.5859999999999909,0.33896873508773534,0.33563348623944395,1.6446229884485106e-17,-0.0689328545115304,0.9848012506655461,4.073656869133406e-17,0.17368505027081987,-5.015096014659468e-18,0
0.5864999999999908,0.33954648697314493,0.3361779276573882,1.647450954966329e-17,-0.06912624751427592,0.9847989351569825,4.0286471172164424e-17,0.1736981787862918,-4.963643833939723e-18,0
0.5869999999999908,0.34012507766299194,0.33672236907533243,1.6502789214841475e-17,-0.06932209301712633,0.9847966194734009,3.983637408776344e-17,0.17371130727089415,-4.9121917302848666e-18,0
0.5874999999999907,0.3407045071572763,0.33726681049327667,1.653106888001966e-17,-0.06952039102008165,0.9847943036148017,3.938627743821005e-17,0.17372443572462462,-4.860739703709934e-18,0
0.5879999999999906,0.3412847754559981,0.3378112519112209,1.6559348545197844e-17,-0.06972114152314188,0.9847919875811854,3.8936181223583206e-17,0.17373756414748087,-4.809287754229961e-18,0
0.5884999999999906,0.3418658825591573,0.33835569332916515,1.6587628210376028e-17,-0.06992434452630701,0.9847896713725522,3.8486085443961864e-17,0.17375069253946057,-4.757835881859983e-18,2
0.5889999999999905,0.34244747410342685,0.33890060975044634,1.6615743277392617e-17,-0.07012765887957989,0.9847919105861727,3.835063604871834e-17,0.17373800057568659,-4.733821640954022e-18,2
0.5894999999999905,0.3430295622215068,0.3394459849118891,1.664387410950269e-17,-0.0703311647393093,0.9847985483820473,3.821788781731231e-17,0.1737003716306156,-4.710193996323096e-18,2
0.5899999999999904,0.34361215858420746,0.3399918031694539,1.6672014931554245e-17,-0.07053493921030728,0.9848094321772725,3.800526010961605e-17,0.17363865437937362,-4.680541584904588e-18,0
0.5904999999999904,0.34419559375134556,0.34053762142701866,1.67001557536058e-17,-0.07074116618141016,0.9848203121046821,3.779263185850978e-17,0.17357693644616998,-4.650889085608851e-18,2
0.5909999999999903,0.3447795511160143,0.34108386407764474,1.6728306369249052e-17,-0.07094775394559835,0.9848264635776717,3.779906619831113e-17,0.17354203132699036,-4.639732410864948e-18,2
0.5914999999999903,0.3453640417484206,0.3416305162823669,1.6756463217781764e-17,-0.0711547756397127,0.9848280547988115,3.7714267474353814e-17,0.17353300113001616,-4.621364533672217e-18,2
0.5919999999999902,0.3459490762746529,0.34217756379753417,1.678462699383529e-17,-0.0713623014664671,0.9848252451172528,3.76161274991007e-17,0.1735489457753751,-4.602700458211638e-18,4
0.5924999999999901,0.3465338819172102,0.342726042486239,1.681281263622262e-17,-0.07156522596514762,0.9848225573955105,3.7629911231412137e-17,0.17356419689834532,-4.591971090629898e-18,4
0.5929999999999901,0.3471184947900648,0.34327590393981144,1.6841018383861225e-17,-0.07176378772767306,0.9848199874196273,3.751803070468454e-17,0.1735787785957904,-4.571971742155076e-18,4
0.59349999999999,0.3477029495724954,0.3438271016727044,1.686924749526772e-17,-0.07195821586746215,0.9848175311278259,3.7316347027002656e-17,0.17359271408470764,-4.546374142926576e-18,4
0.59399999999999,0.34828727956019984,0.34437959105398025,1.6897504370978856e-17,-0.07214873035711573,0.9848151845888596,3.7068066387069026e-17,0.17360602582632803,-4.518231448301605e-18,4
0.5944999999999899,0.34887151671171,0.344933329245094,1.6925783087630494e-17,-0.0723355423350652,0.9848129439869062,3.671786735734454e-17,0.17361873561296312,-4.4814599092856766e-18,2
0.5949999999999899,0.34945635239510514,0.34548738950752694,1.6954047051361178e-17,-0.07252321941949672,0.9848071152703975,3.639720073533821e-17,0.17365179444163292,-4.4469495356515104e-18,0
0.5954999999999898,0.3500420268829377,0.3460414497699599,1.6982311015091863e-17,-0.07271334900403313,0.984801285444149,3.607653498185987e-17,0.17368485307462145,-4.4124393173865895e-18,0
0.5959999999999898,0.35062854017520756,0.3465955100323928,1.7010574978822548e-17,-0.07290593108867445,0.9847954545081672,3.575587009726549e-17,0.17371791151189145,-4.3779292545603344e-18,0
0.5964999999999897,0.35121589227191485,0.34714957029482574,1.7038838942553232e-17,-0.07310096567342067,0.9847896224624587,3.543520608191102e-17,0.17375096975340568,-4.343419347242165e-18,0
0.5969999999999897,0.35180408317305956,0.34770363055725867,1.7067102906283917e-17,-0.07329845275827179,0.9847837893070301,3.511454293615241e-17,0.17378402779912686,-4.3089095955015005e-18,0
0.5974999999999896,0.3523931128786416,0.3482576908196916,1.70953668700146e-17,-0.07349839234322783,0.984777955041888,3.4793880660345645e-17,0.17381708564901777,-4.2743999994077605e-18,0
0.5979999999999895,0.352982981388661,0.34881175108212453,1.7123630833745286e-17,-0.07370078442828877,0.9847721196670389,3.447321925484665e-17,0.17385014330304113,-4.239890559030364e-18,0
0.5984999999999895,0.35357368870311795,0.34936581134455746,1.715189479747597e-17,-0.07390562901345461,0.9847662831824894,3.4152558720011397e-17,0.1738832007611597,-4.2053812744387285e-18,2
0.5989999999999894,0.35416487163950433,0.349920358431924,1.7180147181494628e-17,-0.07411052668359873,0.9847651177750164,3.350083860238619e-17,0.17388980077497035,-4.1444292318850304e-18,2
0.5994999999999894,0.3547565427095224,0.3504753755730185,1.7208419045711334e-17,-0.07431556009899938,0.9847684630220073,3.283466740083097e-17,0.1738708550541871,-4.082542771264288e-18,2
0.5999999999999893,0.3553487139493861,0.35103084663399947,1.7236698617484532e-17,-0.07452080877855709,0.9847761627914415,3.216822015101826e-17,0.17382723951603435,-4.02028160454915e-18,2
0.6004999999999893,0.35594139693597926,0.3515867560967303,1.726498644057151e-17,-0.07472634920654588,0.9847880652353844,3.1614963967925306e-17,0.17375979560861815,-3.96756003038484e-18,0
0.6009999999999892,0.3565349187270098,0.3521426655594611,1.7293274263658485e-17,-0.07493434213463956,0.9847999630603278,3.1061704234549825e-17,0.1736923508862079,-3.914837837349791e-18,0
0.6014999999999892,0.35712927932247773,0.35269857502219193,1.732156208674546e-17,-0.07514478756283816,0.9848118562662158,3.05084409534457e-17,0.17362490534911995,-3.862115025924282e-18,0
0.6019999999999891,0.357724478722383,0.35325448448492275,1.7349849909832438e-17,-0.07535768549114165,0.9848237448529927,2.9955174127166846e-17,0.17355745899767064,-3.809391596588594e-18,2
0.602499999999989,0.35832018854403463,0.353810834125466,1.737813403133433e-17,-0.0755708664141929,0.9848307292448492,2.8855264837764214e-17,0.17351782252857878,-3.712496573672877e-18,2
0.602999999999989,0.358916420375349,0.3543676084108967,1.7406419434012518e-17,-0.07578440688915324,0.9848329858803124,2.781985759941552e-17,0.1735050141121839,-3.6213775249469535e-18,2
0.6034999999999889,0.35951318533930715,0.3549247924315087,1.7434709894904887e-17,-0.07599838040152472,0.9848306818516762,2.677467941739789e-17,0.17351809151660078,-3.529152228143688e-18,2
0.6039999999999889,0.3601104941132559,0.3554823718749422,1.7463000181134118e-17,-0.07621285749266653,0.9848239754626101,2.5712746032442034e-17,0.17355615043559072,-3.435716573823232e-18,4
0.6044999999999888,0.3607075375049041,0.35604143141618844,1.7491318755770568e-17,-0.07642249212255112,0.9848175929016766,2.4802616161553215e-17,0.17359236363201244,-3.3551628551439507e-18,4
0.6049999999999888,0.3613043532223138,0.3566019205097934,1.7519654075337238e-17,-0.07662753341466984,0.9848115219191633,2.3847927971102755e-17,0.17362680177686363,-3.2702997349635315e-18,4
0.6054999999999887,0.3619009774799546,0.3571637906123761,1.7547989696754027e-17,-0.07682822062489156,0.9848057507071406,2.2934145101280024e-17,0.17365953292044245,-3.1893875457150396e-18,4
0.6059999999999887,0.36249744505468123,0.35772699510759476,1.7576327454360082e-17,-0.07702478351128315,0.9848002678447609,2.199986532057973e-17,0.17369062281219472,-3.1065140601313355e-18,4
0.6064999999999886,0.36309378933570735,0.35829148923915904,1.7604653176643687e-17,-0.07721744266427191,0.9847950622589486,2.107473769916516e-17,0.17372013513232817,-3.0246629069275774e-18,4
0.6069999999999885,0.3636900423701391,0.3588572300497955,1.7632981316276354e-17,-0.07740640980746638,0.9847901231976621,2.0151273133634573e-17,0.17374813165134798,-2.9443818605210398e-18,2
0.6074999999999885,0.36428681861501494,0.35942339389574196,1.766129633159557e-17,-0.07759574443569767,0.9847892409255464,1.9444479037150986e-17,0.17375313222295244,-2.881510668508527e-18,2
0.6079999999999884,0.3648841286878229,0.3599899665448762,1.7689609982218197e-17,-0.07778551669485859,0.9847922792322158,1.8749992863469783e-17,0.17373591098163366,-2.820022597882162e-18,0
0.6084999999999884,0.36548227756506835,0.36055653919401043,1.7717923632840824e-17,-0.07797774145412442,0.9847953172377333,1.8055505448819848e-17,0.173718689687186,-2.7585343084747135e-18,0
0.6089999999999883,0.36608126524675116,0.36112311184314466,1.774623728346345e-17,-0.07817241871349516,0.9847983549420979,1.7361016793409752e-17,0.17370146833961475,-2.697045800326585e-18,0
0.6094999999999883,0.3666810917328713,0.3616896844922789,1.777455093408608e-17,-0.0783695484729708,0.9848013923453088,1.6666526897448055e-17,0.17368424693892517,-2.6355570734781816e-18,0
0.6099999999999882,0.36728175702342886,0.36225625714141313,1.7802864584708706e-17,-0.07856913073255134,0.9848044294473651,1.597203576114333e-17,0.17366702548512253,-2.5740681279699072e-18,0
0.6104999999999882,0.36788326111842384,0.36282282979054736,1.7831178235331333e-17,-0.07877116549223678,0.9848074662482658,1.5277543384704138e-17,0.17364980397821206,-2.5125789638421662e-18,0
0.6109999999999881,0.3684856040178561,0.3633894024396816,1.785949188595396e-17,-0.07897565275202713,0.9848105027480097,1.458304976833905e-17,0.17363258241819907,-2.4510895811353634e-18,0
0.611499999999988,0.3690887857217259,0.36395597508881583,1.7887805536576588e-17,-0.07918259251192239,0.9848135389465963,1.3888554912256635e-17,0.1736153608050888,-2.3895999798899037e-18,0
0.611999999999988,0.3696928062300329,0.36452254773795006,1.7916119187199215e-17,-0.07939198477192255,0.9848165748440245,1.3194058816665465e-17,0.17359813913888653,-2.3281101601461918e-18,0
0.6124999999999879,0.37029766554277743,0.3650891203870843,1.7944432837821842e-17,-0.07960382953202762,0.9848196104402934,1.2499561481774109e-17,0.17358091741959752,-2.266620121944633e-18,0
0.6129999999999879,0.37090336365995935,0.36565569303621853,1.797274648844447e-17,-0.07981812679223758,0.984822645735402,1.1805062907791138e-17,0.17356369564722704,-2.2051298653256327e-18,0
0.6134999999999878,0.37150990058157857,0.36622226568535277,1.8001060139067096e-17,-0.08003487655255245,0.9848256807293494,1.1110563094925124e-17,0.17354647382178034,-2.1436393903295955e-18,0
0.6139999999999878,0.37211727630763525,0.366788838334487,1.8029373789689724e-17,-0.08025407881297222,0.9848287154221347,1.0416062043384641e-17,0.1735292519432627,-2.0821486969969272e-18,0
0.6144999999999877,0.3727254908381292,0.36735541098362123,1.805768744031235e-17,-0.08047573357349691,0.9848317498137569,9.721559753378263e-18,0.17351203001167942,-2.0206577853680334e-18,2
0.6149999999999877,0.37333422495851504,0.3679224115212047,1.8086014103226406e-17,-0.08069773189938091,0.98483002112843,9.654450602998042e-18,0.17352184151909064,-2.010130726340193e-18,2
0.6154999999999876,0.37394348993016985,0.36848982485201875,1.8114329389369493e-17,-0.08092014819046142,0.9848236966404449,9.682226224867422e-18,0.17355773257175605,-2.0073809323728076e-18,2
0.6159999999999876,0.3745532965621471,0.3690576364871591,1.8142635865123498e-17,-0.08114305385823332,0.9848129347937974,9.710301662788817e-18,0.1736187877587787,-2.0044158619694454e-18,4
0.6164999999999875,0.3751627914005794,0.3696269904316738,1.8170892790300786e-17,-0.08136081044248693,0.9848027119865312,9.426701257535807e-18,0.17367676431800902,-1.9767931400725533e-18,4
0.6169999999999874,0.3757720141176301,0.37019783350734575,1.819911946515096e-17,-0.08157368004281851,0.9847930074461705,9.086767605779448e-18,0.17373178317488894,-1.9439691084391877e-18,4
0.6174999999999874,0.37638100281107556,0.37077011464633164,1.8227309959676768e-17,-0.08178191435742015,0.9847838011533181,8.598742368345605e-18,0.1737839606696255,-1.899921787421638e-18,4
0.6179999999999873,0.3769897940696502,0.3713437848035703,1.825546888500272e-17,-0.08198575511479352,0.9847750737442136,8.191431300714541e-18,0.1738334091366749,-1.863602041271438e-18,2
0.6184999999999873,0.3775990636907157,0.37191793811218027,1.8283625720490952e-17,-0.08218966706303946,0.9847709804720471,7.942564562951442e-18,0.17385659613636403,-1.84024219554176e-18,2
0.6189999999999872,0.37820882416253365,0.37249255783237667,1.8311775903644533e-17,-0.08239373270757322,0.9847713624126327,7.773555626829415e-18,0.17385443270727063,-1.823074600117309e-18,2
0.6194999999999872,0.37881908750112914,0.3730676278573797,1.8339919644506216e-17,-0.08259803143391616,0.9847760648661372,7.591371980881604e-18,0.1738277942872352,-1.8046116811542654e-18,2
0.6199999999999871,0.3794298652647272,0.3736431326940641,1.8368056560294618e-17,-0.08280263960306866,0.9847849373735151,7.473343584594083e-18,0.17377752191305312,-1.7908906424278583e-18,2
0.6204999999999871,0.3800411685671201,0.37421905744504047,1.8396183833822616e-17,-0.08300763063982658,0.9847978337283768,7.3432786451658e-18,0.17370442332852676,-1.7759611897272952e-18,2
0.620999999999987,0.3806530080903446,0.37479538779166277,1.842430146211262e-17,-0.08321307511653273,0.9848146119808553,7.215870067908636e-18,0.17360927402934823,-1.761520193472802e-18,2
0.621499999999987,0.3812653691153469,0.3753721434639625,1.8452411157761342e-17,-0.0834188757897369,0.9848266459869208,6.837483499247673e-18,0.17354099617713412,-1.7264812464291658e-18,2
0.6219999999999869,0.3818782628497654,0.3759493094387554,1.8480512124727885e-17,-0.08362510670424116,0.9848341087961784,6.6826340130767205e-18,0.17349864020111844,-1.7093640650510678e-18,2
0.6224999999999868,0.38249170005033717,0.3765268712972637,1.8508604370278497e-17,-0.08383183892590677,0.9848371643623167,6.5265696165538504e-18,0.17348129493058104,-1.6917737257362508e-18,2
0.6229999999999868,0.383105691040313,0.3771048152017729,1.8536685662250647e-17,-0.08403914065670809,0.9848359680609566,6.29280441064583e-18,0.17348808608500646,-1.6676339110942395e-18,2
0.6234999999999867,0.38372024572550756,0.377683127874117,1.8564758394988846e-17,-0.08424707734077101,0.9848306671632195,6.059177172780837e-18,0.17351817488334798,-1.6439406364393658e-18,2
0.6239999999999867,0.3843353736092646,0.37826179657561915,1.8592817731379466e-17,-0.0844557117632406,0.9848214012711923,5.919200546867555e-18,0.17357075674849604,-1.6274551069152424e-18,2
0.6244999999999866,0.384951083806576,0.37884080908816514,1.8620869763091926e-17,-0.08466510414356306,0.984808302720684,5.782305790965176e-18,0.17364506008639072,-1.6111512749269597e-18,0
0.6249999999999866,0.38556763280832473,0.37941982160071114,1.8648921794804387e-17,-0.08487694902399041,0.9847951985640971,5.645411730228128e-18,0.17371936243580083,-1.5948475621451308e-18,2
0.6254999999999865,0.3861846332538454,0.3799993533475986,1.867694556981945e-17,-0.08508868725307593,0.9847870696460022,4.9024232832994536e-18,0.1737654380423242,-1.5293774328635997e-18,2
0.6259999999999865,0.3868020987052006,0.38057938614967496,1.8704959813527686e-17,-0.08530040843044912,0.9847837452606243,4.1592434579493324e-18,0.1737842773971757,-1.4640637506359788e-18,2
0.6264999999999864,0.3874200422102404,0.3811599025170594,1.8732963646725064e-17,-0.08551219875852407,0.9847850591009,3.573721606768883e-18,0.17377683209115533,-1.4116842224952182e-18,2
0.6269999999999863,0.3880384763212954,0.3817408856240862,1.8760958743383573e-17,-0.08572414116599687,0.9847908492578673,2.989054126733665e-18,0.17374401635155468,-1.3592343205676117e-18,2
0.6274999999999863,0.38865741311187,0.382322319286928,1.8788928890916237e-17,-0.08593631541813306,0.9848009582241463,2.406898350392103e-18,0.17368670841720807,-1.3078653492048594e-18,0
0.6279999999999862,0.38927718870688194,0.3829037529497698,1.88168990384489e-17,-0.08615094217037414,0.9848110638555045,1.8247391017307087e-18,0.17362939989469042,-1.2564957624469287e-18,0
0.6284999999999862,0.3898978031063313,0.3834851866126116,1.8844869185981565e-17,-0.08636802142272013,0.984821166151908,1.242576382685353e-18,0.17357209078419583,-1.2051255606693674e-18,2
0.6289999999999861,0.3905189343970183,0.3840670517812907,1.887282075340598e-17,-0.08658542641139674,0.9848264613527777,5.832778098446775e-19,0.17354204395294742,-1.1476491382607378e-18,2
0.6294999999999861,0.3911405940005599,0.3846493331457968,1.890075482667314e-17,-0.08680323259488554,0.9848271225320129,-7.470897938933497e-20,0.173538291812835,-1.090368002360605e-18,2
0.629999999999986,0.3917627928797477,0.38523201601114815,1.8928674615039713e-17,-0.0870215124003755,0.9848233136390503,-7.313387613968093e-19,0.1735599058336968,-1.0332377767384202e-18,2
0.630499999999986,0.3923855415564531,0.3858150862733912,1.8956584666686123e-17,-0.0872403353420541,0.9848151900245122,-1.2917687853454024e-18,0.173605994991489,-9.835917454257324e-19,4
0.6309999999999859,0.39300803203555335,0.38639962700278235,1.89844381374994e-17,-0.0874543632891534,0.9848074689717036,-2.389791959643799e-18,0.1736497885329788,-8.925072673188312e-19,4
0.6314999999999859,0.393630302060855,0.3869855876059545,1.9012289311102353e-17,-0.08766384560131436,0.984800135019423,-3.4142521441628655e-18,0.17369137591062855,-8.062075606316648e-19,4
0.6319999999999858,0.39425238787212125,0.3875729195056218,1.9040089745762866e-17,-0.08786902170151252,0.9847931732204542,-4.502101493386335e-18,0.17373084348609372,-7.142820999360614e-19,2
0.6324999999999857,0.3948749617273139,0.38816072157926185,1.9067899147375283e-17,-0.08807433295431669,0.9847907195118581,-5.445413966783586e-18,0.17374475175762286,-6.340391067715554e-19,2
0.6329999999999857,0.3954980357766187,0.3887489775402605,1.909571864172559e-17,-0.08827985963159793,0.9847926186800281,-6.405744172228766e-18,0.17373398686881616,-5.530324602951687e-19,2
0.6334999999999856,0.39612162170441906,0.38933767172638417,1.9123549082316283e-17,-0.08848567892784144,0.984798719775488,-7.476172012883781e-18,0.1736993999084661,-4.631332115853012e-19,0
0.6339999999999856,0.39674604643665684,0.38992636591250784,1.9151379522906978e-17,-0.08869395072418985,0.9848048196562172,-8.546603897468754e-18,0.1736648127338611,-3.732332474067989e-19,0
0.6344999999999855,0.397371309973332,0.3905150600986315,1.9179209963497673e-17,-0.08890467502064317,0.9848109183222082,-9.617039824688431e-18,0.17363022534504385,-2.8333256801290264e-19,0
0.6349999999999855,0.39799741231444447,0.3911037542847552,1.9207040404088367e-17,-0.08911785181720139,0.9848170157734535,-1.0687479793247549e-17,0.17359563774205697,-1.9343117365685504e-19,0
0.6354999999999854,0.3986243534599944,0.39169244847087886,1.9234870844679062e-17,-0.08933348111386451,0.9848231120099454,-1.1757923801850838e-17,0.17356104992494312,-1.0352906459190059e-19,0
0.6359999999999854,0.39925213340998167,0.39228114265700254,1.9262701285269757e-17,-0.08955156291063253,0.9848292070316754,-1.2828371849203001e-17,0.1735264618937448,-1.3626241071285414e-20,2
0.6364999999999853,0.3998804415455469,0.3928702532095602,1.92905485864411e-17,-0.08977004506134172,0.9848306663583563,-1.3830982053569878e-17,0.17351817945147888,7.084468269099418e-20,2
0.6369999999999852,0.4005092888552085,0.39345976539908495,1.9318376516302128e-17,-0.08998900016314844,0.984827654674721,-1.483363477605005e-17,0.17353527188409887,1.5565060837717563e-19,2
0.6374999999999852,0.4011386858842763,0.3940496650902047,1.934618714314085e-17,-0.09020849788509165,0.9848203280144221,-1.5777182550032227e-17,0.17357684617933794,2.3640909185527396e-19,2
0.6379999999999851,0.401768642751431,0.39463993871941944,1.9373980186090894e-17,-0.09042860507762462,0.9848088342430074,-1.6641664343310092e-17,0.17364204559071614,3.108684811113394e-19,2
0.6384999999999851,0.40239916916415736,0.39523057327441286,1.9401759208248325e-17,-0.09064938587457898,0.9847933135013593,-1.7753887167090133e-17,0.1737300483019932,4.055297285459032e-19,2
0.638999999999985,0.4030301235375466,0.3958217585414836,1.9429589453310612e-17,-0.09086990487580537,0.9847830684114929,-1.908630063457907e-17,0.17378811285598475,5.186437698683725e-19,2
0.639499999999985,0.40366152043314185,0.3964134750017336,1.9457386070347134e-17,-0.09109025828413962,0.9847779166373323,-2.0291995949757096e-17,0.17381730323369707,6.212542367353208e-19,2
0.6399999999999849,0.4042933738636306,0.397005703871974,1.9485149974358374e-17,-0.09131053867632624,0.9847776803753666,-2.1401803733080307e-17,0.17381864179227682,7.158900756261145e-19,2
0.6404999999999849,0.4049256973143525,0.39759842707589477,1.9512883188635934e-17,-0.09153083514511415,0.9847821863528211,-2.2501581095856808e-17,0.17379311103193137,8.091897926190625e-19,2
0.6409999999999848,0.4055585037620197,0.39819162721897167,1.954058783808291e-17,-0.091751233422934,0.9847912658369505,-2.3501493808000898e-17,0.1737416551413514,8.941075611094142e-19,4
0.6414999999999847,0.4061910547283522,0.39878629418819506,1.9568303191856554e-17,-0.0919668546515876,0.9847998675905122,-2.487370882994413e-17,0.17369289217958644,1.009011001951454e-18,4
0.6419999999999847,0.40682338813836705,0.3993823771472953,1.959593053694953e-17,-0.09217794938790952,0.9848080117695037,-2.615274021855865e-17,0.17364671017498964,1.1169263385788787e-18,4
0.6424999999999846,0.4074555403929391,0.3999798273030262,1.9623456256381736e-17,-0.0923847581192798,0.9848157177404372,-2.7164573848091642e-17,0.17360300138934112,1.2032358359198917e-18,4
0.6429999999999846,0.4080875464205356,0.40057859783581806,1.9650879914149902e-17,-0.09258751160541573,0.9848230041554437,-2.80701851403841e-17,0.17356166191370423,1.2805190299239961e-18,2
0.6434999999999845,0.40872011271172887,0.4011777417363338,1.96782839714451e-17,-0.09279087737333042,0.9848261322407222,-2.903689171285209e-17,0.17354391160677246,1.3627133179072639e-18,2
0.6439999999999845,0.40935324897685604,0.4017772459884337,1.9705665317761753e-17,-0.09299491957570068,0.9848252482095952,-2.992452545368796e-17,0.1735489282274862,1.438829313941568e-18,0
0.6444999999999844,0.40998722404642063,0.40237675024053354,1.9733046664078407e-17,-0.09320141427817584,0.9848243641529139,-3.081215871855996e-17,0.17355394484369668,1.5149452261995603e-18,0
0.6449999999999844,0.4106220379204225,0.4029762544926334,1.976042801039506e-17,-0.0934103614807559,0.9848234800706783,-3.169979150744552e-17,0.17355896145540378,1.591061054676845e-18,0
0.6454999999999843,0.41125769059886186,0.4035757587447333,1.9787809356711715e-17,-0.09362176118344087,0.9848225959628887,-3.2587423820322e-17,0.1735639780626074,1.6671767993690267e-18,0
0.6459999999999843,0.4118941820817386,0.40417526299683315,1.9815190703028368e-17,-0.09383561338623075,0.9848217118295448,-3.347505565716682e-17,0.17356899466530737,1.7432924602717095e-18,0
0.6464999999999842,0.4125315123690527,0.404774767248933,1.9842572049345022e-17,-0.09405191808912554,0.9848208276706468,-3.4362687017957357e-17,0.17357401126350358,1.819408037380498e-18,0
0.6469999999999841,0.41316968146080424,0.4053742715010329,1.9869953395661676e-17,-0.09427067529212523,0.9848199434861946,-3.525031790267102e-17,0.1735790278571959,1.8955235306909965e-18,0
0.6474999999999841,0.4138086893569931,0.40597377575313276,1.989733474197833e-17,-0.09449188499522981,0.9848190592761883,-3.6137948311285195e-17,0.17358404444638417,1.9716389401988096e-18,0
0.647999999999984,0.41444853605761933,0.40657328000523263,1.9924716088294984e-17,-0.0947155471984393,0.984818175040628,-3.702557824377727e-17,0.17358906103106828,2.0477542658995416e-18,0
0.648499999999984,0.415089221562683,0.4071727842573325,1.9952097434611638e-17,-0.0949416619017537,0.9848172907795135,-3.791320770012466e-17,0.1735940776112481,2.1238695077887968e-18,0
0.6489999999999839,0.41573074587218406,0.40777228850943237,1.9979478780928292e-17,-0.095170229105173,0.9848164064928451,-3.880083668030474e-17,0.1735990941869235,2.1999846658621797e-18,0
0.6494999999999839,0.4163731089861225,0.40837179276153224,2.0006860127244945e-17,-0.09540124880869721,0.9848155221806226,-3.968846518429492e-17,0.17360411075809437,2.2760997401152947e-18,0
0.6499999999999838,0.4170163109044983,0.4089712970136321,2.00342414735616e-17,-0.09563472101232633,0.9848146378428462,-4.057609321207258e-17,0.17360912732476055,2.3522147305437463e-18,0
0.6504999999999838,0.41766035162731147,0.409570801265732,2.0061622819878253e-17,-0.09587064571606034,0.9848137534795158,-4.1463720763615115e-17,0.17361414388692192,2.428329637143139e-18,4
0.6509999999999837,0.41830403296460666,0.41017191162146577,2.0088986200600754e-17,-0.09610110691336782,0.9848128967863005,-4.305060898683005e-17,0.17361900334749333,2.5612239061983945e-18,4
0.6514999999999836,0.4189473970186295,0.41077457164523273,2.0116211701648542e-17,-0.09632638275851883,0.9848120673466372,-4.443818161820804e-17,0.17362370808286567,2.677701638647673e-18,4
0.6519999999999836,0.4195904842183891,0.4113787271443082,2.0143309112164804e-17,-0.09654674035131561,0.984811264747654,-4.5731109620143324e-17,0.17362826044779592,2.787147581360573e-18,4
0.6524999999999835,0.42023333338689295,0.41198432607871904,2.01702743880124e-17,-0.09676243618128848,0.9848104885701003,-4.6985428547472945e-17,0.17363266283254986,2.8918203844625034e-18,4
0.6529999999999835,0.4208759817998754,0.4125913184825207,2.0197107068259253e-17,-0.09697371651569908,0.9848097383830312,-4.82160211510972e-17,0.1736369176930626,2.994786108062172e-18,4
0.6534999999999834,0.42151846523817843,0.41319965639358514,2.022379763379846e-17,-0.09718081774559352,0.9848090137420916,-4.930317925845285e-17,0.1736410275606847,3.0848156141069636e-18,0
0.6539999999999834,0.4221617874809188,0.4138079943046496,2.0250488199337667e-17,-0.09739037147559286,0.9848082890840006,-5.0390336872217076e-17,0.17364513742528265,3.1748450332196398e-18,0
0.6544999999999833,0.4228059485280966,0.41441633221571406,2.0277178764876875e-17,-0.0976023777056971,0.984807564408758,-5.147749399237131e-17,0.17364924728685638,3.2648743653965763e-18,0
0.6549999999999833,0.42345094837971176,0.4150246701267785,2.0303869330416082e-17,-0.09781683643590625,0.984806839716364,-5.256465061889697e-17,0.1736533571454058,3.3549036106341485e-18,0
0.6554999999999832,0.4240967870357643,0.415633008037843,2.033055989595529e-17,-0.09803374766622029,0.9848061150068184,-5.365180675177549e-17,0.17365746700093085,3.4449327689287327e-18,0
0.6559999999999832,0.4247434644962542,0.41624134594890744,2.0357250461494496e-17,-0.09825311139663924,0.9848053902801202,-5.473896239098825e-17,0.17366157685343128,3.5349618402767e-18,0
0.6564999999999831,0.42539098076118154,0.4168496838599719,2.0383941027033704e-17,-0.0984749276271631,0.9848046655362716,-5.582611753651677e-17,0.17366568670290738,3.624990824674435e-18,0
0.656999999999983,0.42603933583054626,0.41745802177103636,2.041063159257291e-17,-0.09869919635779187,0.9848039407752714,-5.691327218834245e-17,0.1736697965493589,3.715019722118309e-18,0
0.657499999999983,0.42668852970434834,0.4180663596821008,2.0437322158112118e-17,-0.09892591758852554,0.98480321599712,-5.800042634644672e-17,0.17367390639278577,3.805048532604697e-18,0
0.6579999999999829,0.4273385623825878,0.4186746975931653,2.0464012723651326e-17,-0.0991550913193641,0.984802491201817,-5.908758001081099e-17,0.1736780162331879,3.8950772561299755e-18,0
0.6584999999999829,0.42798943386526467,0.41928303550422974,2.0490703289190533e-17,-0.09938671755030758,0.9848017663893626,-6.017473318141669e-17,0.17368212607056524,3.9851058926905206e-18,0
0.6589999999999828,0.4286411441523789,0.4198913734152942,2.051739385472974e-17,-0.09962079628135595,0.9848010415597567,-6.126188585824525e-17,0.17368623590491772,4.075134442282708e-18,2
0.6594999999999828,0.4292932982927318,0.42050024073536657,2.0544091764625654e-17,-0.09985471821316157,0.984805392396467,-6.237966848141623e-17,0.1736615648519876,4.167255642566395e-18,4
0.6599999999999827,0.4299451214810329,0.42111067604567254,2.0570773481223818e-17,-0.10008336448814119,0.9848095035663009,-6.397961977246891e-17,0.17363824948868953,4.299342559284423e-18,4
0.6604999999999827,0.43059665484182263,0.42172262422116824,2.0597284834777583e-17,-0.10030700680122046,0.9848133855439339,-6.529136509600247e-17,0.17361623096212933,4.408512542294838e-18,4
0.6609999999999826,0.43124793786107063,0.4223360323332182,2.0623638261478494e-17,-0.10052590602188177,0.9848170483670261,-6.642397034000769e-17,0.17359545283693076,4.5031600351567645e-18,4
0.6614999999999825,0.43189900844652973,0.4229508495686946,2.0649829999084515e-17,-0.10074031259290067,0.9848205016806838,-6.759380557887035e-17,0.1735758608488137,4.600301238683842e-18,2
0.6619999999999825,0.4325506318143781,0.4235660502000163,2.0675980566169383e-17,-0.10095528202007427,0.9848196854572531,-6.869005530199818e-17,0.17358049180676277,4.692218696639308e-18,2
0.6624999999999824,0.43320281804804245,0.4241816207109389,2.0702091469181143e-17,-0.1011708809209461,0.9848147498552884,-6.962918530976484e-17,0.17360849192210134,4.771930404128556e-18,0
0.6629999999999824,0.43385584308614433,0.4247971912218615,2.0728202372192904e-17,-0.10138893232192284,0.9848098134572323,-7.056831248700666e-17,0.1736364918971006,4.851641618702431e-18,0
0.6634999999999823,0.43450970692868346,0.4254127617327841,2.0754313275204664e-17,-0.10160943622300447,0.9848048762630888,-7.150743683297839e-17,0.1736644917317379,4.9313523402176225e-18,0
0.6639999999999823,0.43516440957566005,0.4260283322437067,2.0780424178216425e-17,-0.10183239262419103,0.9847999382728619,-7.244655834693479e-17,0.17369249142599064,5.0110625685308175e-18,0
0.6644999999999822,0.435819951027074,0.42664390275462927,2.0806535081228185e-17,-0.10205780152548248,0.9847949994865557,-7.33856770281306e-17,0.17372049097983616,5.090772303498706e-18,0
0.6649999999999822,0.4364763312829253,0.42725947326555186,2.0832645984239946e-17,-0.10228566292687884,0.984790059904174,-7.432479287582059e-17,0.17374849039325183,5.170481544977978e-18,2
0.6654999999999821,0.4371331633269474,0.42787556254916936,2.0858728012949176e-17,-0.10251341995225154,0.9847900952540618,-7.51011133676612e-17,0.1737482900333023,5.235615448441552e-18,2
0.665999999999982,0.4377904609367744,0.4284921521373682,2.0884748185059193e-17,-0.10274116362543323,0.9847949284418324,-7.581859130154906e-17,0.1737208937210691,5.295389789873857e-18,2
0.666499999999982,0.4384482373656541,0.4291092242649439,2.0910706779016914e-17,-0.10296898150582613,0.9848043870705536,-7.636761157763974e-17,0.1736672657888984,5.340320520399686e-18,0
0.6669999999999819,0.43910685259897114,0.42972629639251964,2.0936665372974635e-17,-0.10319925188632394,0.9848138427789155,-7.691663518248387e-17,0.1736136373417312,5.385251862040693e-18,2
0.6674999999999819,0.43976597446695154,0.4303438137742713,2.0962627540693113e-17,-0.10342978024168527,0.9848183372852387,-7.763785346753331e-17,0.17358814057054242,5.444867753346089e-18,2
0.6679999999999818,0.44042561494453564,0.4309617603584909,2.0988542643009978e-17,-0.1036606456859989,0.9848180516564972,-7.819116816175662e-17,0.17358976102150037,5.492307582644674e-18,2
0.6684999999999818,0.44108578552513433,0.4315801207389326,2.1014406244027775e-17,-0.10389192415206262,0.9848131573716533,-7.876430764715192e-17,0.17361752523197668,5.5419726811115806e-18,4
0.6689999999999817,0.441745658919762,0.4322000038481494,2.1040062421141258e-17,-0.104118150041551,0.9848084997430425,-7.936428249780014e-17,0.17364394269268024,5.594050381947288e-18,4
0.6694999999999817,0.44240527494957943,0.43282135630820145,2.106553057383093e-17,-0.10433958643843382,0.9848040699145235,-7.984714496462192e-17,0.17366906425668172,5.6357475716460876e-18,4
0.6699999999999816,0.44306467184723985,0.4334441268704511,2.109082070273431e-17,-0.10455648593198535,0.9847998593135717,-8.026379894816798e-17,0.17369293910798642,5.671545700189312e-18,2
0.6704999999999816,0.4437245533343453,0.43406737223720376,2.1116010439661246e-17,-0.10477349775563771,0.9848002010033607,-8.061058015775219e-17,0.1736910017926706,5.7006321894729796e-18,2
0.6709999999999815,0.4443849318769735,0.4346910756984107,2.1141135712194573e-17,-0.10499070426824544,0.9848049346149131,-8.090339624225216e-17,0.17366416083382855,5.724315772311764e-18,0
0.6714999999999814,0.445046149224039,0.43531477915961764,2.11662609847279e-17,-0.10521036328095808,0.984809667494909,-8.119621322412345e-17,0.17363731974598107,5.747999519742078e-18,0
0.6719999999999814,0.44570820537554195,0.4359384826208246,2.1191386257261226e-17,-0.10543247479377561,0.9848143996433446,-8.148903110315313e-17,0.17361047852914813,5.771683431720232e-18,0
0.6724999999999813,0.44637110033148225,0.4365621860820315,2.1216511529794553e-17,-0.10565703880669805,0.9848191310602167,-8.17818498791283e-17,0.17358363718334965,5.795367508202537e-18,0
0.6729999999999813,0.44703483409185996,0.43718588954323845,2.124163680232788e-17,-0.1058840553197254,0.9848238617455216,-8.207466955183603e-17,0.1735567957086056,5.8190517491453025e-18,0
0.6734999999999812,0.447699406656675,0.4378095930044454,2.1266762074861207e-17,-0.10611352433285766,0.9848285916992559,-8.23674901210634e-17,0.17352995410493588,5.8427361545048385e-18,0
0.6739999999999812,0.4483648180259275,0.4384332964656523,2.1291887347394533e-17,-0.10634544584609482,0.9848333209214161,-8.266031158659751e-17,0.17350311237236046,5.866420724237455e-18,2
0.6744999999999811,0.44903074733671766,0.4390574300248307,2.1316997740538554e-17,-0.10657770003461413,0.9848332625844977,-8.274045773992734e-17,0.17350344350235458,5.873502614388053e-18,2
0.6749999999999811,0.44969720613039105,0.4396819782114811,2.1342057151223888e-17,-0.10681036314790071,0.9848285888963568,-8.281439721077933e-17,0.1735299700121321,5.88093183928463e-18,2
0.675499999999981,0.4503642054828049,0.4403069261790639,2.1367071314030678e-17,-0.10704350836012629,0.9848194629848227,-8.267595653380737e-17,0.17358175401316295,5.872551406577386e-18,2
0.675999999999981,0.45103175602156265,0.4409322596818977,2.1392035483985438e-17,-0.10727720588401314,0.9848060394083215,-8.254488148089483e-17,0.1736578957171153,5.866152288150482e-18,2
0.6764999999999809,0.45169972611964604,0.44155815515831043,2.141696103828106e-17,-0.10751058610758388,0.9847979993528072,-8.257833122715036e-17,0.1737034843366977,5.872004422506778e-18,2
0.6769999999999808,0.45236813085584576,0.442184592396064,2.1441803450361642e-17,-0.1077437486509411,0.9847951529456715,-8.25885748313577e-17,0.1737196210412414,5.874697031892885e-18,2
0.6774999999999808,0.453036984737804,0.4428115519485118,2.146656792395752e-17,-0.10797678936081506,0.9847973150789044,-8.258541158850287e-17,0.17370736372814516,5.875367403431386e-18,4
0.6779999999999807,0.4537055413807013,0.44344003430089857,2.1491222457534235e-17,-0.10820477714336794,0.9847993572561832,-8.22162486765375e-17,0.1736957856362947,5.846857200224583e-18,4
0.6784999999999807,0.4543738407794338,0.4440699858424025,2.1515688176614823e-17,-0.10842797623037607,0.9848012849447233,-8.158902822386993e-17,0.1736848559063888,5.7979723293520534e-18,4
0.6789999999999806,0.4550419213281973,0.4447013551078474,2.1539980209871096e-17,-0.10864664027836644,0.9848031033636803,-8.092073773748688e-17,0.17367454506998276,5.745442179057067e-18,2
0.6794999999999806,0.455710502921303,0.4453331771209671,2.1564208173531912e-17,-0.10886552536799621,0.9848092618207729,-8.031836158374297e-17,0.173639620570955,5.697095575976878e-18,0
0.6799999999999805,0.4563799233188461,0.44596499913408677,2.1588436137192728e-17,-0.10908686295773087,0.9848154190393229,-7.971598305983644e-17,0.17360469585354985,5.648748565639636e-18,0
0.6804999999999805,0.4570501825208265,0.44659682114720645,2.1612664100853544e-17,-0.10931065304757044,0.9848215750193225,-7.911360216651073e-17,0.17356977091781123,5.600401148186617e-18,0
0.6809999999999804,0.45772128052724437,0.4472286431603261,2.163689206451436e-17,-0.10953689563751491,0.9848277297607642,-7.851121890450919e-17,0.17353484576378309,5.552053323759096e-18,0
0.6814999999999803,0.45839321733809957,0.4478604651734458,2.1661120028175177e-17,-0.10976559072756428,0.9848338832636399,-7.790883327457523e-17,0.17349992039150933,5.503705092498352e-18,0
0.6819999999999803,0.4590659929533922,0.4484922871865655,2.1685347991835993e-17,-0.10999673831771856,0.9848400355279419,-7.730644527745228e-17,0.17346499480103386,5.4553564545456635e-18,2
0.6824999999999802,0.45973928783796225,0.44912453751789894,2.1709546107970615e-17,-0.1102282273550505,0.9848414209203379,-7.704150595036773e-17,0.17345712911151953,5.4353459068957476e-18,2
0.6829999999999802,0.46041311350701697,0.4497572007319838,2.1733693923517664e-17,-0.11046013391635781,0.9848382118951796,-7.676806633176785e-17,0.17347534807892903,5.4154011525417605e-18,2
0.6834999999999801,0.46108748101055474,0.4503902620169427,2.1757796999474748e-17,-0.11069253100497296,0.9848305718179683,-7.647926760912661e-17,0.17351871602998267,5.395965252223478e-18,2
0.6839999999999801,0.4617624009503769,0.4510237071616804,2.178185328327791e-17,-0.11092548866315287,0.9848186554725925,-7.619384141679537e-17,0.17358633538719387,5.3772902426898814e-18,0
0.68449999999998,0.4624381596946365,0.45165715230641806,2.1805909567081073e-17,-0.11116089882143768,0.9848067344844106,-7.59084178164876e-17,0.17365395392605368,5.3586157279960945e-18,0
0.68499999999998,0.4631147572433334,0.45229059745115574,2.1829965850884236e-17,-0.11139876147982739,0.9847948088534786,-7.562299680951317e-17,0.1737215716462433,5.33994170843279e-18,2
0.6854999999999799,0.4637917720133709,0.4529246077034047,2.185397775326979e-17,-0.11163629139168169,0.9847882992729307,-7.524897657065733e-17,0.17375846918964585,5.312272908566756e-18,2
0.6859999999999798,0.46446921922832307,0.45355916265685337,2.1877918538509617e-17,-0.11187358913363372,0.9847870132450128,-7.48775372981127e-17,0.1737657576853604,5.283324902021664e-18,2
0.6864999999999798,0.4651471135352403,0.45419424267798636,2.1901792482403866e-17,-0.11211075147343412,0.9847907631142709,-7.449431212378063e-17,0.1737445046175921,5.252096243611707e-18,2
0.6869999999999797,0.4658254690264913,0.45482982887680656,2.1925599201662336e-17,-0.11234787151425328,0.9847993660766455,-7.428467280487419e-17,0.1736957356270949,5.2338770636633415e-18,4
0.6874999999999797,0.46650351018262415,0.45546696079183174,2.1949285654572285e-17,-0.11257982568030049,0.9848075104718261,-7.36743263124255e-17,0.1736495531761728,5.1828130246633376e-18,4
0.6879999999999796,0.46718127785529845,0.45610558366379866,2.197278630001782e-17,-0.11280688386367747,0.9848152158306734,-7.287785872762133e-17,0.1736058486007442,5.1165076189824766e-18,2
0.6884999999999796,0.4678595718158797,0.45674462544591654,2.199621886251254e-17,-0.11303432986377236,0.9848182543449049,-7.222604479431619e-17,0.17358861111563362,5.063383744211497e-18,2
0.6889999999999795,0.46853840331784646,0.4573840710535551,2.201960891708801e-17,-0.11326223802823557,0.9848167954522944,-7.15812440069074e-17,0.17359688763072426,5.011774004757196e-18,2
0.6894999999999795,0.4692177831586259,0.45802390601339377,2.2042958748613306e-17,-0.1134906796917541,0.9848109996884351,-7.095748185681266e-17,0.17362976384441028,4.9629527601756925e-18,0
0.6899999999999794,0.46989800180384267,0.4586637409732324,2.2066308580138602e-17,-0.11372157385537753,0.9848052028270666,-7.033372209672429e-17,0.173662639864597,4.9141319453818144e-18,0
0.6904999999999794,0.4705790592534968,0.4593035759330711,2.2089658411663898e-17,-0.11395492051910586,0.9847994048681955,-6.970996472732292e-17,0.17369551569124778,4.865311560512396e-18,2
0.6909999999999793,0.47126056496288155,0.45994393439527265,2.2112931285768367e-17,-0.11418813949568571,0.9847986258698276,-6.959863091822675e-17,0.17369993231115516,4.857737610643947e-18,2
0.6914999999999792,0.47194253295537997,0.46058479756231135,2.2136141080621212e-17,-0.11442132343252383,0.98480268597117,-6.941567331887248e-17,0.1736769118333509,4.8434677359537365e-18,0
0.6919999999999792,0.47262533975231574,0.46122566072935006,2.2159350875474057e-17,-0.11465695986946685,0.9848067455343898,-6.923271523669701e-17,0.17365389126064493,4.829197780157323e-18,0
0.6924999999999791,0.47330898535368887,0.46186652389638877,2.2182560670326902e-17,-0.11489504880651477,0.9848108045594849,-6.904975667179849e-17,0.1736308705930498,4.8149277432729035e-18,2
0.6929999999999791,0.47399314535176007,0.46250782191304934,2.2205739756015763e-17,-0.11513344699937496,0.9848100192284798,-6.935698778424867e-17,0.1736353248253404,4.841141489585324e-18,4
0.693499999999979,0.47467699103824224,0.46315066561437535,2.2228769825626333e-17,-0.11536667947291233,0.9848092592813937,-7.013877180625034e-17,0.1736396349732187,4.904770065447721e-18,4
0.693999999999979,0.47536056325537207,0.46379500025373455,2.2251631819541106e-17,-0.11559501605697398,0.9848085243650386,-7.071942131531153e-17,0.17364380305082902,4.952154111511177e-18,0
0.6944999999999789,0.4760449742769393,0.46443933489309375,2.227449381345588e-17,-0.11582580514114052,0.9848077894310427,-7.130007055369695e-17,0.17364797112532887,4.99953810998309e-18,0
0.6949999999999789,0.47673022410294397,0.46508366953245295,2.2297355807370653e-17,-0.11605904672541197,0.984807054479406,-7.188071952139641e-17,0.17365213919671818,5.046922060861471e-18,0
0.6954999999999788,0.4774163127333859,0.46572800417181215,2.2320217801285426e-17,-0.11629474080978831,0.9848063195101284,-7.246136821839972e-17,0.17365630726499687,5.094305964144331e-18,0
0.6959999999999787,0.47810324016826533,0.46637233881117135,2.23430797952002e-17,-0.11653288739426956,0.98480558452321,-7.304201664469667e-17,0.17366047533016485,5.141689819829682e-18,0
0.6964999999999787,0.4787910064075821,0.46701667345053055,2.2365941789114973e-17,-0.11677348647885571,0.9848048495186508,-7.362266480027706e-17,0.17366464339222207,5.189073627915533e-18,2
0.6969999999999786,0.4794792185603954,0.4676615347372423,2.238881248804917e-17,-0.11701394237557584,0.9848091632182918,-7.38608766390306e-17,0.17364017980089713,5.207434262542444e-18,4
0.6974999999999786,0.4801671060271105,0.46830795561504285,2.2411602466031392e-17,-0.11724916401235357,0.9848132369294008,-7.384536454246823e-17,0.17361707395482723,5.2077815434471375e-18,4
0.6979999999999785,0.48085471016121234,0.4689558806520017,2.2434225904504677e-17,-0.11747942459666705,0.9848170811833485,-7.383865984380601e-17,0.17359526666793085,5.208552153307507e-18,2
0.6984999999999785,0.48154284775897155,0.4696042149804374,2.2456792926047292e-17,-0.11771012040527874,0.9848163668969888,-7.397664930402265e-17,0.17359931881149726,5.222221877952909e-18,2
0.6989999999999784,0.48223152981733625,0.4702529438595835,2.2479318018000278e-17,-0.11794132409103684,0.9848112579216075,-7.402936938811381e-17,0.1736282991648006,5.229230998841844e-18,0
0.6994999999999784,0.48292105068013835,0.47090167273872957,2.2501843109953264e-17,-0.11817498027689985,0.9848061480934165,-7.408208940535361e-17,0.17365727936774836,5.2362401147185545e-18,0
0.6999999999999783,0.48361141034737776,0.47155040161787565,2.252436820190625e-17,-0.11841108896286776,0.9848010374124203,-7.413480935569642e-17,0.1736862594203154,5.243249225576891e-18,0
0.7004999999999783,0.4843026088190546,0.4721991304970217,2.2546893293859235e-17,-0.11864965014894056,0.9847959258786234,-7.41875292390966e-17,0.17371523932247668,5.250258331410703e-18,2
0.7009999999999782,0.48499424871434327,0.47284839204194845,2.2569383579215364e-17,-0.11888803848410742,0.9847959217566995,-7.413721132464613e-17,0.17371526268976206,5.2474957177149994e-18,2
0.7014999999999781,0.4856863443855059,0.47349816701428693,2.259181339435723e-17,-0.11912634878855992,0.9848008406059474,-7.392325051267948e-17,0.17368737530926076,5.229731286704576e-18,2
0.7019999999999781,0.48637890963773833,0.4741484369089786,2.26141832046089e-17,-0.11936467226822066,0.9848105028648172,-7.371378286769402e-17,0.17363258175569002,5.211009133653213e-18,2
0.702499999999978,0.4870719784958754,0.4747991561177204,2.2636518348913396e-17,-0.11960323371283431,0.984815157981329,-7.337275669250129e-17,0.17360617676284,5.1820292872492106e-18,2
0.702999999999978,0.48776556318184366,0.47545030825773354,2.2658812471624888e-17,-0.11984211386823845,0.9848149908211614,-7.304049286552083e-17,0.1736071250090736,5.155130930638378e-18,2
0.7034999999999779,0.48845967542485347,0.4761018776066971,2.2681060920737306e-17,-0.12008139022507153,0.9848101764492994,-7.270553444161112e-17,0.17363443311135107,5.128958597197436e-18,4
0.7039999999999779,0.4891534823542808,0.476754980579024,2.270311906546909e-17,-0.12031556030914778,0.9848055963662309,-7.283279610562915e-17,0.17366040816994727,5.139581744635273e-18,2
0.7044999999999778,0.48984774546682974,0.4774085964328709,2.2725109010781784e-17,-0.12054965505304725,0.9848059328787793,-7.265849195739336e-17,0.1736584998402256,5.124524318867395e-18,0
0.7049999999999778,0.49054284738381604,0.47806221228671786,2.2747098956094477e-17,-0.12078620229705163,0.9848062693876297,-7.248418777384694e-17,0.17365659150985185,5.109466886901788e-18,0
0.7054999999999777,0.4912387881052397,0.4787158281405648,2.276908890140717e-17,-0.1210252020411609,0.9848066058927822,-7.230988355499055e-17,0.17365468317882604,5.0944094487385754e-18,0
0.7059999999999776,0.4919355676311008,0.4793694439944117,2.2791078846719862e-17,-0.12126665428537509,0.9848069423942369,-7.21355793008248e-17,0.17365277484714814,5.079352004377882e-18,2
0.7064999999999776,0.49263279867841375,0.4800235789784747,2.2813031338032542e-17,-0.12150800039145071,0.9848122551058088,-7.242160020432028e-17,0.17362264308957928,5.1013230254097886e-18,2
0.7069999999999775,0.49333053965136403,0.48067815480535525,2.2834951552615907e-17,-0.12174962621466152,0.9848126567937175,-7.2868036481254e-17,0.1736203646433786,5.1380319582907936e-18,2
0.7074999999999775,0.4940288025333631,0.4813331554119902,2.2856835324864522e-17,-0.12199161092506267,0.9848083266208103,-7.33386045272827e-17,0.17364492453947405,5.17835004902426e-18,4
0.7079999999999774,0.4947267445865514,0.48198971043924566,2.2878554914154954e-17,-0.12222838685921955,0.9848042066352284,-7.372073865604781e-17,0.17366828896939912,5.211438652421884e-18,4
0.7084999999999774,0.4954244070810377,0.4826477645669519,2.2900117005871362e-17,-0.12246022667377539,0.9848002890059314,-7.41455576074358e-17,0.17369050283142798,5.24757133014946e-18,2
0.7089999999999773,0.49612253567006737,0.4833063182904964,2.292162496394223e-17,-0.12269205662932368,0.9848011613328116,-7.46592452033001e-17,0.1736855567902695,5.289684427515409e-18,0
0.7094999999999773,0.4968215030635344,0.4839648720140409,2.2943132922013097e-17,-0.12292633908497688,0.984802033634851,-7.517293308289124e-17,0.17368061074472993,5.3317975751198714e-18,0
0.7099999999999772,0.49752130926143884,0.48462342573758543,2.2964640880083964e-17,-0.12316307404073498,0.9848029059120493,-7.568662124619658e-17,0.17367566469480938,5.3739107729603514e-18,0
0.7104999999999771,0.4982219542637807,0.48528197946112994,2.2986148838154832e-17,-0.12340226149659798,0.9848037781644067,-7.620030969320336e-17,0.173670718640508,5.416024021034352e-18,0
0.7109999999999771,0.4989234380705599,0.48594053318467445,2.30076567962257e-17,-0.12364390145256589,0.9848046503919231,-7.671399842389888e-17,0.17366577258182592,5.458137319339377e-18,0
0.711499999999977,0.4996257606817765,0.48659908690821896,2.3029164754296567e-17,-0.1238879939086387,0.9848055225945985,-7.722768743827045e-17,0.17366082651876322,5.500250667872929e-18,0
0.711999999999977,0.5003289220974304,0.48725764063176347,2.3050672712367434e-17,-0.12413453886481642,0.9848063947724329,-7.774137673630537e-17,0.17365588045132005,5.542364066632511e-18,0
0.7124999999999769,0.5010329223175218,0.487916194355308,2.3072180670438302e-17,-0.12438353632109904,0.9848072669254263,-7.825506631799092e-17,0.17365093437949655,5.584477515615627e-18,4
0.7129999999999769,0.5017365551723935,0.48857636487881023,2.3093619583354175e-17,-0.12462701755196015,0.9848080792926129,-7.957385836580752e-17,0.17364632722863607,5.6931634502860735e-18,4
0.7134999999999768,0.5024398639021816,0.4892380942413941,2.3114875186882703e-17,-0.12486526822929851,0.984808835013089,-8.06735944754699e-17,0.17364204122320867,5.783592295816705e-18,4
0.7139999999999768,0.50314289001977,0.48990132679746395,2.3135940721251115e-17,-0.12509856261368368,0.9848095370750808,-8.160016051714716e-17,0.17363805943964294,5.859778725232074e-18,2
0.7144999999999767,0.5038464580490187,0.490564957320956,2.3156930556074213e-17,-0.12533234803526022,0.9848058054697664,-8.243847050109757e-17,0.173659222366808,5.930419065288623e-18,0
0.7149999999999767,0.504550864882705,0.49122858784444806,2.317792039089731e-17,-0.12556858595694168,0.9848020734096742,-8.327677856145467e-17,0.1736803852137782,6.001059070116036e-18,0
0.7154999999999766,0.5052561105208286,0.4918922183679401,2.319891022572041e-17,-0.12580727637872804,0.984798340894806,-8.411508469783849e-17,0.1737015479805438,6.071698739641173e-18,0
0.7159999999999765,0.5059621949633896,0.49255584889143217,2.3219900060543507e-17,-0.1260484193006193,0.9847946079251635,-8.495338890986903e-17,0.173722710667095,6.142338073790895e-18,0
0.7164999999999765,0.506669118210388,0.4932194794149242,2.3240889895366605e-17,-0.12629201472261548,0.9847908745007483,-8.579169119716634e-17,0.17374387327342203,6.212977072492061e-18,2
0.7169999999999764,0.507376481600401,0.49388364432076265,2.3261872802385687e-17,-0.12653542883326468,0.9847922657425837,-8.644466173266478e-17,0.1737359874452843,6.267329540558785e-18,2
0.7174999999999764,0.5080842996157561,0.4945483241962337,2.3282791460527093e-17,-0.12677875731205182,0.9847985948806582,-8.696234540149885e-17,0.17370010800538002,6.309073970506766e-18,0
0.7179999999999763,0.5087929564355484,0.4952130040717047,2.33037101186685e-17,-0.12702453829094387,0.9848049227115189,-8.748003119257608e-17,0.17366422833490758,6.350818786764503e-18,0
0.7184999999999763,0.5095024520597783,0.49587768394717574,2.3324628776809904e-17,-0.12727277176994084,0.9848112492351572,-8.799771910522368e-17,0.17362834843391461,6.392563989195059e-18,2
0.7189999999999762,0.5102124455578388,0.49654282082020684,2.3345528792504365e-17,-0.12752120534415815,0.9848124843626268,-8.853501597196563e-17,0.173621342707372,6.436870651241555e-18,2
0.7194999999999762,0.510922949444487,0.49720839791549787,2.3366379678721303e-17,-0.1277699216940546,0.9848088156417633,-8.901582609405608e-17,0.17364215108742234,6.478132969399833e-18,4
0.7199999999999761,0.5116330983501974,0.49787557521034026,2.3386997167624262e-17,-0.1280132036369892,0.9848053221431344,-9.016605418460471e-17,0.17366196324629252,6.574351048678062e-18,4
0.720499999999976,0.5123429350769712,0.498544295331152,2.3407413483144307e-17,-0.12825133395026264,0.9848019974750001,-9.124641902760408e-17,0.173680815777821,6.666195768512327e-18,2
0.720999999999976,0.5130532291029403,0.49921352683745235,2.3427771034613594e-17,-0.1284893962968529,0.9848035756523746,-9.260056551373858e-17,0.17367186698569545,6.779013438298231e-18,2
0.7214999999999759,0.513763994231499,0.49988325122659744,2.3448057470022296e-17,-0.12872748187078126,0.984809878597232,-9.388552589495895e-17,0.17363612244376056,6.885517951685822e-18,0
0.7219999999999759,0.5144755981644952,0.5005529756157425,2.3468343905430997e-17,-0.1289680199448145,0.9848161802447015,-9.517049136956166e-17,0.17360037767307754,6.992023375846274e-18,2
0.7224999999999758,0.5151877177374681,0.501223133187967,2.3488595026229062e-17,-0.1292088754885517,0.9848176566367036,-9.677318996049008e-17,0.17359200205248868,7.12570431894336e-18,0
0.7229999999999758,0.5159006761148783,0.5018932907601914,2.3508846147027127e-17,-0.12945218353239382,0.9848191329574731,-9.837589002575256e-17,0.17358362641934377,7.25938552263702e-18,2
0.7234999999999757,0.516614156925576,0.5025638724094592,2.3529105464365882e-17,-0.12969585392687955,0.9848158864255291,-9.983772237626634e-17,0.17360204446923713,7.382211389765189e-18,0
0.7239999999999757,0.517328476540711,0.503234454058727,2.3549364781704637e-17,-0.12994197682147018,0.9848126395491313,-1.0129955179757689e-16,0.17362046245841067,7.505036744110839e-18,0
0.7244999999999756,0.5180436349602834,0.5039050357079948,2.3569624099043393e-17,-0.1301905522161657,0.984809392328281,-1.0276137828918243e-16,0.17363888038685793,7.627861585576881e-18,0
0.7249999999999756,0.5187596321842932,0.5045756173572626,2.3589883416382148e-17,-0.13044158011096615,0.9848061447629793,-1.0422320185058123e-16,0.17365729825457246,7.750685914066227e-18,2
0.7254999999999755,0.5194760559422646,0.5052467516310173,2.3610143763896532e-17,-0.13069233678434142,0.9848081948348723,-1.0575440421977429e-16,0.1736456719474463,7.877801689929339e-18,4
0.7259999999999754,0.5201921181546653,0.5059194949038305,2.3630411781506992e-17,-0.13093761568060475,0.9848101232456193,-1.0696103267047744e-16,0.17363473486876957,7.978948947072156e-18,4
0.7264999999999754,0.5209078620058806,0.5065937892895562,2.365045053348515e-17,-0.13117770210333132,0.9848119356736781,-1.0807159052347308e-16,0.17362445494417916,8.071456522468675e-18,2
0.7269999999999753,0.5216241355618133,0.5072684980053985,2.3670441645041886e-17,-0.13141819891640175,0.9848091326272892,-1.090930201237572e-16,0.17364035329924338,8.15753311286176e-18,0
0.7274999999999753,0.5223412479221833,0.5079432067212408,2.3690432756598622e-17,-0.13166114822957709,0.9848063293242446,-1.1011444796265777e-16,0.17365625160905435,8.243609395576823e-18,0
0.7279999999999752,0.5230591990869907,0.5086179154370831,2.3710423868155357e-17,-0.1319065500428573,0.9848035257645449,-1.1113587403991353e-16,0.17367214987360793,8.329685370563453e-18,0
0.7284999999999752,0.5237779890562355,0.5092926241529254,2.3730414979712092e-17,-0.13215440435624246,0.9848007219481908,-1.1215729835526317e-16,0.1736880480929,8.415761037771243e-18,2
0.7289999999999751,0.5244972166736767,0.509967870595272,2.3750404783954675e-17,-0.13240206087592135,0.984803073664735,-1.12618544940474e-16,0.1736747134746159,8.455471693162805e-18,2
0.7294999999999751,0.5252168965821389,0.5106436351362724,2.3770304774018353e-17,-0.13264961634172523,0.9848103916845246,-1.129817353418488e-16,0.17363321234767423,8.486305624083565e-18,2
0.729999999999975,0.5259370777620689,0.5113198521204988,2.3790187638005565e-17,-0.13289739434970574,0.9848126686077919,-1.1312780373403104e-16,0.17362029763135026,8.501234723139872e-18,2
0.730499999999975,0.5266577726293259,0.5119965049052176,2.3810012824353895e-17,-0.1331454769269405,0.9848100910142791,-1.1303947338622695e-16,0.1736349176762741,8.49885380339853e-18,4
0.7309999999999749,0.5273781345388563,0.5126747283686599,2.3829582921290968e-17,-0.1333882705965835,0.9848076315772609,-1.134857265885761e-16,0.17364886635732757,8.539414836450876e-18,0
0.7314999999999748,0.5280993352528242,0.5133529518321022,2.384915301822804e-17,-0.13363351676633142,0.984805171942676,-1.139319791665374e-16,0.17366281500354458,8.579975761707648e-18,2
0.7319999999999748,0.5288209829668247,0.5140317004864585,2.3868722984983934e-17,-0.1338786269265646,0.984807747094335,-1.1419555517718915e-16,0.17364821122884963,8.605126953261148e-18,0
0.7324999999999747,0.5295434694852627,0.5147104491408149,2.3888292951739827e-17,-0.1341261895869027,0.9848103220294333,-1.1445913156036578e-16,0.17363360741596917,8.630278213036452e-18,0
0.7329999999999747,0.5302667948081379,0.5153891977951712,2.390786291849572e-17,-0.13437620474734568,0.9848128967479701,-1.1472270831601037e-16,0.1736190035649064,8.655429541022133e-18,2
0.7334999999999746,0.5309906296094361,0.51606838789181,2.3927407739066654e-17,-0.13462649667034032,0.9848105541361749,-1.1498935886302448e-16,0.17363229095418575,8.680766904726615e-18,2
0.7339999999999746,0.5317149859853244,0.5167480032165257,2.3946891136845624e-17,-0.1348771452708768,0.9848034736868719,-1.1521402418802238e-16,0.17367244517847252,8.704041453905116e-18,2
0.7344999999999745,0.5324397638839861,0.5174281778829333,2.396633251335214e-17,-0.13512748954288484,0.9848017550313336,-1.1540232153978856e-16,0.17368219047215014,8.723514589412468e-18,4
0.7349999999999745,0.5331641968136043,0.5181099393285329,2.398564781346962e-17,-0.13537246555288593,0.98480011496858,-1.156637771681425e-16,0.17369148959540473,8.750087854762909e-18,2
0.7354999999999744,0.5338890810095778,0.5187922202462907,2.4004878488197226e-17,-0.13561733373941745,0.9848034555181083,-1.159087537207531e-16,0.17367254820377406,8.773592415897441e-18,2
0.7359999999999743,0.5346144305972519,0.5194750017020063,2.4024020599085125e-17,-0.13586218742351439,0.9848115936748726,-1.1606081171576777e-16,0.173626394777858,8.788841597513403e-18,2
0.7364999999999743,0.5353402877577705,0.5201582271543207,2.404313957016149e-17,-0.13610730528069828,0.9848147847558324,-1.1648200704071902e-16,0.1736082939445076,8.82640014820608e-18,2
0.7369999999999742,0.5360666646734524,0.5208418802735474,2.406220269330416e-17,-0.13635276779513106,0.9848132122587624,-1.169400524004982e-16,0.17361721389475426,8.868834922419089e-18,0
0.7374999999999742,0.5367938803935718,0.5215255333927741,2.408126581644683e-17,-0.13660068280966875,0.9848116396809001,-1.1739809735809378e-16,0.17362613383075767,8.911269626693012e-18,0
0.7379999999999741,0.5375219349181286,0.5222091865120008,2.41003289395895e-17,-0.13685105032431133,0.9848100670222456,-1.1785614191346871e-16,0.1736350537525171,8.953704261020812e-18,0
0.7384999999999741,0.5382508282471227,0.5228928396312275,2.4119392062732172e-17,-0.13710387033905883,0.9848084942827989,-1.1831418606658607e-16,0.1736439736600318,8.996138825395454e-18,0
0.738999999999974,0.5389805603805542,0.5235764927504541,2.4138455185874843e-17,-0.13735914285391124,0.9848069214625603,-1.187722298174089e-16,0.17365289355330105,9.0385733198099e-18,4
0.739499999999974,0.5397099166707131,0.5242617740339732,2.415741416320748e-17,-0.1376088431319209,0.9848054160889932,-1.1881166802642229e-16,0.17366143049561922,9.046691600283312e-18,2
0.7399999999999739,0.5404397148506578,0.5249475873583942,2.4176261032130248e-17,-0.13785837363886635,0.9848090111184247,-1.1862132370682828e-16,0.17364104244086548,9.034108046812867e-18,4
0.7404999999999738,0.5411691831512885,0.5256349672351062,2.4194955545753763e-17,-0.13810263557617639,0.9848124037454101,-1.1904099542455621e-16,0.17362179998256896,9.072120137159476e-18,2
0.7409999999999738,0.5418991741723401,0.5263227708039757,2.4213641125770342e-17,-0.13834726176111733,0.9848110766430764,-1.1941509584082936e-16,0.17362932736466094,9.10758933956257e-18,0
0.7414999999999737,0.5426300039978291,0.5270105743728453,2.423232670578692e-17,-0.13859434044616317,0.9848097494832074,-1.1978919598714917e-16,0.173636854736609,9.143058495068863e-18,0
0.7419999999999737,0.5433616726277556,0.5276983779417148,2.42510122858035e-17,-0.13884387163131393,0.9848084222658032,-1.2016329586349416e-16,0.17364438209841274,9.178527603674272e-18,0
0.7424999999999736,0.5440941800621194,0.5283861815105844,2.426969786582008e-17,-0.13909585531656957,0.9848070949908638,-1.205373954698428e-16,0.1736519094500717,9.213996665374715e-18,0
0.7429999999999736,0.5448275263009206,0.5290739850794539,2.4288383445836658e-17,-0.13935029150193012,0.9848057676583893,-1.209114948061736e-16,0.17365943679158546,9.249465680166111e-18,0
0.7434999999999735,0.5455617113441591,0.5297617886483235,2.4307069025853237e-17,-0.1396071801873956,0.9848044402683799,-1.2128559387246508e-16,0.17366696412295357,9.284934648044377e-18,2
0.7439999999999735,0.5462963221406575,0.5304501458881651,2.4325694765696682e-17,-0.1398637924936219,0.9848084207262808,-1.2180374508592622e-16,0.17364439082967412,9.330712040000942e-18,4
0.7444999999999734,0.5470305539563561,0.5311401354979711,2.4344232128515385e-17,-0.14011481183450084,0.9848121784101288,-1.2235485836380407e-16,0.1736230781177912,9.380142031499332e-18,2
0.7449999999999734,0.5477652947302332,0.5318305672474166,2.436270978055769e-17,-0.14036610450086576,0.9848110108277872,-1.2275219375729913e-16,0.17362970066308334,9.418040347120511e-18,4
0.7454999999999733,0.5484996993219109,0.5325225739978031,2.4380894281093354e-17,-0.14061208695671584,0.9848098876112316,-1.2380738237119954e-16,0.17363607131916287,9.509236183269342e-18,2
0.7459999999999732,0.549234636520719,0.5332149911877908,2.439903479048551e-17,-0.14085849897810118,0.9848041915316116,-1.2497534293055978e-16,0.1736683746160164,9.611067479780625e-18,0
0.7464999999999732,0.5499704125239645,0.5339074083777785,2.4417175299877663e-17,-0.1411073634995914,0.9847984943923931,-1.2614329953868498e-16,0.17370067772601172,9.712898092870996e-18,2
0.7469999999999731,0.5507066249433998,0.5346003649457034,2.4435318854510836e-17,-0.14135602208795484,0.9847979685739693,-1.2714560414549917e-16,0.17370365883476174,9.800363503611204e-18,0
0.7474999999999731,0.5514436761672726,0.5352933215136283,2.445346240914401e-17,-0.14160713317642318,0.9847974427465213,-1.2814790843783133e-16,0.17370663994192004,9.887828858997176e-18,0
0.747999999999973,0.5521815661955828,0.5359862780815532,2.4471605963777182e-17,-0.1418606967649964,0.9847969169100491,-1.2915021241567245e-16,0.17370962104748658,9.975294159027163e-18,0
0.748499999999973,0.5529202950283303,0.5366792346494781,2.4489749518410355e-17,-0.14211671285367455,0.9847963910645527,-1.3015251607901348e-16,0.17371260215146134,1.0062759403699413e-17,2
0.7489999999999729,0.5536594564765016,0.5373727356900451,2.4507890335329885e-17,-0.14237249789894274,0.9848010858425152,-1.3185738183502806e-16,0.17368598482146544,1.0205925736897966e-17,2
0.7494999999999729,0.5543990654912575,0.5380667611620966,2.452593089344438e-17,-0.1426281506776982,0.9848108069407294,-1.334252118053555e-16,0.1736308570869494,1.0337005822656944e-17,2
0.7499999999999728,0.5551391608114309,0.5387612591384905,2.4543979694458824e-17,-0.14288392712336212,0.9848152626291369,-1.345590792593892e-16,0.17360558312653276,1.043366040063095e-17,2
0.7504999999999727,0.5558797555318642,0.5394562120663554,2.456195566625619e-17,-0.14313991374880988,0.9848146508283134,-1.3543060679754412e-16,0.17360905366341417,1.0510417778407839e-17,2
0.7509999999999727,0.5566208622200103,0.5401516030997549,2.457986188789096e-17,-0.14339619358264552,0.9848091588951818,-1.360388187384938e-16,0.17364020431963206,1.056775797647151e-17,4
0.7514999999999726,0.5573616029883057,0.5408486089956793,2.4597465753109296e-17,-0.14364696674008884,0.984803936171076,-1.3721980737955004e-16,0.17366982265769243,1.0671863096946282e-17,2
0.7519999999999726,0.55810277884348,0.5415461560514049,2.461494149849051e-17,-0.14389752518212898,0.9848039012747926,-1.3834580498826797e-16,0.17367002053880118,1.0769781648815182e-17,2
0.7524999999999725,0.558844404614627,0.5422442243893976,2.4632309411184106e-17,-0.14414796687921172,0.9848088636690864,-1.3922329341162694e-16,0.17364187870096834,1.0845358725346481e-17,0
0.7529999999999725,0.5595868691902113,0.5429422927273903,2.4649677323877703e-17,-0.14440086107639938,0.9848138252591968,-1.401007844874757e-16,0.17361373672134156,1.0920936280755143e-17,2
0.7534999999999724,0.5603298393625785,0.5436408077107772,2.4667040637957908e-17,-0.14465400639155004,0.9848138115178409,-1.4062249534719699e-16,0.17361381466836603,1.0968456228037686e-17,2
0.7539999999999724,0.5610733274557792,0.5443397528198881,2.468433291608079e-17,-0.14490748424519875,0.9848090064673277,-1.4114610297340359e-16,0.1736410688196598,1.1017837132835176e-17,0
0.7544999999999723,0.5618176543534175,0.5450386979289991,2.4701625194203672e-17,-0.14516341459895238,0.9848042006625718,-1.4166970923599228e-16,0.1736683228379658,1.1067217807822126e-17,0
0.7549999999999722,0.562562820055493,0.54573764303811,2.4718917472326555e-17,-0.1454217974528109,0.9847993941035766,-1.421933141345682e-16,0.17369557672326316,1.1116598252925972e-17,2
0.7554999999999722,0.5633084038960553,0.5464371520253513,2.4736175422383718e-17,-0.1456798536193867,0.9847999938495458,-1.424421331192022e-16,0.1736921763175682,1.1142140821609417e-17,2
0.7559999999999721,0.5640544214157426,0.5471372040594055,2.4753326665864513e-17,-0.14593768577003985,0.9848057999224586,-1.4252696900270982e-16,0.17365925382508382,1.1152587352461447e-17,4
0.7564999999999721,0.5648000684774874,0.5478388770390316,2.4770325095670656e-17,-0.14618998126277405,0.9848112894422872,-1.4299141013110237e-16,0.17362812038093972,1.1193599077418241e-17,2
0.756999999999972,0.5655462224151336,0.5485409949494681,2.478727555836934e-17,-0.14644253632414403,0.9848118221883829,-1.435362997111115e-16,0.17362509864070771,1.1243056351599598e-17,2
0.757499999999972,0.5662928955140653,0.5492435413228756,2.4804152179965326e-17,-0.14669543211922673,0.9848075818868863,-1.4402248245513237e-16,0.1736491481640564,1.1289176921603467e-17,0
0.7579999999999719,0.5670404074174341,0.5499460876962831,2.4821028801561312e-17,-0.14695078041441434,0.9848033409980901,-1.4450866408893571e-16,0.17367319758384775,1.1335297304257171e-17,2
0.7584999999999719,0.5677883486076236,0.5506491830041309,2.4837863334191333e-17,-0.14720587567531707,0.9848043626599875,-1.442980055380838e-16,0.17366740421234617,1.13233792639245e-17,0
0.7589999999999718,0.5685371286022505,0.5513522783119787,2.4854697866821354e-17,-0.1474634234363247,0.9848053842878038,-1.440873468153887e-16,0.17366161083483447,1.1311461193776536e-17,0
0.7594999999999718,0.5692867474013147,0.5520553736198266,2.4871532399451375e-17,-0.14772342369743724,0.9848064058815391,-1.4387668792085745e-16,0.1736558174513129,1.1299543093814671e-17,2
0.7599999999999717,0.5700367982559088,0.5527590141508216,2.4888310791068294e-17,-0.14798318921612355,0.9848126537115964,-1.4404638594116113e-16,0.17362038212583739,1.1316177215826713e-17,2
0.7604999999999716,0.5707873396057677,0.5534631215699135,2.4905042080861675e-17,-0.1482431060825197,0.984813700289923,-1.4436167524575005e-16,0.1736144456007859,1.1346175332397531e-17,4
0.7609999999999716,0.5715375009496655,0.5541688627331383,2.4921492924596542e-17,-0.1484974232107009,0.9848146738715785,-1.4550994608463893e-16,0.17360892294814542,1.1442947914407699e-17,2
0.7614999999999715,0.5722881780136978,0.5548750369719958,2.4937847674059084e-17,-0.14875205833815833,0.9848108235974447,-1.467695502582117e-16,0.17363076261227814,1.1550565709243828e-17,2
0.7619999999999715,0.5730393827427842,0.5555816282750191,2.4954132781570236e-17,-0.14900709038064494,0.9848023259665836,-1.4786041453490782e-16,0.17367895316015008,1.1646598739857726e-17,2
0.7624999999999714,0.5737910079884805,0.5562887802684375,2.4970407474244212e-17,-0.14926181144724604,0.9847992027281495,-1.492620461117181e-16,0.17369666175836446,1.1766767029115866e-17,2
0.7629999999999714,0.574543069196228,0.5569964722485399,2.49865740319314e-17,-0.1495163235803896,0.9848012568930039,-1.5042030438400988e-16,0.17368501496087202,1.1865408577767553e-17,2
0.7634999999999713,0.5752955812219955,0.5577046843017673,2.5002636494884368e-17,-0.14977072492807642,0.9848082965985537,-1.5150944705101727e-16,0.1736450948073507,1.1955940836696882e-17,0
0.7639999999999713,0.5760489320522004,0.5584128963549948,2.5018698957837335e-17,-0.15002757877586814,0.9848153346858901,-1.5259859455171092e-16,0.1736051743684999,1.2046473972171174e-17,2
0.7644999999999712,0.5768027793983829,0.5591215672259051,2.5034737251105054e-17,-0.15028462374803653,0.9848172616672359,-1.530673230488224e-16,0.17359424276814545,1.2087615636419217e-17,2
0.7649999999999711,0.5775571359923253,0.5598306798482883,2.5050698999959017e-17,-0.1505419439588491,0.9848142686361255,-1.534797176909148e-16,0.17361122167271315,1.2125897347807283e-17,0
0.7654999999999711,0.5783123313907049,0.5605397924706714,2.506666074881298e-17,-0.15080171666976658,0.9848112753122875,-1.5389211165060231e-16,0.1736282005256764,1.21641789433334e-17,0
0.765999999999971,0.579068365593522,0.5612489050930546,2.5082622497666942e-17,-0.15106394188078895,0.9848082816957229,-1.5430450492776424e-16,0.17364517932703016,1.2202460422975211e-17,0
0.766499999999971,0.5798252386007765,0.5619580177154377,2.5098584246520905e-17,-0.15132861959191624,0.9848052877864324,-1.5471689752228e-16,0.17366215807676938,1.224074178671036e-17,2
0.7669999999999709,0.5805825241823643,0.5626677016743739,2.5114501170175306e-17,-0.15159293385541678,0.9848077710223758,-1.5572104571378336e-16,0.1736480755261592,1.2325892262951278e-17,4
0.7674999999999709,0.5813394054237434,0.5633790519960805,2.513033146250177e-17,-0.15185148761315095,0.9848101097472679,-1.5603934708690905e-16,0.17363481142781576,1.2353201572531845e-17,4
0.7679999999999708,0.5820959277690526,0.5640920077653446,2.5145847884219494e-17,-0.15210458109806438,0.9848123106080556,-1.5605244539459214e-16,0.17362232827266633,1.2356279263214256e-17,2
0.7684999999999708,0.5828529683554492,0.564805393231051,2.5161293863349544e-17,-0.15235800923727777,0.9848097248843973,-1.563352937235923e-16,0.1736369942527122,1.2382343779214336e-17,0
0.7689999999999707,0.5836108477462832,0.5655187786967573,2.5176739842479593e-17,-0.15261388987659608,0.984807138942331,-1.566181416462353e-16,0.1736516601942494,1.2408408226934449e-17,0
0.7694999999999707,0.5843695659415548,0.5662321641624636,2.5192185821609643e-17,-0.1528722230160193,0.9848045527818572,-1.569009891624594e-16,0.17366632609727467,1.2434472606363276e-17,0
0.7699999999999706,0.5851291229412635,0.5669455496281699,2.5207631800739693e-17,-0.1531330086555474,0.9848019664029763,-1.5718383627220276e-16,0.17368099196178474,1.2460536917489503e-17,0
0.7704999999999705,0.5858895187454097,0.5676589350938762,2.5223077779869743e-17,-0.15339624679518044,0.9847993798056892,-1.5746668297540372e-16,0.17369565778777638,1.2486601160301817e-17,2
0.7709999999999705,0.5866503339557462,0.5683728827384306,2.5238505359408137e-17,-0.1536591666227872,0.9848021833499809,-1.572982385339544e-16,0.17367976182937633,1.2474934888265058e-17,2
0.7714999999999704,0.58741158414283,0.5690873716904107,2.5253820993351796e-17,-0.15392187100739266,0.9848101756204383,-1.5687556702638106e-16,0.17363443781243337,1.2440244639454549e-17,2
0.7719999999999704,0.5881733190790828,0.5698023352327934,2.526909254518228e-17,-0.15418468877733654,0.9848128798345898,-1.5600288333637789e-16,0.17361909950204174,1.237010625824348e-17,2
0.7724999999999703,0.588935552002208,0.5705177556212103,2.5284279902234722e-17,-0.1544477073893265,0.9848104951340667,-1.5511728096221823e-16,0.17363262560300266,1.2300859015596807e-17,4
0.7729999999999703,0.5896973991528726,0.5712348174834164,2.5299151664282733e-17,-0.15470508816592765,0.984808217690773,-1.5482380621312413e-16,0.1736455423232089,1.2279183744898412e-17,4
0.7734999999999702,0.5904589052603295,0.5719534608624607,2.5313733371568474e-17,-0.15495712661709693,0.9848060438902949,-1.5440621845950258e-16,0.17365787030003765,1.224790837867507e-17,0
0.7739999999999702,0.591221250172224,0.5726721042415049,2.5328315078854214e-17,-0.15521161756837112,0.9848038699354934,-1.539886313273847e-16,0.17367019824965346,1.221663312439328e-17,0
0.7744999999999701,0.5919844338885557,0.5733907476205492,2.5342896786139954e-17,-0.1554685610197502,0.9848016958263688,-1.5357104481683452e-16,0.17368252617205437,1.2185357982066026e-17,0
0.77499999999997,0.5927484564093249,0.5741093909995935,2.5357478493425695e-17,-0.1557279569712342,0.9847995215629214,-1.5315345892791604e-16,0.17369485406723847,1.215408295170629e-17,0
0.77549999999997,0.5935133177345315,0.5748280343786377,2.5372060200711435e-17,-0.1559898054228231,0.9847973471451515,-1.527358736606933e-16,0.17370718193520382,1.2122808033327057e-17,0
0.7759999999999699,0.5942790178641755,0.575546677757682,2.5386641907997175e-17,-0.1562541063745169,0.9847951725730596,-1.5231828901523029e-16,0.17371950977594847,1.2091533226941311e-17,0
0.7764999999999699,0.5950455567982569,0.5762653211367262,2.5401223615282916e-17,-0.15652085982631558,0.984792997846646,-1.5190070499159102e-16,0.1737318375894705,1.2060258532562036e-17,2
0.7769999999999698,0.5958125101026309,0.5769845334449448,2.5415723822920498e-17,-0.15678726169573978,0.9847962788254638,-1.515490732717633e-16,0.17371323844634795,1.2032279838162365e-17,2
0.7774999999999698,0.596579893582733,0.5777042934960752,2.543011710706503e-17,-0.15705341640356837,0.9848048108045265,-1.5119819349589378e-16,0.17366486292931918,1.2001822570019628e-17,0
0.7779999999999697,0.5973481158672724,0.5784240535472056,2.544451039120956e-17,-0.15732202361150188,0.9848133404072696,-1.508473119895771e-16,0.17361648699323964,1.197136503209926e-17,2
0.7784999999999697,0.5981168115812828,0.5791443033621324,2.5458853401706837e-17,-0.1575906694196341,0.9848164133928653,-1.5082770967980633e-16,0.17359905504354475,1.1970252244893698e-17,2
0.7789999999999696,0.5988859944465807,0.5798650245475622,2.5473114028456607e-17,-0.15785944448303155,0.984814236370293,-1.5054786874345967e-16,0.17361140470140562,1.1950270702036034e-17,4
0.7794999999999696,0.5996547559126428,0.5805874349623916,2.5487054627255552e-17,-0.1581223463378568,0.9848121530638223,-1.502910402704672e-16,0.17362322188519932,1.193069505740687e-17,4
0.7799999999999695,0.6004231422357658,0.5813114726027575,2.5500699528239034e-17,-0.15837968058268811,0.9848101604694902,-1.500902166345925e-16,0.1736345237447192,1.1916705838914424e-17,4
0.7804999999999694,0.601191197823266,0.5820370779432462,2.5514065067958264e-17,-0.15863174060056298,0.9848082556630812,-1.4993706914082078e-16,0.17364532696804072,1.1905454595648966e-17,0
0.7809999999999694,0.6019600922152037,0.5827626832837349,2.5527430607677495e-17,-0.15888625311854276,0.9848063507381624,-1.4978392185140754e-16,0.17365613017046613,1.1894203390165562e-17,0
0.7814999999999693,0.6027298254115787,0.5834882886242236,2.5540796147396726e-17,-0.15914321813662743,0.984804445694734,-1.4963077476637074e-16,0.17366693335199412,1.1882952222468007e-17,0
0.7819999999999693,0.6035003974123913,0.5842138939647123,2.5554161687115957e-17,-0.15940263565481702,0.9848025405327964,-1.494776278857284e-16,0.17367773651262342,1.1871701092560092e-17,0
0.7824999999999692,0.6042718082176411,0.5849394993052011,2.5567527226835187e-17,-0.1596645056731115,0.9848006352523496,-1.4932448120949849e-16,0.17368853965235267,1.1860450000445613e-17,0
0.7829999999999692,0.6050440578273284,0.5856651046456898,2.5580892766554418e-17,-0.15992882819151089,0.984798729853394,-1.4917133473769901e-16,0.17369934277118063,1.1849198946128363e-17,0
0.7834999999999691,0.605817146241453,0.5863907099861785,2.559425830627365e-17,-0.16019560321001516,0.9847968243359297,-1.4901818847034798e-16,0.17371014586910596,1.1837947929612134e-17,0
0.783999999999969,0.6065910734600151,0.5871163153266672,2.560762384599288e-17,-0.16046483072862436,0.9847949186999571,-1.4886504240746338e-16,0.17372094894612738,1.1826696950900721e-17,0
0.784499999999969,0.6073658394830144,0.5878419206671559,2.562098938571211e-17,-0.16073651074733847,0.9847930129454762,-1.4871189654906324e-16,0.17373175200224358,1.1815446009997919e-17,2
0.784999999999969,0.608141011763155,0.5885681058120243,2.5634297974755203e-17,-0.16100778558302886,0.9847966671705435,-1.4838648561128013e-16,0.17371103686809866,1.178765117643438e-17,2
0.7854999999999689,0.608916606475022,0.5892948490801867,2.564750106238456e-17,-0.16127876209531172,0.9848056717220582,-1.4798278876719187e-16,0.17365998083630438,1.175059425759864e-17,2
0.7859999999999688,0.6096926391769711,0.5900221296165754,2.5660597219631692e-17,-0.16154954307260425,0.9848198224099713,-1.4756966427839108e-16,0.17357971479522713,1.1710977543541065e-17,2
0.7864999999999688,0.610469129385108,0.5907499212609915,2.5673657471370966e-17,-0.16182025745073758,0.9848282770360495,-1.4684468832932514e-16,0.17353173989275328,1.1648761152200942e-17,2
0.7869999999999687,0.611246091495392,0.5914782047164922,2.5686636751004448e-17,-0.16209100033859533,0.9848312553596731,-1.460486597074214e-16,0.1735148364454472,1.1582591405973797e-17,2
0.7874999999999687,0.612023539327619,0.5922069614584486,2.5699533403731146e-17,-0.16236186303855696,0.9848289652896985,-1.4516889253477225e-16,0.17352783386656384,1.1511676726126345e-17,2
0.7879999999999686,0.6128014861483709,0.5929361737037827,2.5712353363036175e-17,-0.16263293319811928,0.9848216036149702,-1.4428445206114816e-16,0.17356960866821902,1.1442665594689638e-17,4
0.7884999999999686,0.6135790060412378,0.5936670825893477,2.5724861056179987e-17,-0.16289809362332905,0.984814599108637,-1.4293356109418364e-16,0.173609347048178,1.1336823627139228e-17,4
0.7889999999999685,0.6143561455824303,0.5943996256824545,2.5737081959175525e-17,-0.1631576520263203,0.9848079383256669,-1.4144170330193914e-16,0.17364712669880103,1.1219591340882318e-17,4
0.7894999999999684,0.6151329494892026,0.5951337430422363,2.5749030992296844e-17,-0.1634119038377747,0.9848016082535787,-1.4000959977210847e-16,0.173683022720026,1.110686315002902e-17,4
0.7899999999999684,0.6159094606816621,0.5958693771367963,2.5760714826694765e-17,-0.16366113261527912,0.9847955962544758,-1.3860992021340405e-16,0.1737171079594389,1.0996230563730778e-17,2
0.7904999999999683,0.6166864282863678,0.5966055238057482,2.577231816514619e-17,-0.16391028756635004,0.9847944988620527,-1.3759352890602832e-16,0.1737233289199761,1.0914779044364165e-17,0
0.7909999999999683,0.6174642346955109,0.5973416704747,2.5783921503597617e-17,-0.16416189501752587,0.9847934014303319,-1.3657713831896713e-16,0.17372954987358097,1.0833327652598141e-17,0
0.7914999999999682,0.6182428799090915,0.5980778171436518,2.5795524842049043e-17,-0.16441595496880662,0.9847923039593133,-1.355607484522602e-16,0.1737357708202532,1.0751876388440542e-17,0
0.7919999999999682,0.6190223639271094,0.5988139638126037,2.580712818050047e-17,-0.16467246742019226,0.9847912064489969,-1.345443593059473e-16,0.17374199175999258,1.0670425251899203e-17,0
0.7924999999999681,0.6198026867495646,0.5995501104815555,2.5818731518951895e-17,-0.1649314323716828,0.9847901088993827,-1.3352797088006818e-16,0.17374821269279886,1.058897424298196e-17,0
0.7929999999999681,0.6205838483764574,0.6002862571505073,2.583033485740332e-17,-0.16519284982327825,0.9847890113104708,-1.325115831746626e-16,0.17375443361867177,1.0507523361696645e-17,0
0.793499999999968,0.6213658488077873,0.6010224038194592,2.5841938195854747e-17,-0.1654567197749786,0.9847879136822614,-1.3149519618977027e-16,0.17376065453761108,1.0426072608051097e-17,0
0.793999999999968,0.6221486880435548,0.601758550488411,2.5853541534306173e-17,-0.16572304222678386,0.9847868160147544,-1.3047880992543097e-16,0.17376687544961655,1.0344621982053149e-17,0
0.7944999999999679,0.6229323660837597,0.6024946971573628,2.58651448727576e-17,-0.16599181717869402,0.9847857183079498,-1.2946242438168448e-16,0.1737730963546879,1.0263171483710637e-17,0
0.7949999999999678,0.6237168829284019,0.6032308438263146,2.5876748211209026e-17,-0.1662630446307091,0.9847846205618477,-1.2844603955857047e-16,0.17377931725282492,1.0181721113031396e-17,0
0.7954999999999678,0.6245022385774814,0.6039669904952665,2.5888351549660452e-17,-0.16653672458282906,0.9847835227764481,-1.2742965545612874e-16,0.17378553814402734,1.0100270870023261e-17,0
0.7959999999999677,0.6252884330309983,0.6047031371642183,2.5899954888111878e-17,-0.16681285703505394,0.9847824249517512,-1.2641327207439906e-16,0.1737917590282949,1.0018820754694067e-17,0
0.7964999999999677,0.6260754662889528,0.6054392838331701,2.5911558226563304e-17,-0.1670914419873837,0.9847813270877569,-1.2539688941342112e-16,0.1737979799056274,9.937370767051648e-18,0
0.7969999999999676,0.6268633383513446,0.606175430502122,2.592316156501473e-17,-0.1673724794398184,0.9847802291844653,-1.2438050747323473e-16,0.17380420077602454,9.85592090710384e-18,0
0.7974999999999676,0.6276520492181736,0.6069115771710738,2.5934764903466156e-17,-0.167655969392358,0.9847791312418763,-1.2336412625387959e-16,0.1738104216394861,9.77447117485848e-18,2
0.7979999999999675,0.6284411444088225,0.607648333044742,2.5946256152022542e-17,-0.16793890925637034,0.9847838770846552,-1.2175650361360215e-16,0.17378353038799527,9.643431421951345e-18,2
0.7984999999999675,0.6292306410568264,0.6083856751566229,2.5957644864338782e-17,-0.16822141222691248,0.9847942440435238,-1.200306081561836e-16,0.17372477341687648,9.502350390973949e-18,2
0.7989999999999674,0.6300205556455666,0.6091235814117071,2.5968936577990963e-17,-0.168503587203706,0.9848100151188459,-1.183712681102636e-16,0.17363534813401016,9.365546405993305e-18,4
0.7994999999999673,0.6308099753087607,0.6098632754539143,2.597995713222024e-17,-0.168779403210259,0.9848249407053927,-1.1665800038349405e-16,0.1735506731897629,9.22365873030779e-18,2
0.7999999999999673,0.6315998450437479,0.6106034905695206,2.5990864313909434e-17,-0.16905510350130273,0.9848340598342723,-1.1496580550237994e-16,0.17349891812442245,9.084802098669166e-18,2
0.8004999999999672,0.6323901795971235,0.6113442069915761,2.6001710837528453e-17,-0.16933078550224642,0.984837597938955,-1.1321940094868524e-16,0.17347883353835758,8.943959862213893e-18,2
0.8009999999999672,0.6331809931268895,0.6120854057421068,2.6012497046440154e-17,-0.16960654274987347,0.9848357682758524,-1.113858934275269e-16,0.1734892201968507,8.79737494367485e-18,4
0.8014999999999671,0.6339713626511089,0.6128283240244757,2.6023029420216628e-17,-0.1698762774372323,0.9848340003993692,-1.095551627824982e-16,0.1734992554951608,8.648869623053014e-18,4
0.8019999999999671,0.6347613356459222,0.6135728981996905,2.603335490466273e-17,-0.17014030322196574,0.984832292816419,-1.0778561499709316e-16,0.17350894797086114,8.505302423151967e-18,2
0.802499999999967,0.6355518264082909,0.6143179027060898,2.6043642729439483e-17,-0.17040466053254416,0.9848257946773857,-1.0619285170893122e-16,0.17354582719862652,8.376821606445574e-18,2
0.802999999999967,0.6363428469646277,0.6150633214229699,2.6053881019498803e-17,-0.1706694288231144,0.9848146823067797,-1.045597700852869e-16,0.1736088750985858,8.246620664048467e-18,4
0.8034999999999669,0.6371335134144145,0.615810339167336,2.606387692256707e-17,-0.17092876848348446,0.9848041253935914,-1.0369178604924374e-16,0.17366874965797183,8.179007047526796e-18,2
0.8039999999999669,0.6379246046388998,0.6165579118943784,2.6073778262846142e-17,-0.17118782529961563,0.9847988869760187,-1.0264513548403496e-16,0.17369845195278685,8.09515517982392e-18,0
0.8044999999999668,0.6387165346678224,0.6173054846214208,2.6083679603125212e-17,-0.1714493346158517,0.9847936476626067,-1.0159848847225183e-16,0.17372815408959405,8.011303947978088e-18,0
0.8049999999999667,0.6395093035011824,0.6180530573484632,2.6093580943404283e-17,-0.1717132964321927,0.98478840745336,-1.0055184501482703e-16,0.17375785606836644,7.927453352175564e-18,0
0.8054999999999667,0.6403029111389797,0.6188006300755056,2.6103482283683354e-17,-0.1719797107486386,0.9847831663482836,-9.950520511269326e-17,0.17378755788907696,7.843603392602613e-18,0
0.8059999999999666,0.6410973575812144,0.619548202802548,2.6113383623962425e-17,-0.1722485775651894,0.984777924347382,-9.845856876678321e-17,0.17381725955169863,7.759754069445501e-18,0
0.8064999999999666,0.6418926428278867,0.6202957755295904,2.6123284964241496e-17,-0.1725198968818451,0.98477268145066,-9.741193597802958e-17,0.17384696105620442,7.67590538289049e-18,2
0.8069999999999665,0.6426883374370866,0.6210439238984236,2.6133133196242884e-17,-0.172790831531639,0.9847729611780923,-9.70236068645064e-17,0.17384537650605542,7.644266046819483e-18,2
0.8074999999999665,0.6434844575226452,0.6217926263093986,2.6142910812026747e-17,-0.1730614879728082,0.984778556183362,-9.659615868641894e-17,0.17381367978790863,7.608767992525491e-18,0
0.8079999999999664,0.6442814164126411,0.6225413287203736,2.615268842781061e-17,-0.17333459691408232,0.9847841501684148,-9.616870903004655e-17,0.1737819828896933,7.573269687094013e-18,0
0.8084999999999664,0.6450792141070745,0.6232900311313486,2.6162466043594472e-17,-0.17361015835546134,0.9847897431332451,-9.57412578958242e-17,0.17375028581144225,7.537771130606183e-18,0
0.8089999999999663,0.6458778506059452,0.6240387335423236,2.6172243659378335e-17,-0.17388817229694525,0.9847953350778469,-9.53138052841869e-17,0.17371858855318834,7.502272323143139e-18,0
0.8094999999999662,0.6466773259092532,0.6247874359532987,2.6182021275162198e-17,-0.17416863873853408,0.9848009260022146,-9.488635119556965e-17,0.17368689111496438,7.466773264786018e-18,0
0.8099999999999662,0.6474776400169987,0.6255361383642737,2.619179889094606e-17,-0.1744515576802278,0.9848065159063423,-9.445889563040747e-17,0.17365519349680325,7.431273955615957e-18,0
0.8104999999999661,0.6482787929291816,0.6262848407752487,2.6201576506729924e-17,-0.17473692912202643,0.9848121047902242,-9.403143858913538e-17,0.17362349569873775,7.395774395714095e-18,2
0.8109999999999661,0.6490804047668678,0.6270340523917413,2.6211340342597287e-17,-0.17502224334156988,0.9848120210564714,-9.331544101956381e-17,0.17362397064538454,7.337569881699004e-18,4
0.811499999999966,0.649881515539486,0.6277850600250272,2.6220917480619834e-17,-0.17530115802927781,0.9848119227113848,-9.235598446857813e-17,0.17362452846734086,7.259190832429284e-18,4
0.811999999999966,0.6506821751244019,0.6285377968174117,2.6230307481199627e-17,-0.17557400270681842,0.9848118111750133,-9.172804176554898e-17,0.17362516110918622,7.207658533512594e-18,4
0.8124999999999659,0.6514824314106511,0.6292921985764406,2.6239510233212525e-17,-0.1758410937596834,0.9848116877885897,-9.117170852783156e-17,0.17362586096256027,7.16139508172796e-18,4
0.8129999999999659,0.6522823303701992,0.6300482036793796,2.6248545239345173e-17,-0.1761027349079784,0.984811553816487,-9.055164170126044e-17,0.17362662085509167,7.108725890346958e-18,0
0.8134999999999658,0.6530830681341846,0.6308042087823187,2.625758024547782e-17,-0.1763668285563783,0.9848114198437979,-8.993157492557308e-17,0.17362738074751968,7.056056707942266e-18,0
0.8139999999999658,0.6538846447026074,0.6315602138852577,2.626661525161047e-17,-0.1766333747048831,0.9848112858705225,-8.931150820076988e-17,0.17362814063984433,7.003387534513953e-18,0
0.8144999999999657,0.6546870600754676,0.6323162189881968,2.6275650257743118e-17,-0.17690237335349282,0.9848111518966607,-8.869144152685118e-17,0.1736289005320656,6.95071837006209e-18,0
0.8149999999999656,0.6554903142527652,0.6330722240911358,2.6284685263875766e-17,-0.17717382450220742,0.9848110179222126,-8.807137490381738e-17,0.17362966042418349,6.898049214586746e-18,0
0.8154999999999656,0.6562944072345003,0.6338282291940749,2.6293720270008414e-17,-0.17744772815102694,0.9848108839471781,-8.745130833166878e-17,0.173630420316198,6.845380068087993e-18,0
0.8159999999999655,0.6570993390206725,0.6345842342970139,2.6302755276141062e-17,-0.17772408429995135,0.9848107499715573,-8.68312418104058e-17,0.17363118020810914,6.792710930565902e-18,0
0.8164999999999655,0.6579051096112825,0.635340239399953,2.631179028227371e-17,-0.17800289294898067,0.9848106159953501,-8.621117534002878e-17,0.1736319400999169,6.740041802020544e-18,0
0.8169999999999654,0.6587117190063295,0.636096244502892,2.632082528840636e-17,-0.1782841540981149,0.9848104820185556,-8.559110892053796e-17,0.17363269999162106,6.68737268245198e-18,0
0.8174999999999654,0.659519167205814,0.6368522496058311,2.6329860294539007e-17,-0.17856786774735403,0.9848103480411757,-8.497104255193392e-17,0.17363345988322207,6.6347035718602985e-18,0
0.8179999999999653,0.6603274542097359,0.6376082547087701,2.6338895300671655e-17,-0.17885403389669807,0.9848102140632096,-8.435097623421694e-17,0.17363421977471968,6.582034470245561e-18,0
0.8184999999999653,0.6611365800180953,0.6383642598117092,2.6347930306804303e-17,-0.179142652546147,0.9848100800846571,-8.373090996738737e-17,0.17363497966611394,6.5293653776078384e-18,4
0.8189999999999652,0.6619451907007187,0.6391220797789453,2.635680177811624e-17,-0.17942477877002722,0.9848099351406769,-8.38979418894499e-17,0.17363580174669146,6.5393653261405014e-18,4
0.8194999999999651,0.6627533367938091,0.6398816468696513,2.6365505695053482e-17,-0.17970074644270378,0.9848097805025521,-8.38895293012651e-17,0.1736366788052447,6.535725805888864e-18,4
0.8199999999999651,0.6635610668182368,0.640642896044435,2.637404239146058e-17,-0.1799708761239726,0.9848096173620765,-8.384730923941812e-17,0.17363760408149131,6.5284136531201075e-18,4
0.820499999999965,0.6643684273527833,0.641405764867161,2.6382419875542446e-17,-0.1802354755429523,0.9848094468338512,-8.370399164662813e-17,0.17363857125306048,6.511731608336253e-18,0
0.820999999999965,0.6651766266917674,0.6421686336898871,2.6390797359624313e-17,-0.18050252746203688,0.9848092763046761,-8.356067406366768e-17,0.17363953842446217,6.4950495652934696e-18,0
0.8214999999999649,0.6659856648351887,0.6429315025126131,2.639917484370618e-17,-0.18077203188122637,0.984809105774551,-8.341735649053693e-17,0.1736405055956964,6.478367523991783e-18,0
0.8219999999999649,0.6667955417830475,0.6436943713353391,2.6407552327788047e-17,-0.18104398880052075,0.9848089352434762,-8.327403892723601e-17,0.17364147276676317,6.461685484431219e-18,0
0.8224999999999648,0.6676062575353436,0.6444572401580652,2.6415929811869914e-17,-0.18131839821992005,0.9848087647114515,-8.313072137376505e-17,0.17364243993766246,6.445003446611804e-18,0
0.8229999999999648,0.6684178120920771,0.6452201089807912,2.642430729595178e-17,-0.18159526013942426,0.984808594178477,-8.29874038301242e-17,0.17364340710839424,6.428321410533564e-18,0
0.8234999999999647,0.6692302054532481,0.6459829778035172,2.6432684780033648e-17,-0.18187457455903336,0.9848084236445526,-8.284408629631359e-17,0.17364437427895854,6.411639376196524e-18,0
0.8239999999999646,0.6700434376188563,0.6467458466262432,2.6441062264115516e-17,-0.18215634147874737,0.9848082531096783,-8.270076877233336e-17,0.17364534144935537,6.394957343600709e-18,0
0.8244999999999646,0.670857508588902,0.6475087154489693,2.6449439748197383e-17,-0.18244056089856628,0.9848080825738543,-8.255745125818364e-17,0.17364630861958472,6.378275312746146e-18,0
0.8249999999999645,0.6716724183633851,0.6482715842716953,2.645781723227925e-17,-0.1827272328184901,0.9848079120370804,-8.241413375386457e-17,0.1736472757896466,6.361593283632861e-18,0
0.8254999999999645,0.6724881669423055,0.6490344530944213,2.6466194716361117e-17,-0.1830163572385188,0.9848077414993567,-8.227081625937628e-17,0.17364824295954098,6.34491125626088e-18,0
0.8259999999999644,0.6733047543256634,0.6497973219171473,2.6474572200442984e-17,-0.18330793415865243,0.984807570960683,-8.212749877471892e-17,0.1736492101292679,6.3282292306302276e-18,4
0.8264999999999644,0.6741208145748848,0.6505620217007299,2.6482833391770352e-17,-0.18359293931806958,0.984807392762371,-8.254921242022459e-17,0.17365022073288774,6.3572201804636454e-18,4
0.8269999999999643,0.6749363988069903,0.6513284839257896,2.649092447169694e-17,-0.1838717104283864,0.9848072080409285,-8.301181402645042e-17,0.17365126832427913,6.389368473784236e-18,4
0.8274999999999643,0.6757515561031008,0.6520966428019509,2.6498856026922698e-17,-0.18414457175077262,0.9848070178481722,-8.336160037930998e-17,0.17365234693775194,6.412138973127642e-18,4
0.8279999999999642,0.6765663335824147,0.6528664351686814,2.6506636142501598e-17,-0.18441183458468394,0.9848068231549443,-8.358966450857802e-17,0.17365345106696195,6.426066584121989e-18,0
0.8284999999999642,0.677381949866166,0.6536362275354118,2.6514416258080498e-17,-0.18468154991870014,0.9848066284604785,-8.381772860356434e-17,0.17365455519595366,6.4399941890818056e-18,0
0.8289999999999641,0.6781984049543547,0.6544060199021423,2.6522196373659398e-17,-0.18495371775282127,0.9848064337647748,-8.404579266426867e-17,0.1736556593247271,6.4539217880070355e-18,0
0.829499999999964,0.6790156988469808,0.6551758122688728,2.6529976489238298e-17,-0.1852283380870473,0.9848062390678333,-8.427385669069073e-17,0.17365676345328224,6.467849380897623e-18,0
0.829999999999964,0.6798338315440442,0.6559456046356033,2.6537756604817198e-17,-0.18550541092137823,0.9848060443696538,-8.450192068283021e-17,0.1736578675816191,6.481776967753511e-18,0
0.8304999999999639,0.6806528030455451,0.6567153970023337,2.6545536720396097e-17,-0.18578493625581408,0.9848058496702364,-8.472998464068686e-17,0.17365897170973768,6.495704548574646e-18,0
0.8309999999999639,0.6814726133514832,0.6574851893690642,2.6553316835974997e-17,-0.1860669140903548,0.9848056549695811,-8.49580485642604e-17,0.17366007583763796,6.50963212336097e-18,0
0.8314999999999638,0.682293262461859,0.6582549817357947,2.6561096951553897e-17,-0.18635134442500045,0.9848054602676878,-8.518611245355055e-17,0.17366117996531993,6.523559692112428e-18,0
0.8319999999999638,0.6831147503766719,0.6590247741025251,2.6568877067132797e-17,-0.186638227259751,0.9848052655645566,-8.5414176308557e-17,0.17366228409278364,6.537487254828965e-18,0
0.8324999999999637,0.6839370770959223,0.6597945664692556,2.6576657182711697e-17,-0.18692756259460644,0.9848050708601875,-8.56422401292795e-17,0.17366338822002905,6.5514148115105245e-18,0
0.8329999999999637,0.68476024261961,0.6605643588359861,2.6584437298290597e-17,-0.1872193504295668,0.9848048761545806,-8.587030391571777e-17,0.17366449234705617,6.56534236215705e-18,2
0.8334999999999636,0.6855837912323558,0.6613347620625587,2.65921869353052e-17,-0.18751058001837764,0.984810537292024,-8.594794830667852e-17,0.17363238649109988,6.56659945311402e-18,4
0.8339999999999635,0.6864068263696843,0.6621069779412726,2.6599841076193532e-17,-0.1877953280846769,0.9848158847924889,-8.631417197699518e-17,0.17360205373320545,6.5922206056774026e-18,4
0.8344999999999635,0.6872293987441174,0.6628809384949554,2.660731950125354e-17,-0.18807392966770453,0.9848209323597942,-8.66596602314522e-17,0.17357341727921738,6.6164858237535294e-18,2
0.8349999999999634,0.6880524549005909,0.66365537493542,2.6614738790135822e-17,-0.18835263824660364,0.9848206803456558,-8.689710795988632e-17,0.1735748471510749,6.633660318554888e-18,2
0.8354999999999634,0.6888760083502716,0.6644302691517368,2.6622117494687705e-17,-0.18863154308475355,0.9848153303117474,-8.713524468367267e-17,0.17360519918183176,6.651609349005737e-18,2
0.8359999999999633,0.6897000720578516,0.6652056037654932,2.6629466982020027e-17,-0.1889107298351733,0.9848050730704166,-8.729900440558494e-17,0.1736633756863286,6.6646526330883325e-18,4
0.8364999999999633,0.6905237201930492,0.6659826197980928,2.6636653843602952e-17,-0.18918408187292837,0.9847953325599692,-8.824536013880014e-17,0.1737186028268104,6.740784229184014e-18,2
0.8369999999999632,0.6913477753348632,0.6667602146304444,2.6643758965011803e-17,-0.18945703367917094,0.98479114053701,-8.913677651848763e-17,0.17374236535691115,6.811601704599516e-18,2
0.8374999999999632,0.6921722537908143,0.6675383664032699,2.6650805740867935e-17,-0.1897296929917736,0.984792289441201,-8.987726202147159e-17,0.17373585311373463,6.8684442476697295e-18,0
0.8379999999999631,0.6929975710512027,0.6683165181760954,2.6657852516724067e-17,-0.1900048048044812,0.9847934383023278,-9.061774809306104e-17,0.17372934086296074,6.925286891445645e-18,0
0.838499999999963,0.6938237271160285,0.6690946699489209,2.6664899292580198e-17,-0.19028236911729368,0.9847945871203903,-9.135823473322422e-17,0.1737228286045898,6.98212963592099e-18,0
0.838999999999963,0.6946507219852917,0.6698728217217463,2.667194606843633e-17,-0.19056238593021108,0.9847957358953884,-9.209872194192942e-17,0.17371631633862208,7.038972481089495e-18,0
0.8394999999999629,0.6954785556589922,0.6706509734945718,2.6678992844292462e-17,-0.19084485524323339,0.984796884627322,-9.283920971914494e-17,0.17370980406505787,7.095815426944886e-18,0
0.8399999999999629,0.6963072281371302,0.6714291252673973,2.6686039620148594e-17,-0.19112977705636058,0.9847980333161911,-9.357969806483907e-17,0.17370329178389746,7.15265847348089e-18,0
0.8404999999999628,0.6971367394197054,0.6722072770402228,2.6693086396004725e-17,-0.1914171513695927,0.9847991819619958,-9.43201869789801e-17,0.17369677949514112,7.20950162069124e-18,0
0.8409999999999628,0.6979670895067183,0.6729854288130482,2.6700133171860857e-17,-0.1917069781829297,0.9848003305647359,-9.506067646153632e-17,0.17369026719878913,7.26634486856966e-18,0
0.8414999999999627,0.6987982783981683,0.6737635805858737,2.670717994771699e-17,-0.19199925749637162,0.9848014791244113,-9.5801166512476e-17,0.1736837548948418,7.32318821710988e-18,0
0.8419999999999627,0.6996303060940557,0.6745417323586992,2.671422672357312e-17,-0.19229398930991845,0.9848026276410221,-9.654165713176743e-17,0.17367724258329942,7.380031666305627e-18,0
0.8424999999999626,0.7004631725943807,0.6753198841315247,2.6721273499429253e-17,-0.19259117362357017,0.9848037761145682,-9.728214831937891e-17,0.17367073026416224,7.43687521615063e-18,2
0.8429999999999626,0.701296416470598,0.6760986544223567,2.6728320434540994e-17,-0.1928877619462601,0.9848108537070628,-9.862125576859076e-17,0.17363059183440593,7.541220544502868e-18,4
0.8434999999999625,0.7021291193092732,0.6768792743107483,2.6735376677992495e-17,-0.193177686653474,0.9848175429041596,-9.984779670190544e-17,0.17359264727578097,7.636723531647538e-18,4
0.8439999999999624,0.7029613330628907,0.6776616741574297,2.674224413967866e-17,-0.19346129097643472,0.9848238605121812,-1.0110516644324604e-16,0.17355680270702062,7.735295140557153e-18,4
0.8444999999999624,0.7037931076093458,0.6784457871039956,2.674892079074623e-17,-0.19373890444031217,0.9848298226767438,-1.0226751736423932e-16,0.17352296783565346,7.82587160092019e-18,2
0.8449999999999623,0.7046253695338005,0.6792303711171702,2.6755550101024756e-17,-0.194016648657259,0.9848305404984604,-1.034740065471492e-16,0.17351889378828472,7.921075150046273e-18,2
0.8454999999999623,0.7054581322408167,0.6800154082289215,2.676213537009444e-17,-0.1942946121863538,0.9848262143755955,-1.0459091505069643e-16,0.173543445507554,8.010848502949408e-18,2
0.8459999999999622,0.7062914085914069,0.6808008811998132,2.6768677006940582e-17,-0.19457287999564465,0.9848170340315282,-1.0561350713689628e-16,0.1735955341630183,8.095149116528928e-18,2
0.8464999999999622,0.7071252109209266,0.6815867734950223,2.6775177282239153e-17,-0.1948515335803501,0.9848031791038534,-1.0641798523282865e-16,0.17367411559280704,8.163262858236816e-18,0
0.8469999999999621,0.7079598520548835,0.6823726657902314,2.6781677557537725e-17,-0.19513263966516042,0.9847893179059366,-1.0722245660083351e-16,0.1737526959168127,8.231375480962447e-18,2
0.8474999999999621,0.7087948745084667,0.6831591713171028,2.678816803606871e-17,-0.19541317581382606,0.9847813338614017,-1.0803264628533685e-16,0.1737979415245155,8.299188806890091e-18,2
0.847999999999962,0.7096302956493306,0.6839462667953099,2.6794573189044023e-17,-0.195693256768144,0.9847790078674664,-1.0873320539268912e-16,0.1738111206556379,8.356103423759834e-18,2
0.848499999999962,0.7104661321829584,0.6847339298321281,2.6800903978553397e-17,-0.1959729928951854,0.9847821262957851,-1.0919888253289013e-16,0.17379345133908966,8.392883928253966e-18,0
0.8489999999999619,0.7113028075210237,0.6855215928689463,2.680723476806277e-17,-0.19625518152233173,0.9847852444070735,-1.0966456062741651e-16,0.1737757819665922,8.429664604668654e-18,0
0.8494999999999618,0.7121403216635265,0.6863092559057645,2.6813565557572145e-17,-0.19653982264958295,0.9847883622013307,-1.1013023967612145e-16,0.17375811253815124,8.466445452974302e-18,0
0.8499999999999618,0.7129786746104666,0.6870969189425827,2.681989634708152e-17,-0.19682691627693907,0.9847914796785555,-1.1059591967885817e-16,0.17374044305377243,8.503226473141318e-18,0
0.8504999999999617,0.7138178663618441,0.6878845819794009,2.6826227136590893e-17,-0.1971164624044001,0.9847945968387471,-1.110616006354799e-16,0.17372277351346146,8.540007665140106e-18,0
0.8509999999999617,0.7146578969176589,0.6886722450162192,2.6832557926100267e-17,-0.19740846103196602,0.9847977136819044,-1.1152728254583985e-16,0.17370510391722405,8.57678902894107e-18,0
0.8514999999999616,0.7154987662779113,0.6894599080530374,2.683888871560964e-17,-0.19770291215963687,0.9848008302080264,-1.1199296540979123e-16,0.17368743426506586,8.613570564514618e-18,0
0.8519999999999616,0.7163404744426008,0.6902475710898556,2.6845219505119015e-17,-0.1979998157874126,0.9848039464171122,-1.124586492271873e-16,0.1736697645569926,8.650352271831151e-18,0
0.8524999999999615,0.717183021411728,0.6910352341266738,2.685155029462839e-17,-0.19829917191529325,0.9848070623091607,-1.129243339978812e-16,0.17365209479300994,8.687134150861078e-18,0
0.8529999999999615,0.7180264071852924,0.691822897163492,2.6857881084137764e-17,-0.1986009805432788,0.9848101778841709,-1.1339001972172619e-16,0.1736344249731236,8.723916201574802e-18,4
0.8534999999999614,0.7188692273579707,0.6926124427235975,2.686413808655406e-17,-0.1988959632746812,0.9848131124981067,-1.135844683223382e-16,0.17361777976863774,8.737867299752711e-18,4
0.8539999999999613,0.7197115349629173,0.6934037997191449,2.687017719985062e-17,-0.199184470480321,0.9848158744126198,-1.1357378041684416e-16,0.17360211261648506,8.734962352753389e-18,4
0.8544999999999613,0.7205533809176499,0.6941968998981768,2.687600899576009e-17,-0.19946683855377198,0.9848184715443707,-1.1353595809284823e-16,0.1735873788759107,8.731568724104716e-18,2
0.8549999999999612,0.7213957173073082,0.6949904670461863,2.6881774381888706e-17,-0.19974935757629553,0.9848158680997334,-1.1380966928250274e-16,0.17360214842843402,8.755152422480017e-18,2
0.8554999999999612,0.7222385574425689,0.695784483320989,2.688749860693136e-17,-0.20003211548670513,0.9848082614359587,-1.1417134963006636e-16,0.17364529422787145,8.787870642243475e-18,0
0.8559999999999611,0.7230822363822671,0.6965784995957917,2.689322283197401e-17,-0.20031732589721962,0.984800652881922,-1.1453302843356805e-16,0.1736884396940104,8.820588611524335e-18,2
0.8564999999999611,0.7239263073263285,0.6973731147799908,2.6898919873293036e-17,-0.2006020369617731,0.9847987856968371,-1.1489885907359891e-16,0.17369902616317284,8.853153741077737e-18,0
0.856999999999961,0.7247712170748271,0.6981677299641899,2.690461691461206e-17,-0.20088920052643144,0.9847969183979491,-1.1526468931617264e-16,0.17370961261226267,8.885718801846407e-18,0
0.857499999999961,0.7256169656277631,0.698962345148389,2.6910313955931084e-17,-0.20117881659119471,0.9847950509852584,-1.156305191612476e-16,0.17372019904127867,8.918283793822452e-18,2
0.8579999999999609,0.726463110853416,0.6997575529843291,2.691599775964856e-17,-0.20146796415211643,0.9847988664348443,-1.1548113704753721e-16,0.1736985684127682,8.907791126777363e-18,0
0.8584999999999608,0.7273100948835062,0.7005527608202692,2.6921681563366038e-17,-0.20175956421314303,0.984802681409322,-1.1533175453853725e-16,0.1736769377004583,8.897298395540337e-18,0
0.8589999999999608,0.7281579177180337,0.7013479686562093,2.6927365367083515e-17,-0.20205361677427455,0.9848064959086898,-1.1518237163431846e-16,0.1736553069043594,8.886805600123897e-18,0
0.8594999999999607,0.7290065793569986,0.7021431764921494,2.693304917080099e-17,-0.20235012183551096,0.9848103099329458,-1.1503298833495156e-16,0.17363367602448193,8.876312740540563e-18,2
0.8599999999999607,0.7298557009615226,0.702938892139473,2.693869725351917e-17,-0.20264657654576382,0.9848084667194811,-1.1521769611678128e-16,0.1736441299832049,8.894113557622659e-18,4
0.8604999999999606,0.7307043090286522,0.7037364205220151,2.6944160719008298e-17,-0.20293654932404248,0.9848067023604847,-1.148497573171067e-16,0.17365413610354072,8.866215727566912e-18,4
0.8609999999999606,0.7315524545562985,0.7045356932800552,2.6949414755829726e-17,-0.203220377095053,0.9848050144738377,-1.1445658363667043e-16,0.17366370797372588,8.837427422101303e-18,2
0.8614999999999605,0.7324010140763653,0.7053355354737852,2.6954609902436926e-17,-0.20350385078722397,0.9848087855058033,-1.1398198348880312e-16,0.1736423220029726,8.800584703911574e-18,0
0.8619999999999605,0.7332504124008694,0.7061353776675153,2.6959805049044126e-17,-0.20378977697949982,0.9848125560733524,-1.135073821668094e-16,0.173620935950333,8.763741784026235e-18,0
0.8624999999999604,0.7341006495298108,0.7069352198612454,2.6965000195651326e-17,-0.2040781556718806,0.9848163261764831,-1.1303277967090878e-16,0.17359954981581718,8.726898662486991e-18,0
0.8629999999999604,0.7349517254631898,0.7077350620549755,2.6970195342258526e-17,-0.20436898686436625,0.9848200958151937,-1.125581760013208e-16,0.1735781635994352,8.690055339335546e-18,0
0.8634999999999603,0.735803640201006,0.7085349042487056,2.6975390488865726e-17,-0.20466227055695682,0.9848238649894824,-1.12083571158265e-16,0.17355677730119715,8.653211814613606e-18,2
0.8639999999999602,0.7366560233833118,0.7093352428883084,2.698052735106159e-17,-0.2049555599157818,0.9848221062854686,-1.116144765790595e-16,0.1735667565274317,8.618468455624593e-18,2
0.8644999999999602,0.7375088892419991,0.7101360588967642,2.698561289708096e-17,-0.20524894896579027,0.9848150311860272,-1.1128834464764382e-16,0.17360689603257096,8.5967693496128e-18,0
0.8649999999999601,0.7383625939051237,0.7109368749052201,2.699069844310033e-17,-0.20554479051590366,0.9848079544505747,-1.1096221444730124e-16,0.17364703524930802,8.5750705670705e-18,0
0.8654999999999601,0.7392171373726858,0.7117376909136759,2.69957839891197e-17,-0.20584308456612196,0.9848008760791228,-1.1063608597855977e-16,0.17368717417757623,8.553372108111833e-18,2
0.86599999999996,0.7400720448169261,0.712539143401002,2.700082537788813e-17,-0.20614069410163002,0.9847998994666554,-1.1060648538862231e-16,0.17369271144888326,8.554247451478888e-18,2
0.86649999999996,0.7409273344484307,0.7133412079569721,2.7005785108711835e-17,-0.20643773943316426,0.9848047911665008,-1.1065475448336353e-16,0.17366497429103103,8.560482761228876e-18,4
0.8669999999999599,0.7417821152311106,0.7141450789634066,2.7010640091632957e-17,-0.20672833380840527,0.9848094131192151,-1.1040450381677256e-16,0.1736387624690612,8.545409513849211e-18,4
0.8674999999999599,0.7426364381173332,0.7149506881216339,2.701529746478593e-17,-0.2070128138511677,0.9848137771879193,-1.1012264984289022e-16,0.17361400940264954,8.526458818843532e-18,2
0.8679999999999598,0.7434912481453446,0.7157567686630966,2.7019918090687418e-17,-0.2072974230864405,0.9848128904738791,-1.1015336791571843e-16,0.17361903915320898,8.534793365152247e-18,0
0.8684999999999597,0.7443468969777934,0.7165628492045593,2.7024538716588908e-17,-0.2075844848218182,0.9848120037341503,-1.1018408600641402e-16,0.17362406889923962,8.543127914894848e-18,0
0.8689999999999597,0.7452033846146796,0.717368929746022,2.7029159342490397e-17,-0.20787399905730083,0.9848111169687331,-1.1021480411497618e-16,0.17362909864074133,8.551462468071222e-18,0
0.8694999999999596,0.7460607110560031,0.7181750102874846,2.7033779968391886e-17,-0.20816596579288835,0.9848102301776274,-1.1024552224140408e-16,0.173634128377714,8.559797024681257e-18,0
0.8699999999999596,0.7469188763017641,0.7189810908289473,2.7038400594293376e-17,-0.20846038502858077,0.9848093433608333,-1.1027624038569691e-16,0.17363915811015748,8.568131584724844e-18,0
0.8704999999999595,0.7477778803519625,0.71978717137041,2.7043021220194865e-17,-0.2087572567643781,0.9848084565183508,-1.1030695854785384e-16,0.17364418783807165,8.57646614820187e-18,0
0.8709999999999595,0.7486377232065983,0.7205932519118727,2.7047641846096355e-17,-0.20905658100028032,0.9848075696501799,-1.1033767672787406e-16,0.17364921756145635,8.584800715112224e-18,0
0.8714999999999594,0.7494984048656713,0.7213993324533354,2.7052262471997844e-17,-0.20935835773628747,0.9848066827563207,-1.1036839492575676e-16,0.17365424728031148,8.593135285455795e-18,2
0.8719999999999594,0.7503594613526464,0.722206034928237,2.705686076414642e-17,-0.20965952164768417,0.9848117576707933,-1.1059438778048163e-16,0.173625464587896,8.616933661355021e-18,4
0.8724999999999593,0.7512199857901523,0.7230145749527118,2.7061360552088133e-17,-0.20995408132454138,0.9848165486575328,-1.1101842035292156e-16,0.17359828769393285,8.655018713297318e-18,2
0.8729999999999593,0.7520809767936222,0.7238236139411129,2.7065724599509032e-17,-0.21024863425689716,0.9848157821921024,-1.113619607557739e-16,0.17360263576731053,8.688391831458624e-18,2
0.8734999999999592,0.7529424487066692,0.7246331326666652,2.70700384710573e-17,-0.21054327520780053,0.9848096720201418,-1.1164227026909866e-16,0.17363729408044973,8.717256659524493e-18,4
0.8739999999999591,0.7538034414169044,0.7254444181039338,2.7074143721585065e-17,-0.21083166106286647,0.9848038613005613,-1.1202987828896843e-16,0.17367024721438262,8.756621983003413e-18,2
0.8744999999999591,0.7546648316787727,0.726256295014807,2.7078182726810756e-17,-0.21111958422077418,0.9848037206764119,-1.125117151523851e-16,0.17367104462717917,8.801858833948823e-18,0
0.874999999999959,0.7555270607450786,0.7270681719256803,2.7082221732036447e-17,-0.21140995987878677,0.9848035800516167,-1.129935519783701e-16,0.17367184203986186,8.847095678300364e-18,0
0.875499999999959,0.7563901286158218,0.7278800488365536,2.7086260737262137e-17,-0.2117027880369043,0.984803439426176,-1.1347538876692313e-16,0.17367263945243067,8.892332516057974e-18,0
0.8759999999999589,0.7572540352910023,0.7286919257474268,2.7090299742487828e-17,-0.21199806869512672,0.9848032988000895,-1.1395722551804386e-16,0.17367343686488562,8.937569347221595e-18,0
0.8764999999999589,0.7581187807706203,0.7295038026583001,2.709433874771352e-17,-0.21229580185345404,0.9848031581733574,-1.1443906223173199e-16,0.1736742342772267,8.982806171791165e-18,0
0.8769999999999588,0.7589843650546756,0.7303156795691733,2.709837775293921e-17,-0.21259598751188627,0.9848030175459795,-1.1492089890798723e-16,0.17367503168945392,9.028042989766626e-18,0
0.8774999999999588,0.7598507881431684,0.7311275564800466,2.71024167581649e-17,-0.2128986256704234,0.9848028769179561,-1.1540273554680925e-16,0.17367582910156726,9.073279801147916e-18,2
0.8779999999999587,0.7607175887156273,0.7319400517640599,2.7106442162189414e-17,-0.2132006685520028,0.9848086644261255,-1.156065759064344e-16,0.17364300870242605,9.094548298061218e-18,4
0.8784999999999586,0.7615838595629685,0.732754381481989,2.711038031950907e-17,-0.21349612255519068,0.9848141326464445,-1.1539641249171044e-16,0.1736119930760289,9.083853537530913e-18,2
0.8789999999999586,0.7624505959710515,0.7335692115112861,2.7114273034932785e-17,-0.2137915631727383,0.9848140277917983,-1.149308085098474e-16,0.17361258786302056,9.054108218800539e-18,2
0.8794999999999585,0.7633178123438511,0.7343845225442647,2.7118113388770005e-17,-0.21408708556648218,0.9848085648918244,-1.1445223164060927e-16,0.17364357320587748,9.024179860864033e-18,4
0.8799999999999585,0.7641845521408532,0.7352015967676,2.712174201677305e-17,-0.21437637022012124,0.9848033687187886,-1.148427261868346e-16,0.17367304039523643,9.066954999758723e-18,0
0.8804999999999584,0.7650521307422927,0.7360186709909353,2.7125370644776097e-17,-0.21466810737386519,0.9847981716640432,-1.1523321984304083e-16,0.1737025074291032,9.109729991710778e-18,0
0.8809999999999584,0.7659205481481696,0.7368357452142706,2.7128999272779143e-17,-0.21496229702771405,0.9847929737275927,-1.1562371260888252e-16,0.17373197430745144,9.152504836658349e-18,2
0.8814999999999583,0.7667893532026271,0.7376534241856745,2.7132590092369454e-17,-0.215255958558526,0.9847935747983351,-1.1539484655729473e-16,0.173728567126757,9.144181412715721e-18,0
0.8819999999999583,0.7676589970615221,0.7384711031570783,2.7136180911959765e-17,-0.21555207258944284,0.9847941758572893,-1.1516598037690368e-16,0.173725159943983,9.135857966184976e-18,0
0.8824999999999582,0.7685294797248543,0.7392887821284821,2.7139771731550075e-17,-0.2158506391204646,0.9847947769044554,-1.1493711406771198e-16,0.17372175275912946,9.127534497066656e-18,0
0.8829999999999582,0.7694008011926241,0.740106461099886,2.7143362551140386e-17,-0.21615165815159126,0.9847953779398333,-1.1470824762972232e-16,0.17371834557219645,9.1192110053613e-18,0
0.8834999999999581,0.7702729614648312,0.7409241400712898,2.7146953370730697e-17,-0.21645512968282282,0.9847959789634231,-1.144793810629374e-16,0.173714938383184,9.11088749106945e-18,2
0.883999999999958,0.7711455020561427,0.7417424336154964,2.7150510014085446e-17,-0.21675802466782745,0.9848024725351008,-1.1475905239949938e-16,0.17367812207860914,9.142650071945237e-18,2
0.884499999999958,0.7720184406456341,0.7425613180347385,2.7153987735475043e-17,-0.21706045990584352,0.9848146280902761,-1.1497796948003764e-16,0.17360918264714964,9.168471419973669e-18,2
0.8849999999999579,0.7728918156334086,0.7433807418559205,2.715743547947004e-17,-0.21736268909242998,0.9848207727198272,-1.1527477352800458e-16,0.17357432304209833,9.2019141635228e-18,2
0.8854999999999579,0.7737656426251984,0.7442006841604704,2.716082819193256e-17,-0.21766481532900037,0.9848211431632714,-1.1558766041957704e-16,0.17357222121810675,9.237956359468319e-18,2
0.8859999999999578,0.7746399366005456,0.7450211248691874,2.7164170600278284e-17,-0.21796693757995508,0.9848159632808762,-1.158079186935187e-16,0.17360160848091225,9.26836231843291e-18,4
0.8864999999999578,0.7755137119622761,0.7458433851175019,2.7167269988984015e-17,-0.21826254436217737,0.9848110303994841,-1.1667535792238534e-16,0.1736295896542591,9.353065169546543e-18,4
0.8869999999999577,0.7763870202290204,0.7466673958476996,2.7170176613513556e-17,-0.21855197604057705,0.9848063354344034,-1.1728209316972254e-16,0.1736562169582804,9.416222517511792e-18,0
0.8874999999999577,0.7772611673002022,0.7474914065778973,2.7173083238043098e-17,-0.21884386021908164,0.9848016397493741,-1.1788882705326106e-16,0.1736828441353493,9.479379633226235e-18,0
0.8879999999999576,0.7781361531758215,0.7483154173080949,2.717598986257264e-17,-0.21913819689769115,0.9847969433443996,-1.184955595725635e-16,0.17370947118544627,9.542536516609146e-18,0
0.8884999999999575,0.779011977855878,0.7491394280382926,2.7178896487102182e-17,-0.21943498607640555,0.9847922462194834,-1.1910229072719235e-16,0.1737360981085519,9.605693167579796e-18,0
0.8889999999999575,0.779888641340372,0.7499634387684903,2.7181803111631723e-17,-0.21973422775522486,0.9847875483746288,-1.1970902051671018e-16,0.1737627249046467,9.66884958605746e-18,2
0.8894999999999574,0.7807656846753097,0.7507880646997033,2.7184716005551918e-17,-0.22003288979154503,0.9847887506299264,-1.2004648034126334e-16,0.17375591107282753,9.710156825459621e-18,2
0.8899999999999574,0.7816431255392637,0.7516132821348376,2.7187550231694178e-17,-0.220331088981285,0.9847956251120696,-1.2048675728465005e-16,0.17371694436677046,9.758208495871762e-18,0
0.8904999999999573,0.7825214052076551,0.7524384995699719,2.7190384457836437e-17,-0.2206317406711299,0.9848024980523552,-1.2092703562571398e-16,0.17367797738873123,9.806260430830873e-18,0
0.8909999999999573,0.783400523680484,0.7532637170051062,2.7193218683978697e-17,-0.22093484486107967,0.9848093694507721,-1.213673153637769e-16,0.17363901013877087,9.854312630198951e-18,0
0.8914999999999572,0.7842804809577502,0.7540889344402405,2.7196052910120957e-17,-0.22124040155113436,0.9848162393073099,-1.2180759649816054e-16,0.1736000426169504,9.902365093837994e-18,0
0.8919999999999572,0.7851612770394538,0.7549141518753748,2.7198887136263216e-17,-0.22154841074129394,0.9848231076219575,-1.222478790281867e-16,0.1735610748233308,9.950417821609999e-18,2
0.8924999999999571,0.7860425141469914,0.7557399025094877,2.7201710814400302e-17,-0.2218562444525737,0.984824038188322,-1.2254919748676024e-16,0.173555794505531,9.988115915012898e-18,2
0.892999999999957,0.7869242077283846,0.7565661656354089,2.7204482275288858e-17,-0.22216400474445028,0.9848192621958762,-1.22821646995066e-16,0.17358289318930423,1.0026354421350437e-17,2
0.893499999999957,0.787806372611376,0.7573929213774155,2.7207202790414894e-17,-0.2224717895784424,0.9848089982869079,-1.2316543077231795e-16,0.1736411152150785,1.0072177203134187e-17,4
0.8939999999999569,0.7886879860973883,0.758221540603202,2.7209681978690753e-17,-0.22277284235591388,0.9847992473729683,-1.2366106327078202e-16,0.1736964086376987,1.0131443819558388e-17,4
0.8944999999999569,0.7895691010739427,0.7590519524201357,2.7211939834414415e-17,-0.22306751248553974,0.9847899897799505,-1.2398478807095767e-16,0.17374888785026568,1.0176054225300232e-17,2
0.8949999999999568,0.7904505977139019,0.7598829770079162,2.72141147915858e-17,-0.2233616149502428,0.9847866075258256,-1.2442454763466351e-16,0.1737680570121405,1.0229308335913052e-17,2
0.8954999999999568,0.7913324936181854,0.7607145907735392,2.721620331266472e-17,-0.22365526603291594,0.9847888761012323,-1.2475904110803946e-16,0.17375519994311106,1.0272416596271196e-17,2
0.8959999999999567,0.792214805714432,0.7615467710264939,2.721820969525438e-17,-0.22394857756832967,0.9847965767381059,-1.2509690846930072e-16,0.17371154954379603,1.0314286993152574e-17,0
0.8964999999999567,0.793097956615116,0.7623789512794487,2.722021607784404e-17,-0.22424434160384832,0.9848042754401919,-1.2543477678941927e-16,0.17366789880319736,1.035615758225858e-17,0
0.8969999999999566,0.7939819463202373,0.7632111315324034,2.72222224604337e-17,-0.22454255813947188,0.9848119722074751,-1.2577264606774073e-16,0.17362424772140078,1.0398028363453558e-17,0
0.8974999999999566,0.7948667748297961,0.7640433117853581,2.722422884302336e-17,-0.22484322717520033,0.9848196670399404,-1.2611051630361066e-16,0.1735805962984921,1.0439899336601848e-17,0
0.8979999999999565,0.7957524421437923,0.7648754920383128,2.722623522561302e-17,-0.2251463487110337,0.9848273599375726,-1.2644838749637472e-16,0.17353694453455704,1.0481770501567795e-17,0
0.8984999999999564,0.7966389482622258,0.7657076722912676,2.722824160820268e-17,-0.22545192274697196,0.9848350509003567,-1.267862596453785e-16,0.1734932924296814,1.0523641858215741e-17,0
0.8989999999999564,0.7975262931850966,0.7665398525442223,2.723024799079234e-17,-0.22575994928301513,0.9848427399282776,-1.2712413274996762e-16,0.1734496399839509,1.0565513406410025e-17,2
0.8994999999999563,0.7984140797333966,0.7673725651924335,2.723225146119102e-17,-0.2260678043014859,0.9848445041831053,-1.2820549403483444e-16,0.17343962229067747,1.0668996228636188e-17,2
0.8999999999999563,0.799302323356251,0.7682057895272513,2.723419677970384e-17,-0.22637558986915196,0.9848405751891693,-1.2926602946474183e-16,0.1734619308697599,1.0772249308979812e-17,2
0.9004999999999562,0.8001910388823336,0.7690395056717043,2.7236086261005163e-17,-0.22668340395368633,0.9848311719131589,-1.302333371613877e-16,0.17351531006845847,1.0869511676028232e-17,2
0.9009999999999562,0.801080240542455,0.769873694550223,2.7237924227489122e-17,-0.22699134057289105,0.9848165015223491,-1.3113129058289242e-16,0.1735985550898403,1.0962910513975992e-17,0
0.9014999999999561,0.8019702810070136,0.7707078834287417,2.723976219397308e-17,-0.22730172969220067,0.9848018240950708,-1.3202923779052333e-16,0.17368179887086843,1.1056308343400333e-17,2
0.9019999999999561,0.8028606519142832,0.7715427537364553,2.7241609643403717e-17,-0.22761121275003623,0.9847936754631034,-1.326259294603777e-16,0.1737279964999059,1.1124078084458107e-17,2
0.902499999999956,0.8037513729360026,0.7723782791045464,2.7243353993865145e-17,-0.22791991971044578,0.9847918076001352,-1.3320197452632424e-16,0.17373858432615916,1.1188216421190807e-17,2
0.902999999999956,0.8046424629990633,0.7732144341626231,2.724500928190277e-17,-0.22822797561653527,0.9847959783169673,-1.3342412391676448e-16,0.17371494204796173,1.1221483494055477e-17,2
0.9034999999999559,0.8055339403133255,0.7740511945014314,2.7246574273097358e-17,-0.22853550077424992,0.9848059513546457,-1.3360595389546514e-16,0.17365839506476644,1.124821941093759e-17,4
0.9039999999999558,0.8064248830455555,0.7748897957845658,2.7248030783461768e-17,-0.22883640496569954,0.9848153870282272,-1.3403234540874071e-16,0.17360487744427588,1.1297089907361944e-17,2
0.9044999999999558,0.8073162800672969,0.7757289124874938,2.7249427582358463e-17,-0.22913722130657815,0.9848190804412279,-1.3436419586792798e-16,0.17358392436770534,1.1339872993815352e-17,2
0.9049999999999557,0.8082081463317885,0.7765685245662729,2.7250771340633276e-17,-0.22943804858750846,0.984817256978713,-1.3452320677035595e-16,0.1735942693665966,1.1370262015158556e-17,2
0.9054999999999557,0.8091004961889954,0.7774086127856131,2.7252059593426606e-17,-0.2297389816135075,0.9848101298649299,-1.345876046665085e-16,0.17363469732579032,1.1394682563739323e-17,0
0.9059999999999556,0.8099936848506395,0.7782487010049534,2.7253347846219937e-17,-0.23004236713961143,0.9848030010915293,-1.3465200322802298e-16,0.17367512499237212,1.1419103250418831e-17,0
0.9064999999999556,0.8108877123167211,0.7790887892242936,2.7254636099013267e-17,-0.23034820516582027,0.9847958706585233,-1.3471640245478442e-16,0.1737155523662739,1.1443524075192548e-17,2
0.9069999999999555,0.8117821047280496,0.7799295126241946,2.72558787621036e-17,-0.2306533650762998,0.9847948302588665,-1.3472624275365515e-16,0.1737214503030895,1.1461676297259018e-17,2
0.9074999999999555,0.8126768804297959,0.7807708466140266,2.7257025613973352e-17,-0.23095796807094185,0.9847996446908015,-1.3480001478767413e-16,0.17369415596637008,1.1483113259912185e-17,0
0.9079999999999554,0.8135724949359798,0.7816121806038586,2.7258172465843103e-17,-0.23126502356568882,0.9848044583662532,-1.3487378656869916e-16,0.17366686149622584,1.1504550187385926e-17,0
0.9084999999999553,0.8144689482466009,0.7824535145936906,2.7259319317712854e-17,-0.23157453156054067,0.9848092712852179,-1.3494755809667282e-16,0.17363956689267773,1.1525987079667915e-17,0
0.9089999999999553,0.8153662403616595,0.7832948485835226,2.7260466169582605e-17,-0.23188649205549744,0.984814083447692,-1.3502132937153774e-16,0.17361227215574673,1.1547423936745827e-17,2
0.9094999999999552,0.8162639774226232,0.7841367105177067,2.7261589701579338e-17,-0.23219830297006333,0.9848130148146729,-1.346332800923891e-16,0.1736183338580162,1.1533342140459192e-17,2
0.9099999999999552,0.8171621747800029,0.7849790798197802,2.726265270103141e-17,-0.23251006571949617,0.9848062940085474,-1.3410868518279849e-16,0.17365645188460255,1.1509740011005149e-17,4
0.9104999999999551,0.8180598148541884,0.7858233204957605,2.7263451581632267e-17,-0.2328150575243217,0.9847999053210669,-1.334187908632026e-16,0.1736926782556371,1.1472480919229097e-17,2
0.9109999999999551,0.818957825801302,0.7866681884065917,2.7264150968503016e-17,-0.23311941037545658,0.9847995301062965,-1.3240392469165537e-16,0.17369480562876935,1.1407140594086964e-17,2
0.911499999999955,0.8198562257509638,0.7875136592505766,2.7264759682115585e-17,-0.2334232440487283,0.9848049355820078,-1.3137332369811282e-16,0.17366415534967428,1.1339135008896981e-17,2
0.911999999999955,0.8207550321397992,0.7883597096549376,2.726528566428279e-17,-0.2337266737415975,0.9848158948990225,-1.3034571572089536e-16,0.17360199640048923,1.1269818631128417e-17,2
0.9124999999999549,0.8216542871656969,0.7892062830558706,2.726577295972313e-17,-0.2340299782402114,0.9848210269155498,-1.2914932548355124e-16,0.17357288078786984,1.1188523510260879e-17,2
0.9129999999999548,0.8225540060363614,0.7900533590683356,2.7266204304079266e-17,-0.23433325801636098,0.9848205616814578,-1.280423644270243e-16,0.17357552042098612,1.1115713261917467e-17,2
0.9134999999999548,0.8234542033458263,0.7909009181298836,2.726658081219031e-17,-0.23463660948753237,0.9848147167950615,-1.2691635262084983e-16,0.17360867946004616,1.1042679788350999e-17,0
0.9139999999999547,0.8243552394597287,0.7917484771914316,2.7266957320301356e-17,-0.23494241345880865,0.984808870792196,-1.2579034575739833e-16,0.17364183830228871,1.0969647198961153e-17,0
0.9144999999999547,0.8252571143780685,0.7925960362529796,2.72673338284124e-17,-0.23525066993018984,0.9848030236728679,-1.246643438379161e-16,0.17367499694767619,1.089661549400199e-17,0
0.9149999999999546,0.8261598281008455,0.7934435953145276,2.7267710336523446e-17,-0.23556137890167594,0.9847971754370838,-1.235383468636495e-16,0.173708155396171,1.0823584673727571e-17,0
0.9154999999999546,0.8270633806280601,0.7942911543760756,2.726808684463449e-17,-0.23587454037326694,0.9847913260848502,-1.2241235483584485e-16,0.17374131364773554,1.0750554738391955e-17,2
0.9159999999999545,0.827967287049691,0.7951393634311767,2.7268327673119953e-17,-0.23618695072029983,0.984791709786578,-1.2139642442163318e-16,0.17373913875585656,1.0684382033865558e-17,2
0.9164999999999545,0.828871566211534,0.7959881972181436,2.726846405851348e-17,-0.23649873445011038,0.9847980841293913,-1.2020996436174124e-16,0.17370300370194802,1.06038350887623e-17,2
0.9169999999999544,0.8297762362416621,0.7968376314373529,2.726851632384055e-17,-0.23681001132830506,0.9848102127532632,-1.1903168651754822e-16,0.17363422720440547,1.0522720123226626e-17,0
0.9174999999999544,0.8306817450762276,0.7976870656565621,2.7268568589167623e-17,-0.23712374070660466,0.9848223365739103,-1.1785339848667528e-16,0.17356544985999495,1.0441603412689587e-17,2
0.9179999999999543,0.8315876798168259,0.79853705334196,2.726854906973467e-17,-0.23743719471498176,0.9848282946342316,-1.1640848810663475e-16,0.17353164001941987,1.034020103754745e-17,2
0.9184999999999542,0.8324940566147452,0.7993875728436888,2.7268474365247067e-17,-0.23775048005913785,0.9848283317345362,-1.1493245653159855e-16,0.17353142946731162,1.0237484570276216e-17,2
0.9189999999999542,0.8334008909742601,0.8002386033791736,2.7268349899728367e-17,-0.23806369917019565,0.9848226793140288,-1.1343444875199317e-16,0.1735635051176824,1.013495655726575e-17,2
0.9194999999999541,0.8343081977770572,0.801090125000383,2.7268178361059146e-17,-0.2383769503660618,0.9848115562802946,-1.1182280476435596e-16,0.17362660688034595,1.0025170738254794e-17,4
0.9199999999999541,0.8352149498645126,0.8019435145534434,2.72678387758645e-17,-0.2386834475821893,0.9848009887451559,-1.0950288629742146e-16,0.17368653536345774,9.856138269973949e-18,4
0.920499999999954,0.8361212005910627,0.8027987005198501,2.7267317449685647e-17,-0.23898354331199,0.9847909553789789,-1.0700314660103926e-16,0.17374341485004885,9.673501931608558e-18,2
0.920999999999954,0.8370278301199486,0.8036545030921991,2.7266715033101898e-17,-0.2392830524748247,0.9847868336236402,-1.0457871843469158e-16,0.17376677565496465,9.495499906820049e-18,2
0.9214999999999539,0.8379348562711577,0.804510898383839,2.7266039159269668e-17,-0.23958209280088474,0.9847883965427682,-1.0223236677578847e-16,0.17375791790511794,9.322961643508069e-18,0
0.9219999999999539,0.8388427212268041,0.805367293675479,2.7265363285437437e-17,-0.23988358562704967,0.9847899593822242,-9.988601259092065e-17,0.17374906014121377,9.150422935215192e-18,0
0.9224999999999538,0.8397514249868879,0.8062236889671189,2.7264687411605207e-17,-0.24018753095331952,0.9847915221420085,-9.753965588027394e-17,0.17374020236325288,8.977883781978026e-18,0
0.9229999999999537,0.8406609675514092,0.8070800842587589,2.7264011537772976e-17,-0.24049392877969428,0.9847930848221207,-9.519329664403416e-17,0.17373134457123598,8.805344183833172e-18,0
0.9234999999999537,0.8415713489203678,0.8079364795503988,2.7263335663940746e-17,-0.24080277910617393,0.9847946474225607,-9.284693488238714e-17,0.1737224867651638,8.632804140817237e-18,0
0.9239999999999536,0.8424825690937638,0.8087928748420388,2.7262659790108515e-17,-0.2411140819327585,0.9847962099433284,-9.050057059551874e-17,0.17371362894503706,8.460263652966824e-18,0
0.9244999999999536,0.8433946280715972,0.8096492701336787,2.7261983916276285e-17,-0.24142783725944794,0.9847977723844238,-8.815420378361476e-17,0.17370477111085644,8.287722720318539e-18,0
0.9249999999999535,0.8443075258538679,0.8105056654253187,2.7261308042444055e-17,-0.2417440450862423,0.9847993347458466,-8.580783444686105e-17,0.17369591326262268,8.115181342908985e-18,0
0.9254999999999535,0.845221262440576,0.8113620607169586,2.7260632168611824e-17,-0.2420627054131416,0.9848008970275967,-8.346146258544345e-17,0.1736870554003365,7.942639520774769e-18,0
0.9259999999999534,0.8461358378317215,0.8122184560085985,2.7259956294779594e-17,-0.24238381824014577,0.9848024592296739,-8.111508819954776e-17,0.1736781975239986,7.770097253952494e-18,0
0.9264999999999534,0.8470512520273046,0.8130748513002385,2.7259280420947363e-17,-0.24270738356725485,0.9848040213520782,-7.876871128935985e-17,0.17366933963360973,7.597554542478767e-18,0
0.9269999999999533,0.8479675050273248,0.8139312465918784,2.7258604547115133e-17,-0.24303340139446883,0.9848055833948095,-7.642233185506555e-17,0.17366048172917056,7.425011386390192e-18,0
0.9274999999999533,0.8488845968317825,0.8147876418835184,2.7257928673282902e-17,-0.24336187172178772,0.9848071453578676,-7.407594989685066e-17,0.17365162381068186,7.252467785723374e-18,4
0.9279999999999532,0.8498010279144169,0.8156460472025044,2.725697803019732e-17,-0.24368288772298677,0.9848086081100568,-7.311322981917492e-17,0.17364332809621943,7.191383288125271e-18,4
0.9284999999999531,0.8507168560817242,0.816506385062606,2.7255890130902437e-17,-0.2439968313046221,0.9848099766185521,-7.219551752449891e-17,0.173635566496515,7.135452324023094e-18,4
0.9289999999999531,0.8516321368396148,0.8173685810613928,2.7254672418605007e-17,-0.24430406917411643,0.9848112556136642,-7.146791486859367e-17,0.17362831225533676,7.093764714739253e-18,4
0.929499999999953,0.8525469234778161,0.8182325637670986,2.7253337059121977e-17,-0.24460495339737356,0.9848124496161108,-7.080707753069147e-17,0.17362153979594142,7.056348131958951e-18,2
0.929999999999953,0.8534621960663386,0.8190970194531325,2.725199013678728e-17,-0.24490595894154688,0.9848083748179397,-7.00704435126121e-17,0.17364465119446343,7.013883585850623e-18,0
0.9304999999999529,0.8543783074592983,0.8199614751391664,2.7250643214452584e-17,-0.24520941698582507,0.9848042994773945,-6.93338118893211e-17,0.17366776249735227,6.971419464940857e-18,0
0.9309999999999529,0.8552952576566957,0.8208259308252003,2.7249296292117887e-17,-0.2455153275302082,0.9848002235944774,-6.85971826612141e-17,0.1736908737045952,6.928955769310144e-18,0
0.9314999999999528,0.8562130466585302,0.8216903865112342,2.724794936978319e-17,-0.24582369057469622,0.9847961471691907,-6.786055582868674e-17,0.1737139848161795,6.886492499038978e-18,0
0.9319999999999528,0.8571316744648021,0.822554842197268,2.7246602447448494e-17,-0.24613450611928914,0.9847920702015367,-6.712393139213462e-17,0.17373709583209243,6.8440296542078496e-18,0
0.9324999999999527,0.8580511410755115,0.8234192978833019,2.7245255525113797e-17,-0.24644777416398697,0.9847879926915175,-6.638730935195335e-17,0.17376020675232126,6.8015672348972505e-18,0
0.9329999999999526,0.8589714464906583,0.8242837535693358,2.72439086027791e-17,-0.2467634947087897,0.9847839146391367,-6.565068970853863e-17,0.17378331757685347,6.759105241187679e-18,0
0.9334999999999526,0.8598925907102424,0.8251482092553697,2.7242561680444404e-17,-0.24708166775369733,0.9847798360443942,-6.49140724622859e-17,0.17380642830567594,6.7166436731596114e-18,0
0.9339999999999525,0.860814573734264,0.8260126649414036,2.7241214758109707e-17,-0.24740229329870989,0.9847757569072934,-6.417745761359087e-17,0.17382953893877612,6.674182530893544e-18,2
0.9344999999999525,0.8617369052177699,0.8268777779061997,2.723977901133088e-17,-0.24772213181253896,0.9847779833118002,-6.40020823900925e-17,0.17381692548294525,6.675856802078531e-18,2
0.9349999999999524,0.8626596043227959,0.8277435224641688,2.7238296160488115e-17,-0.2480413098918043,0.9847862676640473,-6.373494989681344e-17,0.1737699830819908,6.669773653714593e-18,2
0.9354999999999524,0.8635826894813462,0.828609873908286,2.7236775280598938e-17,-0.2483599493100751,0.9848003685666585,-6.324838031718336e-17,0.17369005173288818,6.644495381014756e-18,0
0.9359999999999523,0.8645066134443338,0.8294762253524032,2.723525440070976e-17,-0.24868104122845078,0.9848144629815468,-6.27618050963058e-17,0.1736101192395405,6.619216143079128e-18,0
0.9364999999999523,0.8654313762117589,0.8303425767965203,2.7233733520820583e-17,-0.24900458564693137,0.9848285509086192,-6.227522423731149e-17,0.17353018560247435,6.593935940498303e-18,2
0.9369999999999522,0.8663565468524851,0.8312095058786495,2.723220856774689e-17,-0.24932773555977011,0.9848362041738712,-6.202203676893432e-17,0.17348674574272538,6.58805693406133e-18,2
0.9374999999999521,0.867282142315577,0.83207698987956,2.7230653833337195e-17,-0.2496506029432893,0.9848376806964783,-6.172335218820133e-17,0.17347836372407222,6.5791574730666335e-18,2
0.9379999999999521,0.8682081788728433,0.8329450069878429,2.7229071308616915e-17,-0.24997329529942877,0.9848332242053632,-6.140160686565079e-17,0.17350366134830897,6.568954917767257e-18,2
0.938499999999952,0.869134672145769,0.8338135362638099,2.722746148288295e-17,-0.25029591583367583,0.984823065152851,-6.119909077974506e-17,0.1735613158020621,6.569243563137894e-18,4
0.938999999999952,0.8700605659870682,0.8346839934111955,2.7225743779185357e-17,-0.25061148696390545,0.9848134043184031,-6.156391478806927e-17,0.17361612446658614,6.6142738867380806e-18,4
0.9394999999999519,0.8709859158197625,0.8355563041386764,2.7223926145545316e-17,-0.2509203748499253,0.9848042228093268,-6.186739367513266e-17,0.17366819725245522,6.652912974724464e-18,4
0.9399999999999519,0.8719107748460041,0.8364303971318763,2.722201479181999e-17,-0.2512229309790611,0.984795502331431,-6.198211175127789e-17,0.17371764040472196,6.674671899547987e-18,2
0.9404999999999518,0.8728360198506077,0.837305097111975,2.7220074827225802e-17,-0.25152494795063135,0.9847926010735913,-6.160423215952656e-17,0.17373408666899529,6.654694173488763e-18,0
0.9409999999999518,0.8737621036596487,0.8381797970920737,2.7218134862631615e-17,-0.25182941742230647,0.9847896995410962,-6.122635347834185e-17,0.17375053288481473,6.634716609243989e-18,0
0.9414999999999517,0.874689026273127,0.8390544970721724,2.721619489803743e-17,-0.25213633939408653,0.9847867977339463,-6.08484757078264e-17,0.1737669790521757,6.614739206834732e-18,0
0.9419999999999517,0.8756167876910427,0.8399291970522711,2.7214254933443242e-17,-0.2524457138659715,0.9847838956521423,-6.047059884808285e-17,0.17378342517107356,6.5947619662820556e-18,0
0.9424999999999516,0.8765453879133958,0.8408038970323698,2.7212314968849055e-17,-0.2527575408379613,0.9847809932956851,-6.009272289921388e-17,0.17379987124150378,6.574784887607025e-18,0
0.9429999999999515,0.8774748269401863,0.8416785970124685,2.721037500425487e-17,-0.25307182031005604,0.9847780906645757,-5.971484786132214e-17,0.17381631726346175,6.554807970830706e-18,0
0.9434999999999515,0.8784051047714142,0.8425532969925672,2.7208435039660682e-17,-0.2533885522822557,0.9847751877588146,-5.933697373451027e-17,0.17383276323694288,6.534831215974163e-18,0
0.9439999999999514,0.8793362214070795,0.8434279969726659,2.7206495075066496e-17,-0.25370773675456026,0.9847722845784027,-5.895910051888093e-17,0.1738492091619426,6.514854623058461e-18,0
0.9444999999999514,0.8802681768471821,0.8443026969527646,2.720455511047231e-17,-0.2540293737269697,0.984769381123341,-5.858122821453677e-17,0.17386565503845633,6.494878192104664e-18,0
0.9449999999999513,0.8812009710917221,0.8451773969328633,2.7202615145878122e-17,-0.2543534631994841,0.9847664773936301,-5.820335682158045e-17,0.17388210086647946,6.474901923133837e-18,0
0.9454999999999513,0.8821346041406996,0.846052096912962,2.7200675181283936e-17,-0.2546800051721034,0.9847635733892709,-5.782548634011462e-17,0.1738985466460074,6.4549258161670446e-18,2
0.9459999999999512,0.8830685791846893,0.8469274628370703,2.7198706883905644e-17,-0.25500571740511546,0.9847670599778785,-5.735508870619165e-17,0.17387880141789844,6.426565551324872e-18,2
0.9464999999999512,0.8840029157090024,0.847803468586267,2.7196699202654624e-17,-0.25533072863090484,0.9847766846190242,-5.688244769463973e-17,0.1738242832022108,6.396653027345047e-18,2
0.9469999999999511,0.8849376324569466,0.8486800890362429,2.7194657526530286e-17,-0.2556551626797091,0.9847922010769056,-5.644373511018939e-17,0.17373635399104898,6.369620333456958e-18,0
0.947499999999951,0.885873188009328,0.8495567094862189,2.719261585040595e-17,-0.2559820492286183,0.9848077096837216,-5.600501737640696e-17,0.17364842339480765,6.342586759733078e-18,0
0.947999999999951,0.886809582366147,0.8504333299361948,2.719057417428161e-17,-0.2563113882776324,0.9848232104393485,-5.556629449671607e-17,0.17356049141418786,6.315552306808524e-18,2
0.9484999999999509,0.8877463737774708,0.8513105425261472,2.7188532246972175e-17,-0.2566402613451401,0.984832112736812,-5.506360281756352e-17,0.17350997009493915,6.284380162384727e-18,2
0.9489999999999509,0.8886835796702401,0.8521883238962802,2.7186465069544908e-17,-0.2569687835646197,0.9848346826357899,-5.4539494726662765e-17,0.17349538287131092,6.252584242566139e-18,2
0.9494999999999508,0.8896212167740888,0.8530666516214971,2.7184371074450136e-17,-0.25729706546269415,0.9848311714589656,-5.4150333180727314e-17,0.17351531264635248,6.231933478109453e-18,2
0.9499999999999508,0.8905593011502863,0.8539455041726041,2.718225507406442e-17,-0.25762521315034825,0.9848218167653404,-5.3654982587688444e-17,0.17356839926384693,6.202962615088166e-18,4
0.9504999999999507,0.8914967603711098,0.8548263190763102,2.7180065553502448e-17,-0.25794614148651346,0.9848129193763888,-5.3721243525478685e-17,0.17361887521048594,6.217209684489325e-18,4
0.9509999999999507,0.8924336510461278,0.8557090204507959,2.7177790862268393e-17,-0.2582602244700821,0.9848044620265854,-5.349947987998489e-17,0.17366684073975544,6.207390962073681e-18,4
0.9514999999999506,0.8933700275219043,0.8565935354476671,2.7175434199938238e-17,-0.2585678211490937,0.9847964280044517,-5.359891153008486e-17,0.17371239273486774,6.22292968439595e-18,2
0.9519999999999506,0.8943067843760489,0.8574786649379017,2.7173057817822112e-17,-0.25887484167341207,0.9847942853229105,-5.3834792884263506e-17,0.1737245394161062,6.248646467452371e-18,2
0.9524999999999505,0.8952439395110139,0.8583643849243086,2.7170646592991203e-17,-0.2591814043180456,0.9847978049644118,-5.379875591670056e-17,0.17370458640253683,6.251481303930935e-18,0
0.9529999999999504,0.8961819334504162,0.8592501049107154,2.7168235368160293e-17,-0.259490419462784,0.9848013242016432,-5.376271873655506e-17,0.17368463331765988,6.254316104242083e-18,0
0.9534999999999504,0.897120766194256,0.8601358248971223,2.7165824143329384e-17,-0.2598018871076273,0.9848048430346033,-5.3726681343841124e-17,0.17366468016148354,6.2571508683885105e-18,0
0.9539999999999503,0.8980604377425331,0.8610215448835291,2.7163412918498475e-17,-0.26011580725257555,0.9848083614632903,-5.3690643738572855e-17,0.173644726934016,6.259985596372914e-18,0
0.9544999999999503,0.8990009480952477,0.861907264869936,2.7161001693667565e-17,-0.2604321798976287,0.9848118794877032,-5.365460592076437e-17,0.17362477363526546,6.262820288197989e-18,0
0.9549999999999502,0.8999422972523995,0.8627929848563428,2.7158590468836656e-17,-0.2607510050427867,0.9848153971078403,-5.361856789042978e-17,0.1736048202652401,6.265654943866432e-18,0
0.9554999999999502,0.9008844852139888,0.8636787048427497,2.7156179244005747e-17,-0.26107228268804966,0.9848189143237002,-5.3582529647583195e-17,0.17358486682394814,6.268489563380939e-18,0
0.9559999999999501,0.9018275119800154,0.8645644248291565,2.7153768019174837e-17,-0.2613960128334175,0.9848224311352815,-5.3546491192238735e-17,0.17356491331139773,6.2713241467442065e-18,0
0.9564999999999501,0.9027713775504795,0.8654501448155634,2.7151356794343928e-17,-0.26172219547889025,0.9848259475425827,-5.3510452524410516e-17,0.1735449597275971,6.27415869395893e-18,0
0.95699999999995,0.903716081925381,0.8663358648019702,2.7148945569513018e-17,-0.2620508306244679,0.9848294635456023,-5.3474413644112646e-17,0.1735250060725544,6.276993205027805e-18,0
0.95749999999995,0.9046616251047197,0.8672215847883771,2.714653434468211e-17,-0.26238191827015045,0.9848329791443391,-5.3438374551359244e-17,0.17350505234627783,6.279827679953529e-18,0
0.9579999999999499,0.905608007088496,0.8681073047747839,2.71441231198512e-17,-0.2627154584159379,0.9848364943387914,-5.340233524616442e-17,0.1734850985487756,6.282662118738798e-18,0
0.9584999999999498,0.9065552278767095,0.8689930247611908,2.714171189502029e-17,-0.26305145106183025,0.9848400091289579,-5.336629572854229e-17,0.17346514468005592,6.2854965213863076e-18,2
0.9589999999999498,0.9075028662017012,0.8698793094322834,2.7139307408923923e-17,-0.26338711304516815,0.9848372399315176,-5.36554113878702e-17,0.1734808659307096,6.31492207747485e-18,2
0.9594999999999497,0.9084509387070391,0.870766136478331,2.7136882992419496e-17,-0.2637225543239715,0.9848284333652597,-5.402075446184395e-17,0.1735308526900236,6.351198770255687e-18,2
0.9599999999999497,0.9093994613693648,0.871653484483579,2.7134436972485233e-17,-0.26405788045011674,0.9848138225425669,-5.421681382961364e-17,0.1736137521312644,6.37402523647e-18,4
0.9604999999999496,0.9103473193206344,0.872542847863507,2.7131965719257948e-17,-0.26438572589472636,0.9847999431830984,-5.397532571600573e-17,0.17369246358597337,6.3628307058692526e-18,4
0.9609999999999496,0.9112945708223091,0.8734341485220296,2.712940589710788e-17,-0.264706475570148,0.9847867672192427,-5.379100037512639e-17,0.17376715198757067,6.3560591304248244e-18,2
0.9614999999999495,0.9122421588582396,0.8743261224443868,2.7126775126506968e-17,-0.26502635942872466,0.9847800453480073,-5.376482950078013e-17,0.17380524239612294,6.3616998059347244e-18,2
0.9619999999999495,0.9131901031276334,0.8752187432249415,2.7124106262724078e-17,-0.2653455076159778,0.9847795281644678,-5.3714085055619174e-17,0.17380817273122318,6.3649779363646904e-18,2
0.9624999999999494,0.91413842258419,0.8761119854573675,2.7121403368621427e-17,-0.2656640453521246,0.9847849722469496,-5.3295307897026765e-17,0.17377732428764486,6.336701381961245e-18,2
0.9629999999999493,0.915087135458232,0.8770058247049817,2.711866182101203e-17,-0.2659820930782976,0.984796140315724,-5.301622421332703e-17,0.17371402366893568,6.319338768039085e-18,2
0.9634999999999493,0.9160362592758302,0.8779002374751104,2.7115875624049947e-17,-0.26629976658289034,0.9848128013880844,-5.273600857360193e-17,0.173619544470524,6.300805737179194e-18,0
0.9639999999999492,0.9169862218978657,0.8787946502452391,2.7113089427087863e-17,-0.266619892587588,0.984829453396316,-5.245578957873612e-17,0.1735250636741336,6.282272142396599e-18,2
0.9644999999999492,0.9179366048243082,0.879689623990209,2.7110280491753446e-17,-0.2669397062144507,0.9848398542718385,-5.186097202090529e-17,0.17346602387159976,6.238877120426817e-18,2
0.9649999999999491,0.9188874245959198,0.8805851365380944,2.710745049413486e-17,-0.2672593167422971,0.984844257351552,-5.136049666322816e-17,0.17344102387171417,6.203603691101345e-18,2
0.9654999999999491,0.9198386970879948,0.881481166608991,2.7104601084014233e-17,-0.2675788290534396,0.9848429020960835,-5.0858659972355365e-17,0.17344871919666252,6.16846137523597e-18,0
0.965999999999949,0.9207908083845073,0.8823771966798876,2.7101751673893604e-17,-0.267900793864687,0.9848415467804856,-5.0356823766257633e-17,0.173456414511021,6.133319144918549e-18,0
0.966499999999949,0.9217437584854571,0.8832732267507841,2.7098902263772976e-17,-0.2682252111760393,0.9848401914047585,-4.985498804496494e-17,0.17346410981478916,6.09817700015504e-18,0
0.9669999999999489,0.9226975473908443,0.8841692568216807,2.7096052853652348e-17,-0.26855208098749656,0.9848388359689022,-4.935315280850726e-17,0.1734718051079665,6.063034940951401e-18,0
0.9674999999999488,0.9236521751006689,0.8850652868925772,2.709320344353172e-17,-0.2688814032990587,0.9848374804729169,-4.885131805691454e-17,0.17347950039055257,6.02789296731359e-18,0
0.9679999999999488,0.9246076416149308,0.8859613169634738,2.709035403341109e-17,-0.2692131781107257,0.9848361249168025,-4.8349483790216763e-17,0.1734871956625469,5.992751079247564e-18,0
0.9684999999999487,0.9255639469336302,0.8868573470343704,2.7087504623290463e-17,-0.2695474054224976,0.9848347693005592,-4.78476500084439e-17,0.17349489092394899,5.9576092767592815e-18,0
0.9689999999999487,0.9265210910567669,0.8877533771052669,2.7084655213169834e-17,-0.26988408523437446,0.9848334136241872,-4.734581671162591e-17,0.17350258617475842,5.9224675598547006e-18,2
0.9694999999999486,0.9274786680388543,0.8886499513223722,2.708176968352139e-17,-0.27022053561173415,0.9848260004340957,-4.657340555093752e-17,0.1735446595807006,5.866199801424813e-18,2
0.9699999999999486,0.9284366939416383,0.8895470481558536,2.7078864312588612e-17,-0.2705568626687102,0.9848127649653194,-4.598415848284907e-17,0.1736197510692871,5.825620617839173e-18,2
0.9704999999999485,0.9293951841797266,0.890444646943331,2.7075939925654708e-17,-0.27089316824402154,0.9847939296489464,-4.539404373595352e-17,0.17372655561711023,5.785247633723157e-18,2
0.9709999999999485,0.9303539604991684,0.8913429866238105,2.7072944121749366e-17,-0.2712282746784604,0.9847821913047299,-4.4486395511955695e-17,0.17379308297240556,5.717044707192218e-18,2
0.9714999999999484,0.9313130446396326,0.8922420380565365,2.706991239023857e-17,-0.2715623255981335,0.9847772779593512,-4.3839069492295816e-17,0.17382092168369664,5.669508102072805e-18,2
0.9719999999999483,0.9322724575231771,0.8931417731967123,2.7066848043240495e-17,-0.2718954592274913,0.9847789236439178,-4.3162909135862e-17,0.17381159784872238,5.618486712445753e-18,2
0.9724999999999483,0.9332322192874343,0.8940421650510187,2.7063756533117576e-17,-0.2722278086085667,0.9847868685132254,-4.244294840246737e-17,0.17376657792543024,5.563490717205574e-18,4
0.9729999999999482,0.9341913559893084,0.894944519133275,2.7060569824470672e-17,-0.2725529392525124,0.9847943936254033,-4.230137231951225e-17,0.1737239254794038,5.556695913836629e-18,4
0.9734999999999482,0.9351499246899714,0.895848758956314,2.7057316509431458e-17,-0.27287122814179815,0.9848015169006762,-4.2090763627759724e-17,0.17368354070010947,5.544153800927795e-18,4
0.9739999999999481,0.9361079801572821,0.8967548111070204,2.7054001425348077e-17,-0.27318303710780767,0.9848082555460751,-4.172287896378172e-17,0.17364532763162854,5.519286066510743e-18,2
0.9744999999999481,0.9370665028243222,0.8976613613721278,2.705070642647164e-17,-0.2734948435163724,0.9848094440813004,-4.14482541796035e-17,0.17363858686443817,5.5022137931607585e-18,0
0.974999999999948,0.9380258642957998,0.8985679116372353,2.7047411427595206e-17,-0.273809102425042,0.9848106325703869,-4.117362914607075e-17,0.17363184608911272,5.48514147592995e-18,0
0.975499999999948,0.9389860645717147,0.8994744619023427,2.704411642871877e-17,-0.27412581383381646,0.9848118210133345,-4.089900386319604e-17,0.17362510530565253,5.468069114820812e-18,0
0.9759999999999479,0.939947103652067,0.9003810121674501,2.7040821429842335e-17,-0.2744449777426959,0.9848130094101432,-4.062437833099193e-17,0.1736183645140579,5.450996709835836e-18,0
0.9764999999999479,0.9409089815368566,0.9012875624325576,2.70375264309659e-17,-0.2747665941516802,0.9848141977608127,-4.0349752549470996e-17,0.17361162371432917,5.4339242609775165e-18,0
0.9769999999999478,0.9418716982260836,0.902194112697665,2.7034231432089464e-17,-0.2750906630607694,0.9848153860653431,-4.007512651864581e-17,0.17360488290646664,5.4168517682483466e-18,0
0.9774999999999477,0.9428352537197481,0.9031006629627725,2.7030936433213028e-17,-0.2754171844699635,0.9848165743237345,-3.980050023852893e-17,0.17359814209047061,5.39977923165082e-18,0
0.9779999999999477,0.94379964801785,0.9040072132278799,2.7027641434336593e-17,-0.27574615837926253,0.9848177625359866,-3.9525873709132933e-17,0.17359140126634143,5.382706651187429e-18,0
0.9784999999999476,0.9447648811203891,0.9049137634929874,2.7024346435460157e-17,-0.27607758478866645,0.9848189507020995,-3.925124693047038e-17,0.17358466043407939,5.365634026860667e-18,0
0.9789999999999476,0.9457309530273658,0.9058203137580948,2.702105143658372e-17,-0.27641146369817526,0.984820138822073,-3.897661990255385e-17,0.1735779195936848,5.3485613586730294e-18,0
0.9794999999999475,0.9466978637387797,0.9067268640232022,2.7017756437707286e-17,-0.276747795107789,0.9848213268959072,-3.870199262539589e-17,0.17357117874515798,5.331488646627008e-18,0
0.9799999999999475,0.9476656132546312,0.9076334142883097,2.701446143883085e-17,-0.27708657901750766,0.984822514923602,-3.8427365099009084e-17,0.17356443788849926,5.314415890725095e-18,0
0.9804999999999474,0.94863420157492,0.9085399645534171,2.7011166439954415e-17,-0.2774278154273312,0.9848237029051572,-3.8152737323406e-17,0.17355769702370896,5.297343090969786e-18,0
0.9809999999999474,0.9496036286996461,0.9094465148185246,2.700787144107798e-17,-0.27777150433725967,0.9848248908405729,-3.7878109298599204e-17,0.1735509561507874,5.280270247363573e-18,0
0.9814999999999473,0.9505738946288096,0.910353065083632,2.7004576442201544e-17,-0.27811764574729303,0.9848260787298491,-3.760348102460126e-17,0.17354421526973485,5.263197359908949e-18,2
0.9819999999999472,0.9515445721191446,0.9112601880433768,2.700130294012811e-17,-0.2784634170161057,0.9848208901051031,-3.7181600982696377e-17,0.17357365702373045,5.235079881422111e-18,2
0.9824999999999472,0.9525156781408763,0.9121678609501632,2.699801432422191e-17,-0.27880893025982373,0.984809575035316,-3.6674195940746664e-17,0.17363784414337655,5.20059689081388e-18,4
0.9829999999999471,0.9534860738373617,0.9130776103747869,2.6994650011504193e-17,-0.27914666146559164,0.9847988246559024,-3.7232295772871135e-17,0.17369880528187986,5.2550183618419444e-18,4
0.9834999999999471,0.9544558196145903,0.9139893553465475,2.699122283142815e-17,-0.2794770097138785,0.9847886174571115,-3.7559538826559996e-17,0.17375666584885277,5.2905805446776856e-18,2
0.983999999999947,0.955425896078884,0.9149017814199599,2.6987772097714276e-17,-0.2798064535150529,0.9847849409169763,-3.79905049390022e-17,0.17377750183250543,5.333946202578881e-18,2
0.984499999999947,0.9563963232920587,0.9158148617033324,2.698429066370949e-17,-0.2801351254102562,0.9847875392762903,-3.8365179880278235e-17,0.17376277646880575,5.37309768295624e-18,2
0.9849999999999469,0.957367120557008,0.9167285703222635,2.6980780900795905e-17,-0.28046315292670676,0.9847961629377598,-3.871856080430521e-17,0.17371389542309035,5.410004940846332e-18,2
0.9854999999999469,0.9583383064392944,0.9176428823907015,2.697724911901655e-17,-0.280790658720344,0.984810568640286,-3.886295461206399e-17,0.17363220868950394,5.4297667310594996e-18,4
0.9859999999999468,0.9593089268051459,0.9185590768692248,2.6973682050897928e-17,-0.2811113391753366,0.9848241999195197,-4.0857454363089065e-17,0.17355487677641562,5.600385568280564e-18,2
0.9864999999999468,0.9602799827295605,0.9194758118752839,2.6970055712106563e-17,-0.2814318080311731,0.984831808901037,-4.2760033650263537e-17,0.1735116946396124,5.7644552203830365e-18,2
0.9869999999999467,0.961251490217008,0.920393065955822,2.6966412863008212e-17,-0.28175217102358274,0.9848336390162746,-4.4461834635828546e-17,0.17350130680188236,5.913138797027417e-18,0
0.9874999999999466,0.962223836508893,0.9213103200363602,2.696277001390986e-17,-0.28207498651609725,0.9848354690219431,-4.6163637477643207e-17,0.17349091894484917,6.061822700906859e-18,0
0.9879999999999466,0.9631970216052154,0.9222275741168983,2.6959127164811508e-17,-0.28240025450871664,0.9848372989180422,-4.786544217552165e-17,0.173480531068514,6.210506931985189e-18,0
0.9884999999999465,0.9641710455059751,0.9231448281974364,2.6955484315713156e-17,-0.282727975001441,0.9848391287045717,-4.956724872927799e-17,0.17347014317287798,6.359191490226233e-18,0
0.9889999999999465,0.9651459082111723,0.9240620822779745,2.6951841466614805e-17,-0.2830581479942702,0.9848409583815314,-5.126905713872634e-17,0.17345975525794227,6.507876375593818e-18,0
0.9894999999999464,0.9661216097208069,0.9249793363585126,2.6948198617516453e-17,-0.2833907734872043,0.9848427879489213,-5.2970867403680834e-17,0.17344936732370805,6.656561588051769e-18,0
0.9899999999999464,0.9670981500348786,0.9258965904390507,2.69445557684181e-17,-0.2837258514802433,0.984844617406741,-5.467267952395558e-17,0.17343897937017647,6.805247127563913e-18,0
0.9904999999999463,0.968075529153388,0.9268138445195888,2.694091291931975e-17,-0.28406338197338726,0.9848464467549903,-5.637449349936471e-17,0.17342859139734867,6.953932994094076e-18,0
0.9909999999999463,0.9690537470763346,0.9277310986001269,2.6937270070221398e-17,-0.2844033649666361,0.9848482759936691,-5.807630932972234e-17,0.17341820340522582,7.102619187606083e-18,0
0.9914999999999462,0.9700328038037187,0.928648352680665,2.6933627221123046e-17,-0.2847458004599898,0.984850105122777,-5.977812701484258e-17,0.17340781539380906,7.25130570806376e-18,2
0.9919999999999461,0.9710122823742484,0.9295661656734547,2.693000878246378e-17,-0.28508793374139824,0.984845716722826,-6.138298501024079e-17,0.17343273696941353,7.392591985896883e-18,2
0.9924999999999461,0.9719921993753401,0.9304845153440336,2.6926364130529438e-17,-0.28542987439790546,0.9848353554746833,-6.289447914821512e-17,0.173491563503972,7.526793111913214e-18,2
0.992999999999946,0.9729725707267523,0.9314033803528954,2.6922695659006962e-17,-0.2857717276055836,0.9848192526782693,-6.438748164363969e-17,0.17358294718725606,7.660318361890928e-18,0
0.993499999999946,0.9739537808826019,0.9323222453617571,2.6919027187484486e-17,-0.28611603331336666,0.9848031414022882,-6.588047024412654e-17,0.17367432937594274,7.793841194524486e-18,0
0.9939999999999459,0.9749358298428887,0.9332411103706189,2.691535871596201e-17,-0.2864627915212546,0.9847870216468786,-6.737344493703889e-17,0.17376571006924524,7.927361607426341e-18,2
0.9944999999999459,0.9759181567765945,0.9341607271406955,2.6911700102773062e-17,-0.28680829702208505,0.9847781068206545,-6.926984586706714e-17,0.17381622572914826,8.092912044120791e-18,2
0.9949999999999458,0.97690078387817,0.9350810659216229,2.6907991623604584e-17,-0.28715269644654456,0.9847761173784034,-7.077032912163082e-17,0.17382749679241075,8.224553687273758e-18,2
0.9954999999999458,0.9778837325080401,0.9360020980809991,2.690424227333354e-17,-0.2874961309152151,0.9847807799556086,-7.219888747323365e-17,0.1738010800599974,8.34992491894819e-18,2
0.9959999999999457,0.9788670232258451,0.9369237960598275,2.6900448269448446e-17,-0.28783873625818496,0.9847918275013124,-7.339917857550759e-17,0.1737384715214907,8.456281392760457e-18,4
0.9964999999999457,0.9798496444585425,0.9378475158126724,2.6896690726033584e-17,-0.2881738293791938,0.9848022884849809,-7.485148060031275e-17,0.17367916568990954,8.58164969553264e-18,4
0.9969999999999456,0.980831655377329,0.9387731780240026,2.6892809241339624e-17,-0.2885018012008775,0.9848121878594837,-7.592814861215635e-17,0.17362302451983627,8.673232586423006e-18,4
0.9974999999999455,0.9818131127759148,0.9397007065651668,2.688880157707984e-17,-0.28882302693868706,0.9848215496186729,-7.683472010096821e-17,0.1735699150390828,8.750073927182743e-18,2
0.9979999999999455,0.9827950198214429,0.9406287567492173,2.688479779661588e-17,-0.2891441341541539,0.9848251011797704,-7.769508127769666e-17,0.17354976256467128,8.823273826832963e-18,2
0.9984999999999454,0.9837773919942148,0.9415573078257149,2.688076433868794e-17,-0.2894652251200147,0.984823075643427,-7.849541399245215e-17,0.17356125627633542,8.892090729507763e-18,0
0.9989999999999454,0.9847606029714241,0.9424858589022125,2.687673088076e-17,-0.28978876858598046,0.9848210499729425,-7.929574572809267e-17,0.1735727499643591,8.960907460300373e-18,0
0.9994999999999453,0.9857446527530708,0.9434144099787101,2.6872697422832062e-17,-0.2901147645520511,0.9848190241683173,-8.009607648451122e-17,0.17358424362874073,9.029724019190118e-18,0
0.9999999999999453,0.9867295413391548,0.9443429610552077,2.6868663964904122e-17,-0.2904432130182266,0.9848169982295517,-8.089640626160077e-17,0.17359573726947877,9.098540406156322e-18,0
